# vtk DataFile Version 3.0
file is written by INMOST
ASCII
DATASET UNSTRUCTURED_GRID
POINTS 4243 double
8.82353 39.4048 0 
10.2941 38.9286 0 
11.4706 38.2143 0 
11.8627 39.4048 0 
13.8235 39.7619 0 
15.3922 40.4762 0 
16.8627 41.3095 0 
17.549 42.381 0 
19.6078 41.1905 0 
20 43.2143 0 
19.3137 45.119 0 
21.2745 45.2381 0 
22.451 45.2381 0 
23.3333 46.7857 0 
22.9412 47.381 0 
24.6078 48.0952 0 
26.2745 46.6667 0 
26.8627 45 0 
28.6275 45 0 
29.2157 41.6667 0 
28.5294 40.4762 0 
30 37.619 0 
30 34.7619 0 
30.9804 31.0714 0 
32.451 30.2381 0 
34.8039 30.4762 0 
35.2941 28.8095 0 
37.0588 28.5714 0 
36.9608 27.2619 0 
39.4118 27.8571 0 
41.5686 28.2143 0 
42.7451 23.3333 0 
43.7255 19.6429 0 
41.9608 17.5 0 
40.2941 16.1905 0 
40.3922 14.6429 0 
39.2157 13.8095 0 
37.2549 11.3095 0 
36.5686 8.92857 0 
35.7843 7.14286 0 
33.3333 7.02381 0 
32.6471 6.66667 0 
32.549 4.28571 0 
33.7255 3.69048 0 
31.9608 1.54762 0 
31.3725 0.833333 0 
30.3922 0.952381 0 
30.3922 3.09524 0 
29.4118 5.59524 0 
30.5882 6.66667 0 
30 7.85714 0 
28.2353 8.09524 0 
26.6667 9.16667 0 
25.4902 10.9524 0 
24.1176 10.7143 0 
23.5294 8.80952 0 
21.9608 11.0714 0 
20 11.3095 0 
18.7255 14.881 0 
17.9412 18.5714 0 
15.098 19.2857 0 
13.6275 19.5238 0 
12.451 17.2619 0 
10.9804 17.2619 0 
8.92157 18.9286 0 
6.96078 19.6429 0 
4.90196 18.0952 0 
4.11765 20.9524 0 
5 25.119 0 
5.39216 28.8095 0 
3.82353 31.4286 0 
5.39216 34.1667 0 
5.68627 36.1905 0 
6.76471 36.9048 0 
6.37255 39.1667 0 
7.15686 39.0476 0 
6.47059 40.119 0 
8.82353 39.4048 0 
32.549 14.881 0 
9.55882 39.1667 0 
10.8824 38.5714 0 
11.6667 38.8095 0 
12.8431 39.5833 0 
14.6078 40.119 0 
16.1275 40.8929 0 
17.2059 41.8452 0 
18.0637 42.0833 0 
18.5784 41.7857 0 
19.0931 41.4881 0 
19.7059 41.6964 0 
19.8039 42.2024 0 
19.902 42.7083 0 
19.8284 43.6905 0 
19.6569 44.1667 0 
19.4853 44.6429 0 
20.2941 45.1786 0 
21.8627 45.2381 0 
22.8922 46.0119 0 
23.1373 47.0833 0 
23.7745 47.7381 0 
25.0245 47.7381 0 
25.4412 47.381 0 
25.8578 47.0238 0 
26.5686 45.8333 0 
27.7451 45 0 
28.7745 44.1667 0 
28.9216 43.3333 0 
29.0686 42.5 0 
28.8725 41.0714 0 
28.8971 39.7619 0 
29.2647 39.0476 0 
29.6324 38.3333 0 
30 36.9048 0 
30 36.1905 0 
30 35.4762 0 
30.2451 33.8393 0 
30.4902 32.9167 0 
30.7353 31.994 0 
31.7157 30.6548 0 
33.0392 30.2976 0 
33.6275 30.3571 0 
34.2157 30.4167 0 
35.049 29.6429 0 
36.1765 28.6905 0 
37.0098 27.9167 0 
37.5735 27.4107 0 
38.1863 27.5595 0 
38.799 27.7083 0 
39.951 27.9464 0 
40.4902 28.0357 0 
41.0294 28.125 0 
41.7647 27.4008 0 
41.9608 26.5873 0 
42.1569 25.7738 0 
42.3529 24.9603 0 
42.549 24.1468 0 
42.9902 22.4107 0 
43.2353 21.4881 0 
43.4804 20.5655 0 
43.2843 19.1071 0 
42.8431 18.5714 0 
42.402 18.0357 0 
41.5441 17.1726 0 
41.1275 16.8452 0 
40.7108 16.5179 0 
40.3431 15.4167 0 
39.8039 14.2262 0 
38.7255 13.1845 0 
38.2353 12.5595 0 
37.7451 11.9345 0 
37.0833 10.7143 0 
36.9118 10.119 0 
36.7402 9.52381 0 
36.1765 8.03571 0 
35.1716 7.1131 0 
34.5588 7.08333 0 
33.9461 7.05357 0 
32.9902 6.84524 0 
32.6225 6.07143 0 
32.598 5.47619 0 
32.5735 4.88095 0 
33.1373 3.9881 0 
33.2843 3.15476 0 
32.8431 2.61905 0 
32.402 2.08333 0 
31.6667 1.19048 0 
30.8824 0.892857 0 
30.3922 1.4881 0 
30.3922 2.02381 0 
30.3922 2.55952 0 
30.1471 3.72024 0 
29.902 4.34524 0 
29.6569 4.97024 0 
30 6.13095 0 
30.2941 7.2619 0 
29.1176 7.97619 0 
27.451 8.63095 0 
26.3725 9.6131 0 
26.0784 10.0595 0 
25.7843 10.506 0 
24.8039 10.8333 0 
23.8235 9.7619 0 
23.1373 9.375 0 
22.7451 9.94048 0 
22.3529 10.506 0 
20.9804 11.1905 0 
19.6814 12.2024 0 
19.3627 13.0952 0 
19.0441 13.9881 0 
18.5294 15.8036 0 
18.3333 16.7262 0 
18.1373 17.6488 0 
17.2304 18.75 0 
16.5196 18.9286 0 
15.8088 19.1071 0 
14.3627 19.4048 0 
13.3333 18.9583 0 
13.0392 18.3929 0 
12.7451 17.8274 0 
11.7157 17.2619 0 
10.4657 17.6786 0 
9.95098 18.0952 0 
9.43627 18.5119 0 
8.43137 19.1071 0 
7.94118 19.2857 0 
7.45098 19.4643 0 
6.44608 19.256 0 
5.93137 18.869 0 
5.41667 18.4821 0 
4.70588 18.8095 0 
4.5098 19.5238 0 
4.31373 20.2381 0 
4.26471 21.6468 0 
4.41176 22.3413 0 
4.55882 23.0357 0 
4.70588 23.7302 0 
4.85294 24.4246 0 
5.09804 26.0417 0 
5.19608 26.9643 0 
5.29412 27.8869 0 
5 29.4643 0 
4.60784 30.119 0 
4.21569 30.7738 0 
4.21569 32.1131 0 
4.60784 32.7976 0 
5 33.4821 0 
5.46569 34.6726 0 
5.53922 35.1786 0 
5.61275 35.6845 0 
6.22549 36.5476 0 
6.66667 37.4702 0 
6.56863 38.0357 0 
6.47059 38.6012 0 
6.76471 39.1071 0 
6.81373 39.5833 0 
7.05882 39.9405 0 
7.64706 39.7619 0 
8.23529 39.5833 0 
7.05882 39.9405 0 
7.64706 39.7619 0 
8.23529 39.5833 0 
16.0552 20.2852 0 
19.4799 18.0017 0 
29.0932 33.5179 0 
31.0422 29.5733 0 
15.2224 38.6922 0 
26.516 11.0332 0 
25.9166 11.8371 0 
26.9491 11.9119 0 
26.4162 12.6501 0 
27.2669 12.7352 0 
26.8194 13.4112 0 
27.5861 13.4536 0 
27.1773 14.0686 0 
27.991 12.851 0 
27.8957 14.1452 0 
27.4986 14.7122 0 
28.1994 14.7932 0 
27.8065 15.3463 0 
28.4879 15.3898 0 
28.1108 15.9794 0 
28.8704 16.0245 0 
28.423 16.6283 0 
29.144 16.725 0 
28.7321 17.2857 0 
29.4255 17.3677 0 
29.0386 17.9634 0 
29.8875 18.0321 0 
29.385 18.6568 0 
30.1743 18.7537 0 
29.7119 19.3667 0 
28.889 19.3152 0 
30.5235 19.4215 0 
40.1193 17.1917 0 
29.2519 20.0846 0 
28.3675 20.023 0 
30.9516 18.8136 0 
31.3048 19.4498 0 
31.7117 18.8183 0 
32.0561 19.4664 0 
32.4359 18.86 0 
32.7786 19.5013 0 
32.3691 20.1216 0 
33.1491 20.1494 0 
28.8639 14.8477 0 
33.1469 18.8975 0 
28.7723 20.8792 0 
27.7654 20.7895 0 
27.6586 16.5526 0 
6.73258 27.8414 0 
28.2115 21.6976 0 
27.1829 21.6262 0 
26.4031 14.066 0 
32.707 20.8181 0 
33.5519 20.8401 0 
27.7782 39.1527 0 
8.73727 19.985 0 
31.3816 18.2539 0 
26.7289 20.6689 0 
26.1136 21.5395 0 
26.5627 22.5246 0 
25.439 22.4489 0 
25.9174 23.5105 0 
24.7215 23.4186 0 
36.114 11.0966 0 
29.8587 16.8821 0 
25.2521 24.5694 0 
23.9532 24.4634 0 
33.109 21.5681 0 
33.9715 21.5877 0 
34.4134 20.8299 0 
34.8546 21.5892 0 
24.5214 25.6925 0 
23.1303 25.5697 0 
23.7394 26.8587 0 
22.2943 26.7359 0 
22.9171 28.0562 0 
21.4522 27.9245 0 
22.0716 29.2537 0 
20.6071 29.117 0 
21.2292 30.4569 0 
19.7731 30.3258 0 
20.3963 31.6446 0 
19.1318 28.9871 0 
18.3022 30.1975 0 
17.6646 28.8637 0 
16.8292 30.065 0 
16.2071 28.7363 0 
15.3732 29.9369 0 
35.3093 20.7986 0 
20.6017 41.5327 0 
20.4106 40.4896 0 
35.7793 21.6043 0 
14.757 28.6095 0 
13.9221 29.8234 0 
37.8252 14.0472 0 
34.3716 22.3789 0 
25.6764 20.5464 0 
6.36366 34.5524 0 
22.4949 24.3484 0 
36.261 20.7641 0 
26.4471 24.5927 0 
21.436 40.8369 0 
21.2345 39.7259 0 
37.79 26.3727 0 
36.7618 21.624 0 
17.0279 27.5958 0 
14.5356 31.1249 0 
13.1108 31.0245 0 
35.772 19.9625 0 
21.8284 31.7602 0 
20.9903 32.9529 0 
13.3072 28.4984 0 
6.9105 29.2973 0 
13.7168 32.2974 0 
12.3259 32.1855 0 
6.05605 24.0913 0 
32.798 18.1872 0 
33.5112 18.3133 0 
33.2631 17.7053 0 
33.8671 17.7797 0 
33.5756 17.2351 0 
33.0589 17.1761 0 
33.3263 16.7554 0 
32.8555 16.7228 0 
33.8396 16.7324 0 
33.0835 16.3795 0 
32.7073 16.3542 0 
32.8769 16.073 0 
32.5791 16.0707 0 
32.3786 16.3065 0 
32.2899 15.9986 0 
32.0761 16.269 0 
31.9638 15.985 0 
32.7429 15.8297 0 
33.0086 15.8251 0 
32.1272 15.7472 0 
31.8521 15.717 0 
32.0092 15.5088 0 
31.7589 15.4754 0 
31.914 15.2751 0 
31.6808 15.2504 0 
31.8112 15.0717 0 
31.6028 15.0446 0 
31.7315 14.884 0 
31.5269 14.8502 0 
31.628 14.6938 0 
31.3817 15.0187 0 
31.2966 14.8051 0 
31.136 14.9884 0 
31.0456 14.7367 0 
31.5261 15.6694 0 
30.8598 14.953 0 
30.7579 14.6743 0 
30.9757 14.4429 0 
31.9221 14.9138 0 
31.753 16.2438 0 
27.0621 40.4676 0 
29.2361 21.7676 0 
37.2745 20.7263 0 
22.4075 33.0579 0 
23.4968 29.3809 0 
19.5549 32.8209 0 
20.1409 34.1914 0 
18.7268 34.0145 0 
25.4917 12.6484 0 
33.8838 7.92551 0 
20.145 39.3798 0 
19.1888 19.4052 0 
26.3157 39.223 0 
30.5578 14.9109 0 
30.6731 15.2218 0 
30.4409 14.605 0 
25.1396 26.8867 0 
20.5174 18.9716 0 
20.8719 17.6921 0 
14.134 27.2796 0 
12.6755 27.163 0 
13.5016 25.9602 0 
12.0711 25.8366 0 
32.1372 15.3162 0 
24.2951 22.3158 0 
37.8102 21.6501 0 
36.607 26.1055 0 
38.3486 20.703 0 
37.7444 19.8504 0 
20.9859 38.6237 0 
28.2887 17.8932 0 
12.9265 33.435 0 
11.6007 33.296 0 
12.8551 24.673 0 
11.4754 24.5432 0 
14.2577 24.7498 0 
30.286 15.1578 0 
11.7023 30.9141 0 
29.7571 30.2166 0 
29.8907 28.7988 0 
31.0856 28.1951 0 
31.8863 16.5676 0 
31.4997 16.5216 0 
19.8019 38.2513 0 
21.7982 18.5945 0 
22.1322 17.4032 0 
32.6323 7.4825 0 
30.007 27.4352 0 
31.2043 26.8543 0 
30.1119 25.9401 0 
31.3446 25.5521 0 
32.337 26.2669 0 
14.3014 33.5622 0 
10.1166 37.683 0 
25.6679 40.4765 0 
39.2962 16.5786 0 
27.1935 15.2504 0 
22.1346 38.9703 0 
21.8056 37.68 0 
29.2662 9.31568 0 
20.2284 20.3347 0 
32.2127 21.5312 0 
32.5982 22.324 0 
26.9898 37.8996 0 
36.215 22.4793 0 
8.08158 28.4234 0 
20.9011 26.6404 0 
13.4965 34.6722 0 
14.8619 34.8158 0 
28.5884 29.3591 0 
30.601 9.08645 0 
23.0073 18.2512 0 
23.3007 17.0851 0 
22.4692 16.2463 0 
23.6094 15.9734 0 
24.3808 16.7837 0 
22.7994 15.0758 0 
21.6298 41.9285 0 
12.237 23.4247 0 
10.8943 23.3716 0 
10.1319 24.4204 0 
9.44267 23.0756 0 
38.9346 21.6779 0 
39.6855 20.6201 0 
38.3502 22.6789 0 
26.3795 19.7343 0 
28.6597 22.6348 0 
29.9294 22.6995 0 
30.4172 15.5391 0 
8.21277 29.8118 0 
11.5836 22.2234 0 
34.2158 18.3764 0 
34.5929 17.7752 0 
22.4871 41.2249 0 
22.6939 42.3555 0 
25.5642 38.0258 0 
26.1627 36.6764 0 
28.9845 26.695 0 
22.7094 19.4384 0 
27.4303 11.227 0 
13.0465 22.4916 0 
32.5863 17.055 0 
12.3112 19.3471 0 
30.8833 20.1385 0 
31.6726 16.896 0 
31.2473 16.8711 0 
31.0791 16.4529 0 
32.4246 25.0677 0 
33.435 25.7542 0 
18.9501 39.0224 0 
18.5961 37.8122 0 
23.7005 45.2747 0 
24.6875 15.7616 0 
30.0221 15.4884 0 
25.3968 16.5378 0 
11.3326 37.0073 0 
10.2841 36.3463 0 
9.40472 28.9542 0 
25.1334 17.5103 0 
33.1224 29.429 0 
18.7697 20.8165 0 
19.9316 21.7305 0 
18.5094 22.1932 0 
19.6535 23.1227 0 
18.3018 23.5845 0 
29.1682 23.6137 0 
15.6746 33.7023 0 
16.2369 34.9617 0 
24.5909 36.8596 0 
25.3304 35.4437 0 
39.1212 17.5784 0 
38.3198 16.9973 0 
9.11073 27.5867 0 
7.54427 37.9623 0 
41.506 18.7993 0 
36.3994 12.0527 0 
35.4438 11.8001 0 
35.1338 10.9753 0 
34.6241 11.6206 0 
34.8641 12.3396 0 
34.1565 12.1669 0 
34.3264 12.7615 0 
33.7681 12.6209 0 
33.8989 13.1273 0 
33.4234 13.0176 0 
33.253 12.555 0 
32.8688 12.9661 0 
33.5632 13.4653 0 
34.0003 13.5794 0 
33.6635 13.8688 0 
34.0643 14.0064 0 
33.2948 13.7596 0 
32.7414 12.4665 0 
33.3772 14.0999 0 
33.0886 14.0046 0 
32.3688 12.8356 0 
32.2291 12.3565 0 
32.5888 11.9242 0 
31.8809 12.7418 0 
31.6837 12.2344 0 
31.3519 12.6294 0 
33.1523 14.2929 0 
32.9064 14.2069 0 
33.3704 14.3807 0 
34.3193 10.8779 0 
33.1574 14.5744 0 
33.4628 14.689 0 
34.9193 12.9606 0 
31.1069 12.1134 0 
30.746 12.6534 0 
32.0597 13.1976 0 
30.4824 11.9944 0 
31.5336 11.6554 0 
33.1875 14.8861 0 
33.5278 15.0026 0 
32.8138 13.9514 0 
32.6739 14.1542 0 
32.7418 14.3475 0 
32.5326 14.3509 0 
34.7716 10.2015 0 
33.9691 10.1354 0 
32.4435 14.1057 0 
32.3049 14.2993 0 
30.0729 12.5035 0 
29.8118 11.8494 0 
30.2767 13.0959 0 
32.3758 14.5056 0 
32.1721 14.4774 0 
32.0698 14.2717 0 
32.2845 14.6602 0 
29.6768 12.9955 0 
32.979 14.7347 0 
33.008 15.0478 0 
29.893 13.5479 0 
29.3238 13.4657 0 
30.2813 11.283 0 
32.8613 15.5807 0 
32.6019 15.6218 0 
39.5272 22.7285 0 
33.8107 14.7404 0 
33.9012 15.1871 0 
34.2662 14.9068 0 
34.3771 15.4055 0 
34.8348 15.0683 0 
34.9495 15.6573 0 
35.464 15.2404 0 
35.5898 15.9174 0 
36.2041 15.4541 0 
36.3191 16.3039 0 
36.918 15.6385 0 
35.185 14.5302 0 
7.19386 30.6098 0 
8.37386 31.1551 0 
6.1 33.429 0 
7.17435 33.8873 0 
38.9152 23.75 0 
33.1318 15.5464 0 
33.2758 15.7841 0 
26.4117 41.645 0 
25.3551 19.3377 0 
32.45 14.6588 0 
32.3293 14.801 0 
33.4889 24.5698 0 
31.2526 15.2255 0 
29.8581 15.0403 0 
32.703 15.3976 0 
30.4042 13.6366 0 
17.4406 31.3936 0 
34.9582 18.4179 0 
35.3751 17.7674 0 
19.6102 36.9582 0 
32.7998 14.8954 0 
31.4896 24.2134 0 
8.77708 24.2576 0 
8.2377 23.3185 0 
21.2634 21.2719 0 
12.4873 37.504 0 
34.5449 19.0585 0 
29.519 11.1199 0 
34.9809 16.3164 0 
35.7683 18.4599 0 
36.4073 17.7697 0 
34.4315 25.135 0 
33.5142 10.7958 0 
33.177 10.061 0 
8.04493 36.9879 0 
17.1453 22.6382 0 
37.7731 23.5282 0 
26.0797 17.2801 0 
23.8145 35.5369 0 
16.9486 24.035 0 
18.0428 24.9843 0 
34.4012 9.49184 0 
32.1914 14.7774 0 
32.2631 14.8939 0 
32.3749 14.9008 0 
32.3136 14.9995 0 
32.4391 14.9933 0 
32.3642 15.1058 0 
32.1936 15 0 
32.4858 15.1121 0 
32.417 15.225 0 
31.7026 22.2908 0 
28.665 35.3859 0 
23.3038 31.7808 0 
5.46752 21.3921 0 
33.3311 27.0611 0 
9.78282 19.5287 0 
9.58337 20.7114 0 
29.5367 13.9836 0 
29.0292 11.6972 0 
21.809 42.98 0 
18.2842 36.5313 0 
32.7294 10.7122 0 
32.3651 9.98394 0 
32.8324 9.28702 0 
11.4337 35.6656 0 
10.0643 35.1918 0 
25.0938 41.6251 0 
28.413 30.7922 0 
27.2269 29.9034 0 
26.9 31.2678 0 
27.2608 28.3235 0 
24.5476 20.2971 0 
15.7565 23.2034 0 
21.6091 15.3579 0 
21.9387 14.1295 0 
23.3709 13.9269 0 
7.326 34.9724 0 
8.27375 34.2748 0 
30.7939 16.816 0 
30.625 16.3807 0 
30.9661 17.2735 0 
24.5337 34.2105 0 
32.4369 14.8218 0 
30.8533 15.5673 0 
36.5886 18.5431 0 
32.5376 14.5639 0 
32.5832 14.6878 0 
32.6691 14.5984 0 
25.9033 29.0398 0 
40.1147 26.966 0 
26.0172 34.0916 0 
27.9891 19.1916 0 
28.9641 13.8961 0 
8.55313 21.0797 0 
11.8619 28.3694 0 
15.4395 36.0675 0 
29.5893 15.4254 0 
38.1825 17.9942 0 
39.1703 18.6543 0 
24.317 40.4962 0 
38.4799 15.9246 0 
34.5074 24.0713 0 
35.4061 24.6172 0 
22.8924 43.4737 0 
29.0728 12.9181 0 
17.3124 37.4829 0 
23.0768 38.1588 0 
25.6753 15.6284 0 
25.0629 14.9109 0 
7.10544 32.8067 0 
40.1974 23.8611 0 
39.5082 24.9473 0 
30.2757 21.7698 0 
10.6384 20.3432 0 
16.6351 25.4138 0 
32.7035 14.7196 0 
25.1964 32.9605 0 
25.847 42.7418 0 
34.0246 15.6952 0 
31.9451 14.4812 0 
31.8138 14.2602 0 
31.9395 14.0109 0 
31.6607 14.0143 0 
31.4919 14.2968 0 
31.3239 14.0057 0 
31.5128 13.7099 0 
31.1218 13.6819 0 
32.5571 15.0193 0 
32.6203 15.1301 0 
29.7769 15.8834 0 
30.4555 17.2194 0 
30.5556 17.6931 0 
28.0809 23.5402 0 
28.6092 24.6262 0 
34.4648 13.7157 0 
9.21683 35.8399 0 
35.355 8.47297 0 
25.2393 46.3021 0 
35.6404 26.9352 0 
9.39138 25.4477 0 
7.95293 25.6243 0 
28.7146 10.9309 0 
30.1043 10.5071 0 
30.9031 10.6865 0 
25.7487 18.241 0 
26.7828 18.1014 0 
32.0022 15.0768 0 
32.2371 15.538 0 
32.1189 9.2569 0 
41.6358 22.0598 0 
18.5071 40.8496 0 
33.7233 23.375 0 
32.8095 14.6423 0 
32.3719 15.7196 0 
16.7552 39.7618 0 
31.602 4.90189 0 
22.354 12.8854 0 
23.704 12.6339 0 
8.73442 37.8446 0 
24.331 13.4476 0 
33.1369 13.3623 0 
32.7323 13.3998 0 
37.3562 17.3899 0 
20.762 44.0306 0 
32.0672 23.1758 0 
31.1286 23.1271 0 
31.191 7.61811 0 
14.535 20.4963 0 
29.6229 24.7101 0 
19.3004 35.5833 0 
20.7707 35.497 0 
32.0729 14.6356 0 
30.8215 13.2704 0 
31.3299 13.3441 0 
35.1507 9.48734 0 
17.1818 33.8723 0 
23.6652 42.8009 0 
24.0205 43.9884 0 
28.3402 13.581 0 
33.4302 15.5337 0 
12.8613 20.5175 0 
6.33111 25.5379 0 
24.0186 19.1092 0 
31.4701 2.56143 0 
32.0822 18.2472 0 
31.7863 17.6533 0 
32.3504 17.7725 0 
30.053 14.0278 0 
29.7515 14.4934 0 
37.4323 25.3418 0 
30.5096 14.0437 0 
35.563 23.4643 0 
23.0519 36.8192 0 
22.3642 35.505 0 
17.7797 35.1818 0 
33.8863 11.4901 0 
31.865 14.6952 0 
32.9472 14.4206 0 
42.1029 20.2129 0 
40.7867 19.9144 0 
32.6732 15.0188 0 
32.736 15.112 0 
27.7241 12.09 0 
33.251 15.2227 0 
27.0684 10.2165 0 
10.8457 19.1358 0 
34.5669 14.1939 0 
35.0344 13.8557 0 
35.7588 13.9713 0 
40.3558 18.8099 0 
23.4764 39.4052 0 
35.8733 17.0921 0 
36.2298 24.1763 0 
33.1357 11.4638 0 
36.8452 14.8359 0 
32.4871 8.46962 0 
31.8674 10.6057 0 
5.83953 20.0629 0 
6.68462 20.8344 0 
6.49528 21.959 0 
19.8736 16.5906 0 
32.9562 13.6898 0 
32.6364 13.7171 0 
24.3214 47.0118 0 
33.5249 16.3612 0 
21.5981 34.2795 0 
31.7126 6.07883 0 
33.9695 16.2293 0 
34.3888 16.604 0 
32.6178 14.7943 0 
32.4672 14.8908 0 
20.8898 36.8038 0 
32.1306 16.8865 0 
27.1917 42.863 0 
37.7183 15.2789 0 
31.2683 21.4421 0 
10.4962 21.4503 0 
32.9586 15.288 0 
31.3244 3.6385 0 
26.2619 16.4378 0 
30.9242 16.0333 0 
31.3412 16.1029 0 
16.5429 32.5713 0 
18.0717 32.7031 0 
35.7143 12.6678 0 
36.5943 12.9658 0 
20.5342 14.3856 0 
15.5641 21.7201 0 
14.5059 22.6804 0 
10.965 32.0796 0 
10.2678 33.172 0 
10.5358 30.9557 0 
24.6577 11.823 0 
24.9428 39.3178 0 
32.518 15.4003 0 
24.0053 14.9981 0 
6.00372 32.3359 0 
12.4898 29.702 0 
32.4758 16.6441 0 
24.0988 17.8428 0 
29.3974 14.9311 0 
12.203 34.5246 0 
12.7815 35.6803 0 
18.9231 31.5143 0 
27.6713 36.5854 0 
11.2622 26.9813 0 
29.7373 20.9357 0 
33.9263 20.1493 0 
15.1664 25.9725 0 
9.60989 32.025 0 
8.97888 33.1941 0 
20.9826 22.6125 0 
22.2643 22.2357 0 
20.9373 24.0999 0 
22.6217 20.889 0 
15.9849 31.2447 0 
10.8337 29.6063 0 
21.6891 25.462 0 
36.7399 19.8906 0 
17.5659 19.9289 0 
24.5577 28.2311 0 
25.8406 30.4417 0 
39.4422 15.5902 0 
21.5231 19.9167 0 
15.126 32.4171 0 
18.6456 27.4644 0 
33.5393 12.0255 0 
35.4904 25.7627 0 
19.4072 24.5177 0 
19.0129 25.9078 0 
33.3506 8.61634 0 
32.196 27.5833 0 
20.0902 27.8112 0 
20.7907 42.5321 0 
6.51854 35.642 0 
21.9072 44.107 0 
15.5895 27.3837 0 
23.08 34.301 0 
28.7537 27.9719 0 
22.6686 30.5549 0 
7.44996 24.2278 0 
14.0729 35.8642 0 
14.5934 37.0721 0 
32.0472 14.8052 0 
34.7699 19.9149 0 
33.683 14.3165 0 
32.2744 15.2094 0 
7.73223 20.3954 0 
29.2189 14.4183 0 
38.8295 19.7478 0 
25.838 25.746 0 
27.0412 25.8213 0 
26.5025 26.9406 0 
9.45709 21.812 0 
10.7048 25.6304 0 
26.8915 35.3724 0 
28.4358 37.8254 0 
11.7929 18.3227 0 
36.695 17.0063 0 
16.8674 36.2217 0 
26.9714 17.1145 0 
32.3364 15.3685 0 
30.2868 23.808 0 
30.9406 14.0819 0 
23.761 41.6629 0 
29.0852 15.4031 0 
27.7263 9.36655 0 
40.8291 25.5609 0 
23.2852 23.1647 0 
7.94593 27.0373 0 
31.8623 20.7729 0 
26.0142 13.3707 0 
25.5408 14.1447 0 
17.642 38.7158 0 
31.2625 14.5382 0 
34.4179 26.4184 0 
17.6279 26.3233 0 
34.6155 27.8349 0 
30.5188 15.9405 0 
30.1101 16.2881 0 
34.9884 17.0836 0 
15.5901 24.5217 0 
24.0821 30.6969 0 
22.2911 40.1143 0 
27.3537 19.8772 0 
27.0993 19.0433 0 
37.4009 16.3628 0 
33.4844 19.5245 0 
21.0359 13.1419 0 
32.1874 11.322 0 
31.223 15.7908 0 
24.9774 21.3976 0 
27.6133 22.5855 0 
24.8706 18.437 0 
10.4175 28.055 0 
30.0699 20.1024 0 
29.3577 12.3708 0 
31.9375 7.08493 0 
33.6332 9.39773 0 
27.8887 41.742 0 
17.1092 21.2765 0 
9.49121 34.172 0 
33.4448 22.3809 0 
38.9721 26.7078 0 
7.56777 36.0383 0 
37.2751 22.5383 0 
9.15224 36.8285 0 
28.5641 12.3487 0 
25.9954 14.8262 0 
31.5106 15.4196 0 
13.6131 23.6292 0 
31.4555 9.78542 0 
28.5936 14.3408 0 
35.5851 10.2746 0 
40.8244 17.8589 0 
5.70558 22.82 0 
31.7055 14.4919 0 
36.1462 19.2172 0 
35.2445 22.4481 0 
8.16596 38.8252 0 
35.3266 19.1718 0 
32.0652 14.9351 0 
32.1395 15.1421 0 
32.6006 14.94 0 
40.1949 21.7734 0 
31.4502 17.2738 0 
32.3675 13.4976 0 
32.3831 13.8299 0 
32.0678 13.6772 0 
28.0109 17.2221 0 
31.4895 14.5243 0 
27.7865 27.0888 0 
28.5684 18.5831 0 
29.5966 31.7021 0 
21.2793 16.5218 0 
15.9767 37.336 0 
32.5174 14.7723 0 
31.678 15.9339 0 
27.9567 10.5155 0 
23.54 20.163 0 
23.8783 21.1886 0 
27.3696 15.8658 0 
32.7095 14.8254 0 
32.825 14.7787 0 
32.9549 14.5855 0 
33.8348 18.9469 0 
11.5257 21.072 0 
12.7491 38.589 0 
32.5023 14.8379 0 
32.5203 14.9432 0 
32.621 14.8674 0 
36.0085 14.7646 0 
20.2919 25.5602 0 
29.0964 25.5993 0 
28.2249 11.5536 0 
38.6183 25.6548 0 
26.6172 32.7771 0 
32.2014 14.0324 0 
26.8194 14.6607 0 
31.4857 15.1918 0 
34.0808 8.77652 0 
7.49043 21.5651 0 
31.6061 20.1156 0 
32.6551 23.9485 0 
34.189 17.2418 0 
36.6296 13.9038 0 
29.325 10.2668 0 
5.93167 30.2468 0 
34.1717 14.4696 0 
32.5609 15.256 0 
24.802 29.5501 0 
30.1437 14.7528 0 
5.21332 31.311 0 
31.7342 13.4647 0 
23.8829 33.0058 0 
27.5591 33.9366 0 
30.3686 16.7173 0 
31.1989 14.2731 0 
31.005 15.2421 0 
32.6474 14.4745 0 
7.11518 22.8636 0 
30.671 5.32913 0 
32.0445 11.8985 0 
24.3155 38.2803 0 
29.3504 15.8104 0 
36.3566 25.0832 0 
35.382 13.3776 0 
30.6368 9.93494 0 
30.9513 11.4623 0 
26.997 23.503 0 
27.5506 17.7842 0 
13.8256 21.5614 0 
32.2449 17.3492 0 
22.8041 11.8382 0 
38.7545 14.7854 0 
31.119 17.743 0 
8.23592 35.453 0 
37.1514 19.1205 0 
38.0753 18.928 0 
28.0805 32.2942 0 
32.2554 15.0926 0 
10.9479 34.3288 0 
33.1906 16.0765 0 
31.1175 1.58371 0 
34.4332 15.9585 0 
32.1895 16.5347 0 
31.2284 15.4858 0 
23.278 40.5038 0 
9.95581 26.6875 0 
28.8362 13.3803 0 
32.1778 28.8716 0 
29.5208 16.288 0 
19.2772 40.11 0 
34.3529 13.2586 0 
34.1055 29.1863 0 
25.1035 31.6223 0 
32.7827 17.5682 0 
39.7655 19.5493 0 
34.6834 23.1726 0 
41.502 23.8656 0 
37.3305 18.247 0 
21.9794 23.3022 0 
36.0574 27.9457 0 
36.7213 23.3529 0 
9.40067 30.2399 0 
32.4335 15.546 0 
8.37943 22.2222 0 
23.0376 44.4403 0 
24.7319 45.1668 0 
25.189 43.8752 0 
27.5548 24.6848 0 
33.0597 12.0981 0 
18.0426 39.7281 0 
34.6042 8.16438 0 
31.4169 8.5615 0 
30.5687 20.9509 0 
39.6602 25.9779 0 
27.8201 18.4784 0 
30.6326 14.3745 0 
31.5814 13.0662 0 
33.595 15.8782 0 
26.6193 15.5888 0 
28.5374 9.74844 0 
38.2346 24.6058 0 
30.6045 24.8926 0 
33.1717 7.89994 0 
32.795 14.5115 0 
41.126 27.2099 0 
25.8728 27.8843 0 
7.20996 31.7589 0 
27.7725 43.9898 0 
32.5925 13.9503 0 
16.5817 38.3977 0 
30.8609 22.2659 0 
31.8569 17.2118 0 
28.9109 36.6482 0 
30.612 18.2759 0 
7.96901 33.29 0 
8.23778 32.3475 0 
30.7686 13.7448 0 
28.5492 12.9599 0 
25.128 13.4244 0 
30.0117 17.4669 0 
24.6215 12.7318 0 
21.5606 12.092 0 
27.0087 16.4159 0 
13.2638 36.7034 0 
24.3654 46.1261 0 
26.2731 18.8915 0 
26.4567 43.984 0 
35.9142 9.45651 0 
6.83172 26.6011 0 
37.1537 12.4444 0 
17.607 40.634 0 
16.4033 26.5737 0 
10.3165 22.4642 0 
21.8555 36.4865 0 
34.112 19.5188 0 
20.4043 15.5474 0 
14.7765 23.7557 0 
28.1715 25.8304 0 
9.26943 38.5555 0 
40.6114 22.8577 0 
40.9117 20.9441 0 
30.2552 14.3829 0 
13.6899 38.0538 0 
32.2479 3.37329 0 
31.783 13.7754 0 
33.2327 28.2943 0 
11.6365 20.0831 0 
32.5582 14.8268 0 
32.5345 15.8603 0 
25.8771 45.4342 0 
31.933 7.84333 0 
12.5321 21.5415 0 
23.2743 21.9903 0 
31.4633 11.1163 0 
29.9643 9.65816 0 
30.149 15.839 0 
8.84824 26.4237 0 
32.8977 23.0408 0 
37.2876 13.1841 0 
34.7083 8.87722 0 
23.7588 37.5295 0 
31.1812 20.7286 0 
8.9905 34.9478 0 
32.6882 14.9116 0 
39.8769 18.0072 0 
4.98362 20.4828 0 
35.1019 7.65576 0 
23.7093 11.679 0 
23.0674 11.0487 0 
20.6283 37.7077 0 
32.8221 15.002 0 
32.8729 15.1368 0 
32.4794 13.1793 0 
35.5576 16.5252 0 
33.572 15.2828 0 
33.7175 15.5017 0 
32.1565 14.8812 0 
8.49752 36.2591 0 
17.7782 41.4511 0 
30.7783 4.262 0 
32.0482 15.2025 0 
6.28076 31.331 0 
36.0524 13.3919 0 
34.8307 13.4336 0 
31.1564 13.0004 0 
32.4022 14.7454 0 
32.7419 15.2201 0 
24.7412 42.6723 0 
32.9466 14.8959 0 
24.5278 14.2677 0 
31.4378 15.8753 0 
10.8925 18.2039 0 
31.4433 14.6881 0 
19.8036 26.7335 0 
20.1428 36.2106 0 
21.0161 43.2885 0 
37.1512 24.3959 0 
34.6389 14.6539 0 
12.2569 36.5635 0 
29.802 8.71913 0 
32.3673 14.6595 0 
32.4129 14.5822 0 
32.3301 14.5829 0 
31.7154 2.05452 0 
32.1566 2.59024 0 
31.8253 14.4866 0 
31.7853 14.5936 0 
31.905 14.5882 0 
24.4932 32.3141 0 
24.2036 31.7016 0 
23.5933 32.3933 0 
30.3508 14.8318 0 
30.2149 14.9553 0 
30.4219 15.0344 0 
35.3365 27.8903 0 
35.8489 27.4404 0 
35.1279 27.3851 0 
28.9609 12.3597 0 
28.8185 12.6334 0 
29.2153 12.6444 0 
19.0136 34.7989 0 
19.7206 34.8873 0 
19.4338 34.1029 0 
36.8689 18.0083 0 
37.3433 17.8184 0 
36.8818 17.5798 0 
31.6667 14.5929 0 
31.7465 14.6945 0 
30.9948 22.6965 0 
30.3952 22.4827 0 
30.529 22.9133 0 
30.8655 18.0095 0 
30.9968 18.2649 0 
31.2503 17.9984 0 
32.4567 14.5347 0 
32.5351 14.4574 0 
32.4542 14.4283 0 
27.1965 9.26661 0 
27.9808 8.73089 0 
17.1272 21.9574 0 
16.3367 21.4983 0 
16.3547 22.1791 0 
32.91 15.4344 0 
32.8308 15.3428 0 
32.7822 15.4892 0 
25.8141 19.1146 0 
26.0109 18.5662 0 
25.5519 18.7893 0 
28.4669 13.9609 0 
28.7789 14.1185 0 
28.6521 13.7386 0 
31.969 14.6654 0 
32.009 14.5584 0 
37.1595 16.0006 0 
37.5596 15.8208 0 
37.3182 15.4587 0 
33.1295 15.1353 0 
33.2193 15.0544 0 
33.0977 14.9669 0 
27.8631 25.2576 0 
28.3904 25.2283 0 
28.082 24.6555 0 
24.6869 19.2235 0 
24.2831 19.7031 0 
24.9513 19.8174 0 
15.6603 22.4617 0 
16.4509 22.9208 0 
33.7469 14.5284 0 
33.5729 14.5027 0 
33.6368 14.7147 0 
34.707 16.1375 0 
34.411 16.2813 0 
34.6848 16.4602 0 
17.4808 34.527 0 
18.2532 34.5981 0 
17.9543 33.9434 0 
7.40196 39.4048 0 
31.7679 8.9092 0 
31.4362 9.17346 0 
31.7872 9.52116 0 
30.4121 16.9683 0 
30.1137 16.7997 0 
30.1571 17.0507 0 
28.5522 41.7043 0 
28.4051 42.5377 0 
25.15 32.2914 0 
24.5396 32.9832 0 
32.0705 14.0217 0 
32.1346 13.8548 0 
32.0036 13.844 0 
30.0009 14.8965 0 
29.9476 14.6231 0 
29.8048 14.7669 0 
33.9082 22.3799 0 
33.5841 22.878 0 
34.0475 22.877 0 
33.6086 7.47466 0 
34.2213 7.50442 0 
30.5838 17.9845 0 
30.8373 17.7181 0 
20.0355 35.5402 0 
20.4558 34.8442 0 
32.5925 14.5192 0 
32.59 14.4127 0 
32.5742 17.9799 0 
32.2163 18.0098 0 
32.4401 18.2172 0 
33.9264 26.0863 0 
34.4247 25.7767 0 
33.9332 25.4446 0 
31.0089 8.82398 0 
30.7084 8.20932 0 
30.3005 8.4718 0 
32.4797 14.9682 0 
32.4938 14.917 0 
32.4532 14.942 0 
32.1232 15.5234 0 
32.1872 15.4271 0 
32.0732 15.4125 0 
37.048 16.6845 0 
36.86 16.3334 0 
36.5071 16.6551 0 
28.2447 14.243 0 
28.1179 13.8631 0 
25.3097 18.339 0 
25.1128 18.8874 0 
30.2923 14.6789 0 
30.4993 14.758 0 
17.9395 21.0465 0 
17.8093 21.7349 0 
18.6396 21.5049 0 
33.3501 13.4138 0 
33.2158 13.561 0 
33.429 13.6125 0 
37.9404 16.1437 0 
38.0991 15.6017 0 
32.2867 15.4533 0 
32.2368 15.3423 0 
36.9595 18.395 0 
36.498 18.1564 0 
23.4054 37.1744 0 
24.1748 37.1946 0 
23.8214 36.8394 0 
17.0083 35.0717 0 
16.7094 34.417 0 
35.5324 9.47192 0 
35.6346 8.96474 0 
35.2528 8.98015 0 
32.4598 14.7589 0 
32.4195 14.7836 0 
32.4772 14.7971 0 
34.2034 23.2738 0 
34.5275 22.7757 0 
32.1294 14.9675 0 
32.0337 15.006 0 
32.0979 15.0384 0 
31.0409 15.5266 0 
31.1167 15.364 0 
30.9291 15.4047 0 
30.1081 23.2537 0 
30.7077 23.4675 0 
31.0283 9.43593 0 
21.3132 24.7809 0 
22.092 24.9052 0 
21.7161 24.2242 0 
31.376 14.5312 0 
31.4907 14.4106 0 
31.3772 14.4175 0 
32.6616 11.3929 0 
32.3881 11.6231 0 
32.8623 11.694 0 
32.2923 13.9312 0 
32.2254 13.7536 0 
31.3039 8.08981 0 
30.5955 7.73763 0 
33.0497 14.3568 0 
33.0523 14.4975 0 
33.1549 14.4337 0 
33.1255 13.7247 0 
33.0224 13.8472 0 
33.1917 13.8821 0 
6.86275 38.5417 0 
29.5744 14.7123 0 
29.6277 14.9857 0 
33.0452 15.4172 0 
32.9966 15.5636 0 
24.6299 39.907 0 
24.2096 39.3615 0 
23.8967 39.9507 0 
7.70145 24.9261 0 
6.89053 24.8829 0 
7.14202 25.5811 0 
9.50528 31.1325 0 
8.88726 30.6975 0 
8.99187 31.5901 0 
23.4332 36.178 0 
24.2027 36.1982 0 
33.0682 14.6546 0 
33.0833 14.8104 0 
33.1725 14.7303 0 
27.6064 25.8259 0 
27.298 25.253 0 
32.885 13.8206 0 
32.9512 13.978 0 
32.4059 14.8613 0 
32.3831 14.8114 0 
32.3521 14.8509 0 
32.9511 14.5031 0 
33.0562 14.58 0 
32.5347 14.9121 0 
32.5604 14.9416 0 
32.5748 14.9105 0 
37.0256 17.1981 0 
36.5512 17.388 0 
16.1126 24.9677 0 
15.3783 25.2471 0 
15.9008 25.6931 0 
32.3433 14.7028 0 
32.4261 14.7021 0 
34.5167 27.1266 0 
35.0291 26.6768 0 
13.2863 39.1755 0 
12.3059 38.9969 0 
32.4211 14.8958 0 
32.407 14.947 0 
33.2329 14.0523 0 
33.336 13.9298 0 
9.96825 30.5978 0 
10.0729 31.4903 0 
31.9561 14.7502 0 
32.0601 14.7204 0 
31.5979 23.1514 0 
31.3091 23.6702 0 
31.7784 23.6946 0 
32.5311 16.8496 0 
32.3032 16.7653 0 
32.3585 16.9708 0 
32.259 18.5536 0 
32.617 18.5236 0 
41.8045 19.5061 0 
42.473 19.3921 0 
42.1746 18.6854 0 
6.64162 36.2734 0 
6.10241 35.9162 0 
24.4446 18.7731 0 
27.5402 42.3025 0 
28.0566 43.0982 0 
7.7473 22.5429 0 
7.93493 21.8936 0 
7.3028 22.2143 0 
40.6203 27.088 0 
40.9776 26.3854 0 
40.4719 26.2635 0 
13.7567 38.9078 0 
13.2195 38.3214 0 
26.0018 31.4451 0 
25.8604 32.1997 0 
26.7586 32.0225 0 
32.739 15.1661 0 
32.8074 15.1784 0 
32.8045 15.1244 0 
7.7946 37.4751 0 
7.40482 36.9463 0 
7.15449 37.4335 0 
31.2405 15.3557 0 
31.1288 15.2338 0 
30.2813 14.0358 0 
30.4569 13.8402 0 
30.2286 13.8322 0 
36.319 14.3342 0 
36.1942 13.9376 0 
35.8836 14.368 0 
28.112 34.6612 0 
27.2253 34.6545 0 
27.7782 35.3791 0 
30.2497 18.154 0 
30.2216 17.8626 0 
33.0909 16.7391 0 
32.9572 16.9495 0 
33.1926 16.9658 0 
6.753 24.1596 0 
6.19358 24.8146 0 
9.63443 37.2557 0 
8.94333 37.3365 0 
9.42552 37.7638 0 
35.7789 11.4484 0 
35.9216 11.9264 0 
36.2567 11.5747 0 
32.9975 14.1057 0 
33.0293 14.2499 0 
33.1204 14.1487 0 
30.2836 17.58 0 
29.9496 17.7495 0 
32.0256 15.2956 0 
31.9616 15.392 0 
30.8882 24.0107 0 
29.9352 17.1745 0 
30.2336 17.3431 0 
32.0708 15.1095 0 
32.1665 15.071 0 
18.54 35.3825 0 
24.2162 45.2208 0 
24.3762 44.5776 0 
23.8605 44.6316 0 
35.3168 12.8142 0 
35.2892 12.5037 0 
34.8917 12.6501 0 
9.35219 19.2286 0 
9.8669 18.812 0 
20.1389 16.069 0 
19.5649 15.2142 0 
19.2995 15.7358 0 
17.3376 20.6027 0 
18.1678 20.3727 0 
32.7904 17.8777 0 
32.5666 17.6704 0 
33.4791 13.8142 0 
33.6134 13.6671 0 
32.0723 24.0809 0 
32.3611 23.5621 0 
30.686 15.7539 0 
30.7215 15.9869 0 
30.8887 15.8003 0 
14.4561 38.373 0 
14.5229 39.227 0 
27.2814 35.9789 0 
28.1681 35.9856 0 
32.8954 16.3669 0 
32.7814 16.5385 0 
32.9695 16.5512 0 
28.8791 34.4519 0 
29.3325 35.0739 0 
29.5466 34.1399 0 
18.7105 18.2866 0 
18.9066 17.3639 0 
22.2371 23.8253 0 
21.4583 23.701 0 
40.1687 25.2541 0 
40.5133 24.711 0 
39.8528 24.4042 0 
32.4584 11.0171 0 
32.9326 11.088 0 
32.8099 15.9513 0 
32.661 15.9502 0 
32.728 16.0719 0 
18.3992 33.3588 0 
17.6268 33.2877 0 
8.91826 22.0171 0 
8.91105 22.6489 0 
9.44988 22.4438 0 
33.2647 14.1964 0 
29.973 13.7879 0 
30.1486 13.5923 0 
26.1876 27.4125 0 
26.5668 28.1039 0 
26.8816 27.6321 0 
30.4439 14.3787 0 
30.348 14.4939 0 
30.5367 14.4897 0 
34.879 11.298 0 
35.0339 11.7104 0 
35.2888 11.3877 0 
32.9802 16.2263 0 
32.7921 16.2136 0 
36.6186 15.9712 0 
33.3172 17.2056 0 
33.161 17.4407 0 
33.4193 17.4702 0 
9.40269 29.5971 0 
10.1172 29.9231 0 
10.1192 29.2803 0 
32.5166 14.6733 0 
32.5604 14.6258 0 
32.4938 14.6113 0 
32.8843 14.9489 0 
32.8732 14.8956 0 
32.811 14.9487 0 
35.0483 19.5433 0 
34.9357 19.1152 0 
34.6574 19.4867 0 
28.7967 12.0229 0 
29.1934 12.034 0 
42.9142 19.9279 0 
33.0466 13.5261 0 
30.6189 9.51069 0 
31.0462 9.86018 0 
33.2049 16.5675 0 
32.5138 17.4587 0 
32.6845 17.3116 0 
32.4156 17.2021 0 
41.1464 19.3569 0 
41.4448 20.0636 0 
32.967 14.6601 0 
35.7297 22.4637 0 
35.4038 22.9562 0 
35.889 22.9718 0 
9.00193 38.2 0 
9.69302 38.1192 0 
23.529 44.2144 0 
23.369 44.8575 0 
39.5734 14.7141 0 
39.0984 15.1878 0 
39.9172 15.1165 0 
32.6432 16.2125 0 
31.7466 29.9057 0 
31.0113 30.3224 0 
34.3903 11.8938 0 
34.5103 12.2533 0 
34.7441 11.9801 0 
32.2283 14.5688 0 
32.2739 14.4915 0 
33.4933 13.2414 0 
33.7311 13.2963 0 
33.6611 13.0724 0 
33.2525 7.46188 0 
33.5278 7.91273 0 
25.888 28.4621 0 
25.2153 28.0577 0 
25.2305 28.6355 0 
32.4837 14.7156 0 
32.5503 14.73 0 
35.5791 12.2339 0 
35.154 12.0699 0 
33.8335 12.8741 0 
34.1126 12.9444 0 
34.0472 12.6912 0 
18.565 18.9883 0 
19.3343 18.7034 0 
24.6291 38.7991 0 
23.8959 38.8428 0 
40.2447 25.7694 0 
39.8875 26.472 0 
33.5203 13.9844 0 
8.30856 22.7703 0 
8.84018 23.197 0 
38.0303 13.3033 0 
38.5205 13.9283 0 
16.5522 35.5917 0 
17.3236 35.7017 0 
7.05645 37.999 0 
18.3773 19.6671 0 
18.9792 20.1109 0 
23.0894 35.5209 0 
22.7081 36.1621 0 
32.3657 14.7732 0 
32.3069 14.7306 0 
32.9833 15.1679 0 
33.1048 15.2554 0 
27.3014 18.2899 0 
27.6853 18.1313 0 
27.1667 17.9428 0 
36.2414 9.19254 0 
35.9618 8.70077 0 
32.9628 14.8153 0 
33.067 14.891 0 
21.5909 44.6726 0 
21.3346 44.0688 0 
21.0183 44.6343 0 
33.451 16.9953 0 
34.2414 12.4642 0 
34.5952 12.5505 0 
31.8667 14.9927 0 
31.8268 14.8989 0 
31.7714 14.9779 0 
32.1821 15.6426 0 
32.0682 15.628 0 
32.7078 14.2508 0 
32.8241 14.2772 0 
32.7902 14.1805 0 
32.452 14.8563 0 
26.814 16.0023 0 
27.1892 16.1409 0 
26.9945 15.7273 0 
31.5643 7.35152 0 
31.2629 6.8758 0 
30.8896 7.14239 0 
32.3404 14.4024 0 
32.4188 14.3251 0 
25.074 11.3877 0 
25.2872 11.83 0 
25.7034 11.3947 0 
28.3863 8.92184 0 
28.9018 9.53206 0 
28.7507 8.70546 0 
28.3261 33.7272 0 
30.468 15.7398 0 
30.6352 15.5532 0 
35.6239 11.0359 0 
33.9623 12.3939 0 
35.4431 7.39931 0 
35.2284 8.06437 0 
35.5697 7.80791 0 
36.2484 10.1968 0 
35.8496 10.6856 0 
36.5129 10.6078 0 
40.9309 18.8046 0 
40.5712 19.3622 0 
10.2196 34.2504 0 
10.6078 33.7504 0 
9.87948 33.672 0 
32.1787 14.6479 0 
32.1322 14.7065 0 
32.238 14.7188 0 
33.4256 16.5583 0 
33.3042 16.3704 0 
34.9541 26.0905 0 
34.9609 25.4489 0 
32.6741 13.0727 0 
32.6058 13.2896 0 
32.8005 13.1829 0 
36.1422 23.4086 0 
36.4681 22.9161 0 
30.3582 25.4163 0 
30.1137 24.8014 0 
29.8674 25.3251 0 
32.5257 14.8594 0 
32.4848 14.8643 0 
32.5081 14.8859 0 
21.2982 12.617 0 
20.7803 11.7008 0 
20.5179 12.2257 0 
35.6758 28.3776 0 
34.9548 28.3222 0 
27.5237 27.7061 0 
27.1445 27.0147 0 
24.6799 28.8906 0 
25.3526 29.2949 0 
32.319 14.8973 0 
32.2962 14.8474 0 
22.1162 19.6776 0 
22.0724 20.4028 0 
22.6655 20.1637 0 
5.05867 22.5806 0 
5.58655 22.106 0 
4.93964 21.8667 0 
13.2444 20.0206 0 
13.6982 20.5069 0 
14.0812 20.0101 0 
30.3824 14.2133 0 
30.5711 14.2091 0 
33.325 11.1298 0 
33.511 11.477 0 
33.7003 11.143 0 
28.5567 12.6543 0 
28.811 12.939 0 
7.67644 23.091 0 
33.3894 15.1127 0 
33.3576 14.9444 0 
32.8503 15.254 0 
32.7225 15.3088 0 
41.1656 24.7132 0 
40.8497 23.8633 0 
21.3131 35.9918 0 
22.1099 35.9958 0 
21.5675 35.501 0 
39.8682 15.8903 0 
31.9581 15.1759 0 
31.9067 15.0743 0 
31.8626 15.1734 0 
25.9068 32.8688 0 
21.9812 34.8923 0 
21.1844 34.8883 0 
30.4456 24.3503 0 
31.0471 24.553 0 
25.0747 12.2357 0 
25.7042 12.2428 0 
6.15133 29.0534 0 
6.82154 28.5694 0 
6.06237 28.3255 0 
41.5434 26.8986 0 
41.3473 27.7121 0 
18.3204 26.1156 0 
18.1368 26.8939 0 
18.8292 26.6861 0 
17.7536 19.2502 0 
23.7793 19.6361 0 
24.0438 20.23 0 
6.05186 32.8825 0 
5.30578 32.5668 0 
5.35392 33.1133 0 
32.9157 15.2124 0 
31.3454 14.285 0 
31.2307 14.4057 0 
32.8749 14.5485 0 
32.8022 14.5769 0 
32.8822 14.6139 0 
10.3143 19.3323 0 
10.3984 18.6155 0 
26.3074 15.2075 0 
26.7194 15.1248 0 
26.4074 14.7434 0 
34.1028 11.184 0 
33.9168 10.8369 0 
32.4122 15.9294 0 
32.4532 15.7899 0 
32.3309 15.8591 0 
31.8365 15.3753 0 
31.8841 15.4921 0 
19.1034 16.6584 0 
32.8173 14.7105 0 
32.902 14.7567 0 
32.8942 14.6885 0 
29.4852 14.4559 0 
29.3081 14.6747 0 
31.9307 15.6129 0 
31.9896 15.7321 0 
32.5177 15.5839 0 
32.4027 15.6328 0 
32.4869 15.6707 0 
31.5471 16.1734 0 
31.4204 16.3122 0 
31.6264 16.3827 0 
32.2495 15.7334 0 
32.2086 15.8729 0 
27.4597 18.7608 0 
26.9411 18.5723 0 
27.3366 12.0009 0 
27.5772 11.6585 0 
27.1897 11.5694 0 
36.8272 11.6811 0 
36.6845 11.2031 0 
29.0186 8.40719 0 
29.901 8.28814 0 
32.5682 15.741 0 
30.3405 13.3662 0 
30.0848 13.3219 0 
32.3326 16.5894 0 
32.16 16.7106 0 
31.9343 17.9502 0 
31.5839 17.9536 0 
31.7319 18.2505 0 
33.3578 16.2188 0 
33.137 16.228 0 
21.3933 20.5943 0 
21.9426 21.0805 0 
29.3596 25.1547 0 
29.6041 25.7697 0 
41.5073 20.5785 0 
41.2737 21.502 0 
41.8694 21.1363 0 
33.8745 26.7398 0 
33.3831 26.4077 0 
10.6256 28.8306 0 
9.91112 28.5046 0 
5.96433 27.4029 0 
29.5341 9.01741 0 
10.6848 30.281 0 
33.5957 12.8192 0 
28.6759 15.1187 0 
28.5316 14.8204 0 
28.3437 15.0915 0 
31.825 6.58188 0 
31.1504 6.37275 0 
31.6615 10.1955 0 
31.1793 10.236 0 
31.3853 10.6461 0 
31.5466 18.5361 0 
31.1666 18.5337 0 
31.3316 18.816 0 
27.4911 17.1683 0 
27.8347 16.8873 0 
27.315 16.8336 0 
33.2801 13.1899 0 
32.8445 14.384 0 
32.9268 14.3137 0 
5.76359 26.2511 0 
5.66555 25.3285 0 
31.2259 13.513 0 
31.0757 13.3072 0 
30.9717 13.4761 0 
21.7607 11.5817 0 
33.1914 15.3846 0 
10.5061 34.7603 0 
9.77774 34.6819 0 
19.2246 27.0989 0 
19.4082 26.3206 0 
31.9367 3.96211 0 
31.4632 4.27019 0 
32.0755 4.5938 0 
24.5341 14.9545 0 
24.3464 15.3798 0 
24.8752 15.3363 0 
30.7951 13.5076 0 
30.9452 13.7134 0 
25.472 31.032 0 
26.3703 30.8548 0 
14.9239 24.6357 0 
14.7121 25.3611 0 
32.6844 13.5584 0 
32.7963 13.7034 0 
32.8442 13.5448 0 
16.809 40.5357 0 
16.0737 40.119 0 
6.10043 22.3895 0 
5.9814 21.6755 0 
31.9811 15.2388 0 
32.0252 15.1397 0 
15.7849 26.2731 0 
16.5192 25.9937 0 
42.6691 20.8505 0 
35.5493 19.5671 0 
35.271 19.9387 0 
31.3773 15.5776 0 
31.2257 15.6383 0 
31.3746 15.7301 0 
32.9346 13.3811 0 
19.239 32.1676 0 
18.4974 32.1087 0 
18.8133 32.762 0 
33.0229 17.6368 0 
33.0305 17.9463 0 
31.746 15.1611 0 
31.7974 15.2628 0 
7.16624 36.4715 0 
7.04315 35.8401 0 
24.3434 46.569 0 
23.8493 46.4559 0 
23.8273 46.8988 0 
26.9064 15.4196 0 
27.2816 15.5581 0 
17.8273 22.4157 0 
30.7818 18.5447 0 
25.3045 45.3005 0 
25.5331 44.6547 0 
24.9605 44.521 0 
27.2027 13.4324 0 
27.4265 13.0944 0 
27.0432 13.0732 0 
26.8416 12.6927 0 
27.108 12.3235 0 
26.6827 12.281 0 
5.22059 19.1964 0 
27.0065 14.9556 0 
32.8711 14.4661 0 
6.07607 21.1133 0 
6.26208 20.4486 0 
5.65352 20.7275 0 
12.052 18.8349 0 
11.3193 18.7292 0 
11.5785 19.2415 0 
30.0721 15.0991 0 
31.8969 18.5327 0 
29.6421 17.1249 0 
29.5014 16.8036 0 
29.2847 17.0463 0 
33.1218 10.754 0 
27.9631 13.5173 0 
28.1656 13.216 0 
27.7885 13.1523 0 
30.3193 20.5266 0 
30.726 20.5447 0 
30.4766 20.1204 0 
32.0738 18.8392 0 
41.7334 18.1496 0 
26.4328 11.8745 0 
26.7325 11.4726 0 
26.2163 11.4352 0 
9.78177 38.742 0 
9.04648 38.9801 0 
31.9622 14.9953 0 
13.3435 21.0394 0 
14.1803 21.0289 0 
32.0455 15.8661 0 
32.1269 15.9918 0 
28.1318 9.55749 0 
30.5491 13.1831 0 
30.7837 12.9619 0 
30.5113 12.8747 0 
32.7316 15.6013 0 
32.6724 15.7257 0 
32.8021 15.7052 0 
24.5928 31.1596 0 
23.6929 31.2389 0 
6.80523 22.4113 0 
6.99285 21.762 0 
20.1993 13.1186 0 
31.1832 10.9014 0 
31.6654 10.861 0 
27.8198 33.1154 0 
27.3489 32.5357 0 
27.0882 33.3569 0 
30.7866 14.2282 0 
30.8041 14.4087 0 
30.9581 14.2624 0 
26.5734 10.138 0 
26.8675 9.69157 0 
22.1218 22.7689 0 
22.6323 23.2335 0 
22.7747 22.7002 0 
34.3284 19.2887 0 
34.441 19.7168 0 
26.3699 45.2171 0 
26.0758 46.0504 0 
29.7949 14.0057 0 
29.7148 13.7657 0 
6.58995 21.3967 0 
35.1097 14.1929 0 
34.8007 14.0248 0 
34.8759 14.362 0 
33.8479 12.0962 0 
33.6537 12.3232 0 
10.609 26.8344 0 
10.1867 27.3712 0 
10.8399 27.5182 0 
31.4982 15.3057 0 
31.3691 15.2087 0 
31.3816 15.3226 0 
32.6656 16.6835 0 
32.7209 16.8889 0 
18.1818 31.4539 0 
17.7561 32.0483 0 
38.9851 14.2975 0 
33.3961 12.2902 0 
33.5105 12.5879 0 
32.1193 14.7913 0 
32.0684 17.7129 0 
32.0927 15.2594 0 
19.1408 33.4177 0 
42.4355 21.774 0 
24.0587 18.476 0 
23.5531 18.047 0 
23.513 18.6802 0 
12.1098 38.4017 0 
42.1904 22.6966 0 
23.8074 15.4857 0 
24.1485 15.8675 0 
31.9703 12.9697 0 
32.2142 13.0166 0 
32.1249 12.7887 0 
27.261 17.4493 0 
27.7807 17.5031 0 
15.0496 21.1082 0 
15.8097 21.0026 0 
15.2951 20.3907 0 
31.7155 16.0889 0 
31.5096 16.0184 0 
33.3871 18.0093 0 
33.1546 18.2502 0 
31.8254 11.2192 0 
31.4985 11.3859 0 
31.8605 11.4887 0 
28.9778 15.7138 0 
28.7865 15.3964 0 
28.6792 15.7071 0 
31.2101 16.2779 0 
31.2894 16.4872 0 
21.3727 36.6452 0 
20.8303 36.1504 0 
34.6914 15.8079 0 
34.9652 15.9868 0 
32.5387 14.9813 0 
32.4981 15.0063 0 
41.5689 22.9627 0 
42.1235 23.5995 0 
29.7849 13.2717 0 
29.9768 13.0457 0 
28.9001 13.6382 0 
28.5882 13.4807 0 
32.9404 15.0923 0 
33.8094 15.3444 0 
33.871 15.5985 0 
33.9629 15.4412 0 
23.851 13.6872 0 
24.0175 13.0408 0 
23.5374 13.2804 0 
36.5581 28.2585 0 
25.8294 16.4878 0 
25.9686 16.0331 0 
25.5361 16.0831 0 
6.58142 26.0695 0 
7.39233 26.1127 0 
20.4693 14.9665 0 
19.6299 14.6333 0 
27.629 12.7931 0 
31.859 2.96736 0 
32.5455 2.99617 0 
5.17467 19.7933 0 
5.88545 19.466 0 
31.0736 15.9121 0 
31.0381 15.6791 0 
40.2986 20.7821 0 
40.8492 20.4293 0 
40.2361 20.2673 0 
8.71769 38.6903 0 
8.45019 38.3349 0 
32.3767 15.2967 0 
32.4272 15.3844 0 
32.4675 15.3126 0 
7.38883 26.8192 0 
7.94943 26.3308 0 
38.2899 14.4163 0 
32.3144 29.5549 0 
31.61 29.2225 0 
29.1956 16.1562 0 
29.4356 16.0492 0 
29.1104 15.9174 0 
36.7374 14.3698 0 
36.4268 14.8002 0 
17.3073 32.6372 0 
16.9918 31.9824 0 
6.58561 23.4774 0 
6.41038 22.8418 0 
5.88082 23.4556 0 
27.8606 19.9501 0 
27.5595 20.3334 0 
28.0664 20.4063 0 
27.5365 14.1069 0 
27.7409 13.7994 0 
27.3817 13.7611 0 
24.8279 13.8461 0 
25.0343 14.2062 0 
25.3344 13.7846 0 
33.9912 14.605 0 
33.9273 14.3931 0 
34.7266 10.9266 0 
34.4717 11.2493 0 
23.8407 16.9344 0 
23.9951 16.3785 0 
23.4551 16.5292 0 
24.8888 16.6607 0 
25.0422 16.1497 0 
24.5341 16.2726 0 
7.35057 38.505 0 
32.5568 15.9655 0 
32.4345 16.0347 0 
21.2942 33.6162 0 
22.0028 33.6687 0 
21.6989 33.0054 0 
32.2977 17.5609 0 
32.935 15.7029 0 
32.8758 15.8274 0 
24.0329 45.7004 0 
23.5169 46.0302 0 
15.9888 39.227 0 
15.3073 39.5842 0 
11.3866 17.7923 0 
12.1219 17.7923 0 
32.9867 3.53188 0 
32.3985 3.8295 0 
32.6524 15.5097 0 
26.6178 13.0307 0 
31.6672 14.9643 0 
31.707 15.0582 0 
36.0569 12.3602 0 
30.4664 29.186 0 
29.8239 29.5077 0 
30.3996 29.895 0 
30.1748 12.7997 0 
30.4094 12.5785 0 
27.4201 39.8102 0 
27.7958 40.4719 0 
28.1538 39.8144 0 
19.8531 19.1884 0 
19.9987 18.4866 0 
22.339 34.2903 0 
22.7437 33.6795 0 
26.1664 12.2436 0 
31.5082 19.1341 0 
31.1282 19.1317 0 
25.1814 15.695 0 
24.039 41.0795 0 
24.4274 41.644 0 
24.7054 41.0606 0 
32.6387 15.845 0 
37.2817 15.0574 0 
37.7718 14.663 0 
37.3352 14.4415 0 
29.7917 33.2173 0 
29.0414 14.633 0 
29.1306 14.8894 0 
36.413 9.78778 0 
35.7497 9.86556 0 
18.6599 39.919 0 
18.2748 40.2888 0 
18.8921 40.4798 0 
41.1236 22.4588 0 
41.0567 23.3616 0 
23.9494 14.0973 0 
24.4294 13.8577 0 
33.0028 13.1642 0 
18.4963 39.3752 0 
19.1136 39.5662 0 
19.9485 13.7404 0 
9.53327 27.1371 0 
9.76413 27.8209 0 
34.6886 16.8438 0 
34.9846 16.7 0 
24.4847 18.1399 0 
33.1461 12.9918 0 
31.1327 16.0681 0 
31.0016 16.2431 0 
24.2032 42.7366 0 
24.2511 42.1676 0 
23.7131 42.2319 0 
32.2385 14.3883 0 
34.6029 14.4239 0 
34.9119 14.592 0 
22.7221 34.903 0 
26.1669 44.7091 0 
25.8229 43.9296 0 
11.2411 19.6095 0 
11.9738 19.7151 0 
20.6946 18.3319 0 
20.1759 17.8469 0 
7.28257 23.5457 0 
32.9428 15.9491 0 
10.7936 37.9486 0 
10.2054 38.3058 0 
24.9175 42.1487 0 
31.3304 15.833 0 
31.482 15.7723 0 
34.2552 11.5554 0 
14.8165 19.891 0 
27.9745 11.8218 0 
27.8276 11.3903 0 
23.154 17.6681 0 
22.7165 17.2441 0 
22.5697 17.8272 0 
31.3695 15.4527 0 
31.5184 15.5445 0 
29.7186 17.4173 0 
29.6441 14.2385 0 
29.9023 14.2606 0 
39.4679 19.1018 0 
40.0607 19.1796 0 
39.763 18.7321 0 
12.2489 20.3003 0 
11.5811 20.5776 0 
12.1935 20.7947 0 
32.8226 17.1156 0 
23.2797 22.5775 0 
22.7693 22.113 0 
21.9652 17.9988 0 
21.502 17.5477 0 
21.335 18.1433 0 
16.5822 20.7808 0 
26.1708 16.8589 0 
25.7383 16.9089 0 
30.6129 13.4535 0 
36.2841 17.0492 0 
36.0962 16.698 0 
32.9725 18.5424 0 
32.7914 18.8788 0 
26.0031 10.9928 0 
28.0908 11.0345 0 
27.6935 10.8712 0 
27.4139 26.455 0 
26.7718 26.381 0 
35.273 16.8044 0 
35.2693 16.4208 0 
15.5766 19.7854 0 
32.2603 14.7892 0 
26.5255 17.1973 0 
26.6166 16.7762 0 
29.3324 16.5065 0 
29.0072 16.3747 0 
25.3053 39.8971 0 
24.9925 40.4863 0 
27.6714 19.5344 0 
28.1783 19.6073 0 
30.6296 5.9979 0 
30.0414 5.46218 0 
18.6126 30.8559 0 
17.8714 30.7955 0 
7.49604 28.8603 0 
7.40708 28.1324 0 
32.4241 13.0075 0 
32.6188 12.9008 0 
37.7615 12.8718 0 
37.5564 13.6157 0 
32.1553 5.77751 0 
32.1798 6.37275 0 
34.2889 16.9229 0 
34.5887 17.1627 0 
25.9918 39.8497 0 
26.365 40.472 0 
26.6889 39.8453 0 
12.1076 35.6729 0 
12.4923 35.1024 0 
11.8183 35.0951 0 
31.2744 26.2032 0 
30.7282 25.7461 0 
30.6581 26.3972 0 
24.3877 11.2686 0 
28.3965 14.567 0 
28.0476 14.4692 0 
32.6033 14.2526 0 
32.6372 14.3492 0 
32.7251 13.8342 0 
24.2666 14.6329 0 
23.6881 14.4625 0 
37.838 17.1936 0 
37.7693 17.692 0 
38.2511 17.4957 0 
31.5392 1.56567 0 
31.2938 2.07257 0 
31.8936 14.8045 0 
31.7983 14.7896 0 
26.582 28.6817 0 
23.6961 38.2196 0 
23.2766 38.782 0 
37.8127 22.6086 0 
37.5241 23.0333 0 
38.0617 23.1035 0 
34.1154 23.7231 0 
33.6061 23.9724 0 
33.9981 24.3205 0 
29.2548 20.9074 0 
29.4946 20.5102 0 
29.0121 20.4819 0 
26.2972 10.5464 0 
21.1578 18.783 0 
16.7127 31.3191 0 
16.2639 31.908 0 
32.3764 14.9964 0 
32.3443 14.9502 0 
35.9384 16.4146 0 
35.7154 16.8086 0 
22.4028 18.4228 0 
33.3375 11.7446 0 
33.7128 11.7578 0 
16.8624 33.2218 0 
32.246 19.1632 0 
31.8839 19.1424 0 
32.3343 16.1526 0 
32.4789 16.1886 0 
20.8695 34.2354 0 
28.4698 11.2423 0 
28.3357 10.7232 0 
14.1416 37.5629 0 
14.9079 37.8821 0 
32.9773 14.9718 0 
34.0214 11.8285 0 
30.7375 19.1176 0 
30.563 18.7837 0 
30.3489 19.0876 0 
32.1225 14.5565 0 
34.4694 24.6032 0 
33.9602 24.8524 0 
13.3298 23.0604 0 
14.0595 23.1548 0 
13.7762 22.586 0 
33.4619 25.162 0 
32.9567 24.8188 0 
32.9298 25.411 0 
32.2273 14.8356 0 
34.6998 28.9979 0 
34.4547 29.8312 0 
37.3786 16.8763 0 
32.3054 15.2889 0 
32.2058 15.2628 0 
31.9847 14.8595 0 
25.3213 29.9959 0 
24.442 30.1235 0 
24.9613 30.5693 0 
4.79258 21.1722 0 
12.1758 29.0357 0 
12.8985 29.1002 0 
12.5846 28.4339 0 
30.5683 22.0178 0 
30.1026 22.2347 0 
7.1577 32.2828 0 
6.60684 32.0474 0 
6.55458 32.5713 0 
31.9571 24.6406 0 
31.4171 24.8827 0 
31.8846 25.3099 0 
20.8758 20.1257 0 
20.7459 20.8033 0 
23.3772 39.9545 0 
23.7975 40.5 0 
12.6967 21.0295 0 
13.1789 21.5515 0 
33.7214 17.5074 0 
33.5651 17.7425 0 
26.9983 13.7399 0 
33.8319 13.7241 0 
33.7818 13.5223 0 
32.1157 20.4472 0 
32.2846 20.7955 0 
32.538 20.4698 0 
31.9937 14.9245 0 
28.6339 25.7149 0 
28.8528 25.1127 0 
34.9639 22.8103 0 
35.1232 23.3185 0 
10.6164 32.6258 0 
10.9342 33.234 0 
11.2829 32.6878 0 
33.9241 28.0646 0 
33.6691 28.7403 0 
34.3605 28.5106 0 
28.5214 39.1002 0 
32.3808 25.6673 0 
31.8408 25.9095 0 
33.3928 15.9774 0 
33.4354 15.8312 0 
33.2332 15.9303 0 
31.952 8.51556 0 
32.303 8.86326 0 
24.3808 43.3304 0 
23.8428 43.3946 0 
31.7198 15.3629 0 
30.8391 15.232 0 
30.7632 15.3946 0 
34.244 8.04495 0 
34.5815 7.62386 0 
31.8055 15.5962 0 
25.3809 41.0508 0 
40.2761 19.7319 0 
39.7255 20.0847 0 
32.6105 15.3989 0 
32.56 15.511 0 
32.7684 14.4295 0 
32.8294 8.18478 0 
32.902 7.69122 0 
32.5597 7.97606 0 
22.443 21.5623 0 
21.7639 21.7538 0 
33.1776 28.8617 0 
33.6139 29.3076 0 
11.4016 37.6108 0 
10.7246 37.3451 0 
30.0595 26.6877 0 
30.6057 27.1448 0 
24.8813 47.1964 0 
24.4646 47.5535 0 
7.85511 38.3938 0 
8.13935 37.9035 0 
36.5004 20.3274 0 
36.2559 19.9266 0 
36.0165 20.3633 0 
20.5656 33.5721 0 
36.4756 23.7646 0 
35.8964 23.8203 0 
11.6454 32.1326 0 
11.9633 32.7408 0 
39.1919 27.2825 0 
38.5792 27.1337 0 
32.21 8.15648 0 
31.6749 8.20242 0 
11.5656 23.3982 0 
11.1848 23.9574 0 
11.8562 23.984 0 
11.5755 34.4267 0 
11.1908 34.9972 0 
32.8242 12.0112 0 
33.0977 11.781 0 
12.6182 38.0465 0 
11.9789 37.8592 0 
8.38968 37.4162 0 
6.40016 19.8529 0 
7.56164 29.5545 0 
8.14718 29.1176 0 
32.2884 14.9467 0 
32.5395 15.3281 0 
32.4889 15.2405 0 
31.9079 15.851 0 
27.849 14.7527 0 
27.6971 14.4287 0 
14.6949 21.6407 0 
11.268 30.2602 0 
11.1191 30.9349 0 
34.5917 20.3724 0 
34.3481 20.0321 0 
34.1699 20.4896 0 
38.6518 17.7863 0 
38.7205 17.2879 0 
26.7922 10.6249 0 
8.88248 34.2234 0 
9.23505 33.6831 0 
8.62632 33.7344 0 
20.6146 24.8301 0 
20.9905 25.5111 0 
29.8748 12.7495 0 
21.6235 22.4241 0 
21.123 21.9422 0 
26.9731 11.1301 0 
12.2636 33.3655 0 
12.6262 32.8103 0 
29.4302 13.7246 0 
29.6084 13.5068 0 
11.9103 22.824 0 
11.2389 22.7975 0 
32.2695 13.1885 0 
15.035 22.2002 0 
15.1312 22.9419 0 
24.9651 43.2738 0 
24.6048 43.9318 0 
21.4617 43.6977 0 
20.8891 43.6595 0 
25.6066 17.3952 0 
25.2651 17.024 0 
27.4955 12.4126 0 
12.7183 31.605 0 
13.0213 32.2415 0 
13.4138 31.661 0 
37.2043 11.877 0 
37.6945 12.502 0 
33.7417 10.4656 0 
34.1442 10.5067 0 
31.0639 28.8842 0 
30.4881 28.497 0 
38.2364 15.0321 0 
11.6618 29.6541 0 
12.0961 30.3081 0 
37.1985 26.2391 0 
36.7839 26.6837 0 
37.3754 26.8173 0 
23.4024 15.0369 0 
23.0852 14.5014 0 
12.5461 24.0489 0 
12.1653 24.6081 0 
13.2059 29.7627 0 
13.6146 29.1609 0 
33.7391 20.4947 0 
33.5377 20.1494 0 
33.3505 20.4948 0 
29.4867 21.3516 0 
29.0042 21.3234 0 
30.7746 16.207 0 
30.852 16.4168 0 
11.7732 25.1899 0 
12.4631 25.2548 0 
28.9745 15.1254 0 
37.2274 13.9755 0 
30.9142 19.4357 0 
23.029 12.7596 0 
22.8625 13.4061 0 
28.1472 15.368 0 
28.0029 15.0697 0 
23.6998 17.4639 0 
31.7001 27.2188 0 
32.2665 26.9251 0 
31.7707 26.5606 0 
33.9496 13.3533 0 
23.0809 20.526 0 
23.1247 19.8007 0 
32.5214 15.0657 0 
32.4624 15.0527 0 
30.2015 8.90279 0 
31.1449 27.5247 0 
30.5463 27.8152 0 
26.3263 19.3129 0 
25.8673 19.536 0 
30.0065 21.3528 0 
29.7559 21.7687 0 
38.808 16.7879 0 
39.2087 17.0785 0 
26.2658 18.1712 0 
26.4312 17.6907 0 
25.9142 17.7605 0 
23.364 19.2738 0 
22.8583 18.8448 0 
29.6488 16.0857 0 
29.8154 16.288 0 
29.9435 16.0857 0 
26.6353 16.4268 0 
26.4406 16.0133 0 
37.6112 25.8572 0 
37.0197 25.7236 0 
11.9019 33.9103 0 
12.5648 33.9798 0 
41.395 26.0741 0 
29.5848 12.1101 0 
29.4205 11.7733 0 
31.2821 15.9469 0 
12.8497 34.5984 0 
13.2115 34.0536 0 
20.4571 22.1715 0 
20.5975 21.5012 0 
38.3441 23.6391 0 
38.6327 23.2145 0 
8.59859 36.9082 0 
24.2398 17.3132 0 
32.5398 24.5081 0 
32.3849 15.4573 0 
32.4758 15.4732 0 
10.4063 21.9572 0 
10.95 22.3438 0 
11.0399 21.8368 0 
11.3478 28.9878 0 
32.7635 27.3222 0 
32.8341 26.664 0 
14.1658 22.1209 0 
13.1783 25.3166 0 
12.7863 25.8984 0 
29.5828 22.2335 0 
14.8308 31.771 0 
15.5555 31.8309 0 
15.2602 31.1848 0 
22.6548 14.0282 0 
22.369 14.6027 0 
33.2639 14.4776 0 
33.2613 14.3368 0 
29.2178 15.6067 0 
32.886 26.0106 0 
15.8345 32.4942 0 
28.107 38.4891 0 
27.7128 37.8625 0 
27.384 38.5262 0 
37.8604 16.68 0 
38.3999 16.4609 0 
21.8581 43.5435 0 
22.3998 43.7904 0 
22.3507 43.2268 0 
9.29439 32.6096 0 
9.62332 33.1831 0 
9.93882 32.5985 0 
5.52802 24.6052 0 
5.38097 23.9107 0 
35.4846 24.0408 0 
35.0352 23.7678 0 
34.9568 24.3442 0 
30.1541 14.2053 0 
13.8989 34.1172 0 
13.614 33.4986 0 
34.5954 23.6219 0 
20.08 21.0326 0 
10.1685 23.2236 0 
9.78731 23.748 0 
10.5131 23.896 0 
19.8479 33.5062 0 
20.2726 32.8869 0 
30.989 13.1354 0 
30.9512 12.8269 0 
19.3481 30.9201 0 
19.0376 30.2617 0 
6.0139 26.7827 0 
25.3691 15.2697 0 
13.3217 32.8662 0 
38.6172 15.355 0 
30.153 20.9433 0 
29.9036 20.519 0 
32.3045 15.6288 0 
15.7081 36.7017 0 
16.422 36.7788 0 
16.1534 36.1446 0 
37.2421 19.8705 0 
37.0072 20.3085 0 
37.5094 20.2884 0 
24.1486 27.5449 0 
24.8487 27.5589 0 
24.4395 26.8727 0 
9.64055 35.5159 0 
9.75048 36.0931 0 
10.1742 35.7691 0 
34.3909 17.5085 0 
34.7906 17.4294 0 
31.6805 19.4581 0 
26.5542 20.2016 0 
26.0279 20.1403 0 
26.2027 20.6076 0 
24.7803 46.657 0 
25.3402 46.8415 0 
19.9756 32.2328 0 
20.6933 32.2987 0 
27.9246 28.8413 0 
27.2439 29.1135 0 
27.9077 29.6312 0 
13.139 35.1762 0 
32.543 16.3304 0 
22.9062 10.4946 0 
23.5925 10.8815 0 
23.4314 10.3274 0 
32.915 15.0249 0 
36.7677 20.7452 0 
6.8227 20.2386 0 
16.407 30.6548 0 
17.1349 30.7293 0 
28.4906 16.0019 0 
28.2994 15.6846 0 
17.2469 29.4644 0 
17.5657 30.1313 0 
17.9834 29.5306 0 
25.6292 39.2704 0 
33.1892 23.6618 0 
33.072 24.2592 0 
12.3733 26.4998 0 
13.0885 26.5616 0 
8.50739 23.788 0 
9.10988 23.6666 0 
29.5003 13.2306 0 
22.4097 25.5158 0 
21.9917 26.0989 0 
22.7123 26.1528 0 
33.56 16.1197 0 
30.3401 4.30362 0 
30.5852 3.67862 0 
33.329 18.6054 0 
34.9188 24.8761 0 
38.0465 20.2767 0 
37.8115 20.7147 0 
16.6685 39.0798 0 
15.902 38.545 0 
12.4066 30.9693 0 
12.0141 31.5498 0 
31.0513 3.95025 0 
30.8583 3.36687 0 
25.5451 25.1577 0 
26.1426 25.1694 0 
25.8496 24.5811 0 
27.979 26.4596 0 
24.7571 17.147 0 
12.8003 30.3633 0 
13.5164 30.4239 0 
20.9182 29.787 0 
21.6504 29.8553 0 
21.3394 29.1853 0 
40.1164 18.4085 0 
39.5236 18.3308 0 
20.0847 30.9852 0 
20.8127 31.0507 0 
20.5011 30.3914 0 
36.0487 25.9341 0 
35.5654 26.349 0 
36.1237 26.5204 0 
38.8881 16.2516 0 
37.9881 26.9661 0 
10.8084 36.6768 0 
10.2004 37.0146 0 
24.4532 37.57 0 
24.9398 38.1531 0 
25.0775 37.4427 0 
4.91058 32.0543 0 
4.51842 31.3698 0 
28.7835 16.6766 0 
28.6467 16.3264 0 
20.7712 27.8679 0 
20.3487 28.4641 0 
21.0297 28.5208 0 
31.6418 15.1475 0 
33.0609 12.7605 0 
33.3382 12.7863 0 
10.749 35.4287 0 
33.7823 16.0538 0 
33.7472 16.2953 0 
32.6319 15.3268 0 
11.9688 27.0722 0 
11.562 27.6753 0 
12.2687 27.7662 0 
32.0156 17.5012 0 
22.8126 24.959 0 
13.8232 31.0747 0 
14.2288 30.4741 0 
13.8178 26.6199 0 
13.4047 27.2213 0 
19.7086 19.87 0 
20.3729 19.6532 0 
23.0393 16.1098 0 
22.8849 16.6657 0 
27.0469 39.1878 0 
18.3982 28.9254 0 
18.717 29.5923 0 
14.1262 31.7112 0 
30.3687 30.644 0 
11.3337 31.4969 0 
33.8098 15.7867 0 
33.9971 15.9623 0 
24.6161 17.6766 0 
25.2535 38.6718 0 
25.94 38.6244 0 
24.5724 35.4903 0 
24.9606 36.1517 0 
29.0788 17.3267 0 
28.938 17.0054 0 
15.679 30.5908 0 
16.1012 30.001 0 
31.7891 11.777 0 
32.116 11.6103 0 
10.8037 24.4818 0 
20.4957 27.2258 0 
21.1767 27.2825 0 
26.4396 25.7837 0 
26.7442 25.207 0 
11.6666 26.4089 0 
25.3768 36.768 0 
25.8635 37.3511 0 
29.2413 15.1671 0 
26.0398 41.0607 0 
26.7369 41.0563 0 
15.8983 28.06 0 
15.1733 27.9966 0 
15.482 28.6729 0 
30.5864 13.6907 0 
35.0396 20.3567 0 
34.8614 20.8142 0 
14.6502 26.626 0 
14.334 25.9663 0 
21.4094 32.3566 0 
21.1123 31.7024 0 
15.7901 29.3366 0 
16.5182 29.4006 0 
26.277 37.9627 0 
26.6527 38.5613 0 
14.3395 29.2164 0 
14.6476 29.8801 0 
15.0651 29.2732 0 
27.001 24.6387 0 
16.8106 20.107 0 
17.0428 19.4287 0 
16.2874 19.6069 0 
32.9208 17.3722 0 
21.7619 28.5891 0 
22.4943 28.6549 0 
22.1846 27.9904 0 
32.5499 13.4487 0 
32.502 13.6073 0 
32.6108 14.9037 0 
32.585 14.8742 0 
8.49474 39.115 0 
7.90651 39.2936 0 
8.80875 29.383 0 
8.74315 28.6888 0 
8.39708 26.7305 0 
8.40059 26.024 0 
22.4724 44.2737 0 
22.965 43.957 0 
32.4173 19.4838 0 
32.6072 19.1806 0 
13.8797 25.355 0 
14.0091 32.9298 0 
21.2951 26.0512 0 
21.5977 26.6882 0 
12.0289 21.3068 0 
33.6822 16.5468 0 
33.5829 16.7439 0 
23.4472 34.919 0 
15.8382 35.5146 0 
29.9489 28.117 0 
7.05218 29.9535 0 
7.70332 30.2108 0 
19.4525 29.6565 0 
36.1403 17.4309 0 
35.6242 17.4297 0 
35.8912 17.7685 0 
33.7157 8.69643 0 
33.9823 8.35102 0 
33.6172 8.27092 0 
18.1551 28.1641 0 
17.8368 27.5301 0 
17.3462 28.2298 0 
11.2743 33.8124 0 
27.0413 20.273 0 
27.2472 20.7292 0 
35.4308 17.0878 0 
21.5288 31.1086 0 
32.8601 14.0791 0 
22.2538 19.0164 0 
33.9826 20.835 0 
12.9913 27.8307 0 
35.2853 16.1169 0 
35.2697 15.7873 0 
28.6711 28.6655 0 
28.0072 28.1477 0 
7.20843 20.6149 0 
7.34651 20.0191 0 
21.8733 27.3302 0 
23.2044 15.5246 0 
41.3926 17.6794 0 
41.1652 18.3291 0 
13.5564 24.7114 0 
16.9358 28.8 0 
9.25773 28.2705 0 
8.59616 28.005 0 
32.0375 21.152 0 
32.4598 21.1746 0 
16.3525 23.6192 0 
17.0469 23.3366 0 
29.5482 26.3175 0 
29.4958 27.0651 0 
20.318 22.8676 0 
19.7925 22.4266 0 
14.1792 34.744 0 
14.5817 34.189 0 
26.5651 29.4716 0 
16.3087 27.4897 0 
16.6175 28.166 0 
28.0536 37.2054 0 
27.3305 37.2425 0 
31.1918 5.70398 0 
19.611 28.3991 0 
19.8695 29.0521 0 
7.78386 30.8825 0 
8.29332 30.4835 0 
21.9489 30.5059 0 
22.3701 29.9043 0 
10.8589 36.0059 0 
32.6514 15.238 0 
32.6005 14.741 0 
32.6606 14.7569 0 
32.6433 14.7037 0 
35.5407 20.3805 0 
35.7851 20.7814 0 
18.8887 28.2258 0 
13.4361 22.0265 0 
27.5442 19.1174 0 
27.2265 19.4602 0 
14.9544 30.5309 0 
32.7439 14.0528 0 
24.8305 26.2896 0 
24.1304 26.2756 0 
32.6946 14.411 0 
32.9627 19.1994 0 
23.7374 28.1436 0 
23.3282 27.4574 0 
11.3879 25.7335 0 
10.9835 26.3059 0 
25.4411 17.8756 0 
16.4282 33.7873 0 
15.9557 34.332 0 
32.0586 14.4793 0 
35.1817 17.4255 0 
15.5494 34.8887 0 
15.2682 34.2591 0 
13.7206 27.889 0 
28.5868 32.9061 0 
25.7528 41.6351 0 
29.2396 29.0789 0 
29.1728 29.7879 0 
38.5749 24.1779 0 
38.8714 24.7765 0 
39.2117 24.3487 0 
11.1397 28.2122 0 
10.2874 32.0523 0 
24.7295 13.436 0 
27.4754 41.1048 0 
28.2091 41.1091 0 
21.7194 42.4542 0 
22.2514 42.6677 0 
22.1619 42.142 0 
12.6417 22.9582 0 
12.315 22.3575 0 
33.0915 8.95168 0 
32.9189 8.54298 0 
32.6598 8.87832 0 
17.5758 36.3765 0 
18.0319 35.8565 0 
34.1925 21.2088 0 
33.7617 21.2139 0 
21.2103 42.2303 0 
21.2998 42.756 0 
19.0575 41.0201 0 
18.5428 41.3177 0 
25.5157 19.942 0 
14.8618 27.3316 0 
14.4455 27.9445 0 
32.9532 10.3866 0 
33.3456 10.4284 0 
30.6163 11.3726 0 
30.9272 11.0744 0 
30.5922 10.9847 0 
29.2179 37.7222 0 
28.8503 38.4365 0 
29.9548 24.2591 0 
17.4957 24.5096 0 
18.1723 24.2844 0 
17.6252 23.8097 0 
12.6752 18.87 0 
12.9693 19.4355 0 
28.9063 14.3796 0 
28.7288 14.5943 0 
19.3507 21.2735 0 
19.4991 20.5756 0 
31.6797 14.7889 0 
27.3379 14.3904 0 
31.7861 3.50589 0 
32.6262 14.6431 0 
32.6034 14.5811 0 
19.0814 22.6579 0 
19.2205 21.9619 0 
35.1506 13.1691 0 
35.5482 13.0227 0 
20.2954 23.6113 0 
20.9599 23.3562 0 
17.7236 23.1113 0 
7.84383 23.7732 0 
8.11352 24.2427 0 
16.7919 24.7244 0 
17.339 25.199 0 
34.6228 12.861 0 
19.6597 31.5794 0 
18.4056 22.8889 0 
34.3704 10.1685 0 
34.5454 10.5397 0 
17.2349 40.9717 0 
17.1811 40.1979 0 
32.5551 12.651 0 
32.8051 12.7163 0 
18.9777 23.3536 0 
30.3932 18.5148 0 
30.0309 18.3929 0 
10.4184 25.0254 0 
11.0901 25.0868 0 
31.6408 27.8892 0 
31.1365 5.11551 0 
31.6573 5.49036 0 
9.45451 24.339 0 
29.0915 14.1572 0 
31.4527 17.6982 0 
25.8354 15.2273 0 
25.5292 14.8686 0 
39.6203 17.3851 0 
39.7078 16.8852 0 
26.7394 19.3888 0 
26.8666 19.8057 0 
22.6057 27.396 0 
14.988 33.6323 0 
27.3973 9.79151 0 
30.5056 17.4562 0 
34.0192 19.834 0 
40.5901 18.3344 0 
15.4003 33.0597 0 
14.7137 32.9897 0 
31.6292 14.8671 0 
31.5649 14.9474 0 
24.932 34.8271 0 
24.1741 34.8737 0 
40.2067 16.6911 0 
40.6234 17.0185 0 
31.7405 21.4867 0 
31.4855 21.8665 0 
31.9577 21.911 0 
18.5279 25.4461 0 
19.21 25.2128 0 
18.725 24.751 0 
22.7842 29.3173 0 
23.2069 28.7185 0 
18.8545 24.0511 0 
30.5451 15.3805 0 
14.0321 28.554 0 
10.0481 25.539 0 
9.76166 24.934 0 
30.9311 2.82833 0 
30.9311 2.29262 0 
25.4888 26.3164 0 
25.1797 25.7193 0 
19.5303 23.8202 0 
22.118 32.4091 0 
9.71819 36.5874 0 
29.3222 28.3853 0 
10.7504 31.5176 0 
29.3804 27.7036 0 
11.3831 36.3364 0 
7.08753 21.1997 0 
7.61133 20.9803 0 
26.917 36.6309 0 
26.5763 37.288 0 
32.5915 16.4992 0 
20.1901 29.7214 0 
16.1087 33.1368 0 
14.4214 32.3573 0 
22.2485 31.1576 0 
22.1463 13.5074 0 
29.3325 35.7882 0 
21.0203 19.4441 0 
34.2009 15.5504 0 
34.1392 15.2963 0 
23.0827 29.9679 0 
20.1722 24.3088 0 
29.4631 17.9978 0 
29.6565 17.6999 0 
29.232 17.6656 0 
21.6607 19.2556 0 
28.9312 10.0076 0 
28.626 10.3397 0 
29.0198 10.5989 0 
24.5487 45.6464 0 
24.8023 46.2141 0 
24.9856 45.7345 0 
22.8055 39.1878 0 
22.6057 38.5645 0 
26.8771 17.6079 0 
21.6845 39.3481 0 
21.5602 38.797 0 
21.1102 39.1748 0 
12.5862 19.9323 0 
12.7893 22.0166 0 
19.4553 36.2708 0 
18.7923 36.0573 0 
18.9472 36.7448 0 
22.7443 44.8392 0 
22.1791 44.6726 0 
35.4719 14.2508 0 
35.3966 13.9135 0 
33.2328 9.34238 0 
33.4919 9.00703 0 
30.9745 25.2223 0 
39.5563 23.8056 0 
19.706 37.6048 0 
19.1032 37.3852 0 
19.199 38.0318 0 
10.6054 22.9179 0 
28.247 10.1319 0 
5.66191 29.5281 0 
6.42108 29.772 0 
19.3679 27.6378 0 
23.0169 26.7973 0 
24.8868 25.131 0 
18.4402 37.1717 0 
19.6767 17.2961 0 
12.416 18.3578 0 
13.7847 35.2682 0 
14.4674 35.34 0 
39.7952 16.3845 0 
30.7251 14.0628 0 
31.5774 14.772 0 
25.7466 36.0601 0 
15.378 26.6781 0 
22.7932 42.9146 0 
8.52833 27.312 0 
8.01376 27.7304 0 
24.0273 28.806 0 
25.8719 29.7407 0 
26.5337 30.1725 0 
32.1162 10.2948 0 
32.2984 10.6589 0 
32.5473 10.3481 0 
36.9982 22.9456 0 
37.2472 23.4406 0 
29.6898 16.585 0 
29.9844 16.5851 0 
34.5864 9.84668 0 
34.1852 9.81364 0 
8.36501 24.941 0 
8.67216 25.536 0 
9.08423 24.8526 0 
5.95144 34.8655 0 
5.87791 34.3595 0 
33.3251 14.7875 0 
33.3101 14.6317 0 
34.4526 14.7803 0 
34.4053 14.5617 0 
34.219 14.6882 0 
29.6609 20.0935 0 
33.7053 19.8369 0 
33.3167 19.837 0 
29.1439 13.6809 0 
29.2504 13.9398 0 
22.3007 16.8247 0 
22.2128 39.5423 0 
22.8837 39.7598 0 
26.1823 24.0516 0 
25.5847 24.04 0 
28.4447 13.2705 0 
28.2701 12.9055 0 
23.2241 24.4059 0 
23.5418 25.0165 0 
36.6488 19.1689 0 
36.87 18.8318 0 
36.3674 18.8801 0 
32.0274 10.9638 0 
17.3279 26.9596 0 
33.2995 12.0618 0 
20.3953 42.8732 0 
20.2973 42.3672 0 
31.0646 21.854 0 
30.772 21.606 0 
5.20573 23.2751 0 
39.2975 19.6486 0 
38.9999 19.2011 0 
25.6068 33.526 0 
24.8651 33.5855 0 
25.2754 34.151 0 
32.055 12.5492 0 
32.299 12.5961 0 
23.8068 34.2558 0 
5.60852 31.8235 0 
38.6764 18.3243 0 
39.1457 18.1164 0 
16.6445 37.4095 0 
17.0899 36.8523 0 
17.1315 25.8686 0 
17.8354 25.6538 0 
35.818 24.3967 0 
16.2694 24.2783 0 
32.6863 14.659 0 
35.0317 8.67509 0 
34.9295 9.18228 0 
18.7731 38.4173 0 
19.376 38.6368 0 
25.7569 46.4844 0 
23.4349 26.2142 0 
33.7076 16.9837 0 
22.6343 15.661 0 
33.6562 15.69 0 
33.5739 15.5177 0 
33.5126 15.706 0 
32.1 5.18904 0 
33.5731 10.0982 0 
7.80635 36.5131 0 
28.7238 21.7326 0 
28.4919 21.2884 0 
21.4125 43.1342 0 
9.52738 35.0698 0 
9.10366 35.3938 0 
20.2028 41.8675 0 
20.1048 41.3616 0 
40.5533 21.3588 0 
39.9402 21.1968 0 
32.5233 15.184 0 
32.5906 15.193 0 
32.553 15.1211 0 
26.9901 16.7652 0 
29.7797 18.7053 0 
29.6362 18.3444 0 
8.6452 20.5324 0 
9.06825 20.8956 0 
9.16032 20.3482 0 
33.6891 18.0465 0 
22.9862 31.1678 0 
22.5661 31.7705 0 
34.9527 10.5884 0 
31.9254 13.7263 0 
31.8613 13.8931 0 
27.0635 30.5856 0 
24.8671 22.3823 0 
24.5083 22.8672 0 
25.0803 22.9337 0 
22.8556 32.4193 0 
34.3693 14.3317 0 
13.9354 24.1895 0 
13.2341 24.1511 0 
26.9559 21.1476 0 
27.4741 21.2079 0 
29.1161 24.6682 0 
29.3955 24.1619 0 
28.8887 24.1199 0 
26.1702 26.3433 0 
6.02888 35.4103 0 
8.02178 21.3224 0 
8.14268 20.7376 0 
6.78215 27.2212 0 
22.89 23.7566 0 
8.33922 19.6354 0 
8.82942 19.4568 0 
7.8367 19.8406 0 
30.77 10.3107 0 
29.2946 22.6672 0 
28.9479 22.2012 0 
6.84483 34.7624 0 
7.25018 34.4298 0 
6.76901 34.2198 0 
13.4272 35.7722 0 
33.3105 23.2079 0 
32.7764 23.4947 0 
25.895 21.0429 0 
26.4213 21.1042 0 
30.7549 1.26805 0 
31.245 1.20852 0 
32.0199 16.127 0 
32.183 16.1338 0 
30.2777 12.249 0 
30.6142 12.3239 0 
27.82 30.3478 0 
28.5007 30.0757 0 
32.4757 9.27196 0 
33.3406 15.3782 0 
33.281 15.54 0 
26.5271 36.0244 0 
30.1177 19.3941 0 
29.9431 19.0602 0 
6.74536 31.545 0 
6.14224 31.8335 0 
31.5178 12.4319 0 
31.6164 12.6856 0 
31.7823 12.4881 0 
24.2129 20.7428 0 
24.4278 21.2931 0 
24.7625 20.8473 0 
39.5434 26.8369 0 
39.7632 27.4116 0 
32.0074 14.3765 0 
32.1209 14.3745 0 
27.8576 12.4705 0 
29.3778 14.2009 0 
7.33925 27.4394 0 
28.8691 27.3334 0 
32.2923 6.8758 0 
32.7591 20.1355 0 
32.9638 19.8253 0 
32.5738 19.8114 0 
33.353 15.6589 0 
31.7312 12.904 0 
31.8206 13.1319 0 
20.785 13.7638 0 
31.5653 21.1075 0 
30.9264 12.3834 0 
31.0489 12.6414 0 
31.2294 12.3714 0 
11.5546 21.6477 0 
11.0109 21.2612 0 
28.439 19.2534 0 
28.6282 19.6691 0 
39.3162 26.3429 0 
39.1392 25.8164 0 
38.7952 26.1813 0 
31.5763 14.1556 0 
31.6528 14.2785 0 
31.7372 14.1373 0 
27.6525 15.0293 0 
26.5279 18.4965 0 
26.6862 18.9674 0 
36.341 13.6479 0 
35.9056 13.6816 0 
30.5037 10.5968 0 
30.1928 10.895 0 
15.5995 38.0141 0 
15.285 37.204 0 
38.589 20.2254 0 
38.2869 19.7991 0 
19.5476 39.2011 0 
19.9734 38.8155 0 
22.5905 41.7902 0 
22.0585 41.5767 0 
31.0312 13.8819 0 
31.1322 14.0438 0 
31.2229 13.8438 0 
21.1158 41.7306 0 
21.5329 41.3827 0 
21.0189 41.1848 0 
36.3006 27.0986 0 
20.2095 44.0986 0 
20.381 43.6224 0 
19.7111 39.7449 0 
15.1507 35.4416 0 
30.6391 13.8943 0 
27.9586 15.6629 0 
21.9701 38.3251 0 
21.3958 38.1518 0 
22.948 21.4396 0 
32.3224 14.0691 0 
32.4133 13.9678 0 
31.2846 17.5084 0 
31.6183 17.4635 0 
12.9251 23.527 0 
37.0182 21.1752 0 
36.5114 21.1941 0 
25.5062 27.3855 0 
23.5763 21.5894 0 
23.25 21.0388 0 
39.2212 23.2393 0 
38.9387 22.7037 0 
10.0398 21.0809 0 
10.5673 20.8967 0 
10.1109 20.5273 0 
31.5987 14.3944 0 
31.7596 14.3761 0 
28.8853 17.6246 0 
23.4565 43.7311 0 
23.2788 43.1373 0 
28.5775 16.957 0 
15.6733 23.8625 0 
35.082 21.1939 0 
34.634 21.2095 0 
29.2741 11.4085 0 
29.6654 11.4846 0 
28.7287 18.9492 0 
28.2788 18.8874 0 
18.1191 38.264 0 
18.296 38.8691 0 
30.7095 16.5984 0 
30.9365 16.6345 0 
33.5403 21.5779 0 
33.3304 21.2041 0 
38.3811 26.5402 0 
20.5061 41.0112 0 
20.0092 40.8401 0 
33.3738 14.2403 0 
31.3972 3.09996 0 
21.9616 41.0309 0 
23.1795 42.5782 0 
9.00511 21.4458 0 
9.52023 21.2617 0 
24.0867 21.7522 0 
24.6363 21.8567 0 
14.7562 35.9658 0 
26.6482 21.5829 0 
35.9971 22.0418 0 
36.4884 22.0516 0 
36.2706 21.6141 0 
25.6738 34.7677 0 
32.2126 19.794 0 
34.1716 21.9833 0 
34.6131 21.984 0 
34.4131 21.5885 0 
23.6192 23.814 0 
27.1502 41.6935 0 
27.6565 31.03 0 
32.3353 15.542 0 
26.6112 13.7386 0 
26.7902 14.0673 0 
32.1877 17.1179 0 
28.2669 16.3038 0 
17.7983 37.0071 0 
7.79988 34.6236 0 
7.72405 34.081 0 
32.207 15.1758 0 
32.1384 15.2292 0 
8.47395 33.2421 0 
8.12138 33.7824 0 
32.2826 7.66292 0 
23.8259 25.6311 0 
24.2373 25.0779 0 
36.8945 25.2125 0 
36.4818 25.5943 0 
36.9456 19.5056 0 
36.4431 19.5539 0 
29.7275 23.7108 0 
31.0873 14.358 0 
31.0697 14.1775 0 
38.4524 19.3379 0 
37.9098 19.3892 0 
6.4411 35.0972 0 
9.24085 34.5599 0 
33.6732 14.0927 0 
33.8737 14.1614 0 
33.8639 13.9376 0 
25.821 26.9136 0 
23.2275 42.0092 0 
23.1241 41.4439 0 
40.9759 17.3521 0 
33.0338 16.0748 0 
33.0996 15.9508 0 
29.5484 19.0117 0 
25.112 20.4217 0 
20.3939 38.4375 0 
20.5655 39.0017 0 
35.7364 19.1945 0 
35.9591 19.5898 0 
22.4412 37.9194 0 
9.97665 21.6311 0 
32.3742 14.2025 0 
32.488 14.2283 0 
34.3396 13.01 0 
34.6361 13.1096 0 
23.3754 30.6259 0 
23.7894 30.0389 0 
30.2865 4.83718 0 
28.8386 31.9982 0 
29.3449 32.61 0 
28.9139 23.1243 0 
29.5488 23.1566 0 
20.7591 37.2558 0 
21.2169 37.6939 0 
21.3477 37.2419 0 
33.1294 20.8291 0 
32.928 20.4837 0 
38.0802 22.1645 0 
38.6424 22.1784 0 
38.3724 21.664 0 
36.0201 21.1842 0 
35.5443 21.2014 0 
33.0047 9.67401 0 
32.5988 9.63548 0 
32.771 10.0225 0 
27.2494 10.7217 0 
35.9235 25.4229 0 
8.80672 30.0259 0 
31.1632 16.662 0 
31.3735 16.6964 0 
28.4356 22.1662 0 
20.6898 39.5528 0 
21.3353 40.2814 0 
20.8225 40.1078 0 
20.9233 40.6632 0 
35.5967 14.6474 0 
41.591 25.2606 0 
29.2118 18.3101 0 
41.9275 24.413 0 
28.3703 23.0875 0 
28.6245 23.5769 0 
26.3381 22.0321 0 
26.8728 22.0754 0 
30.7549 1.80376 0 
23.0644 37.489 0 
22.4288 37.2496 0 
28.2776 12.5998 0 
28.1441 12.2193 0 
7.66141 38.9364 0 
30.0434 32.3094 0 
24.3374 23.941 0 
24.6027 24.5164 0 
24.9868 23.994 0 
9.18453 36.3342 0 
20.6962 42.0324 0 
25.4704 42.1834 0 
26.1294 42.1934 0 
11.9099 37.2557 0 
34.3803 18.7174 0 
34.7515 18.7382 0 
34.587 18.3971 0 
26.1109 35.408 0 
32.6468 15.0744 0 
32.6151 15.019 0 
32.5887 15.0747 0 
35.1666 18.0926 0 
34.984 17.7713 0 
34.7755 18.0966 0 
39.2575 20.184 0 
39.017 20.6616 0 
34.4043 18.0758 0 
34.23 17.7774 0 
34.0415 18.078 0 
23.7902 22.7402 0 
24.0033 23.2916 0 
24.0371 37.9049 0 
31.4156 22.7089 0 
31.8849 22.7333 0 
38.9611 15.7574 0 
34.0172 9.44479 0 
33.8011 9.76659 0 
35.4482 25.19 0 
27.4821 43.4264 0 
28.347 43.6616 0 
31.6578 13.2655 0 
31.897 13.3311 0 
38.0794 21.1765 0 
37.5424 21.1882 0 
27.9885 21.2436 0 
28.2689 20.8343 0 
32.9972 12.5107 0 
8.23475 20.1902 0 
10.7421 19.7395 0 
10.2106 19.9359 0 
30.9185 21.1965 0 
30.4222 21.3603 0 
25.3195 23.4645 0 
25.6782 22.9797 0 
29.085 30.5044 0 
39.5842 25.4626 0 
20.1192 37.333 0 
20.25 36.881 0 
32.1504 22.3074 0 
32.4055 21.9276 0 
27.6972 21.6619 0 
23.7092 20.6758 0 
17.9543 37.6476 0 
19.9469 27.2723 0 
28.3451 24.0832 0 
25.7763 21.9942 0 
26.0009 22.4867 0 
39.31 21.149 0 
38.6416 21.1904 0 
32.8858 14.8373 0 
32.8124 14.8371 0 
23.0757 45.2564 0 
32.8475 15.0694 0 
32.242 9.62042 0 
25.2082 21.9232 0 
36.0878 18.1148 0 
35.5717 18.1136 0 
30.7034 19.78 0 
31.094 19.7942 0 
32.6501 29.1503 0 
32.7867 29.8335 0 
32.2274 16.2878 0 
21.481 22.9574 0 
25.002 17.9737 0 
26.7221 24.0478 0 
26.4572 23.5067 0 
32.3327 22.7499 0 
37.7029 18.5875 0 
37.2409 18.6837 0 
37.6133 19.0242 0 
31.2541 12.8149 0 
32.1019 14.8432 0 
32.1739 14.8293 0 
24.7954 14.5893 0 
25.3018 14.5278 0 
34.118 14.238 0 
34.3156 14.1001 0 
6.92227 35.3072 0 
26.2401 23.0176 0 
35.9545 16.1107 0 
36.2616 15.879 0 
35.897 15.6858 0 
6.23183 33.9907 0 
5.74608 33.7979 0 
10.3303 26.1589 0 
32.6194 14.8308 0 
32.6653 14.8464 0 
32.6636 14.8098 0 
30.0034 14.4382 0 
25.954 12.6493 0 
25.7681 14.4854 0 
9.6831 20.1201 0 
21.7058 16.9625 0 
21.0756 17.107 0 
39.3692 16.0844 0 
28.5699 20.4511 0 
6.63718 33.6582 0 
29.137 18.986 0 
29.3004 19.3409 0 
29.3748 12.9568 0 
29.1983 13.1919 0 
33.7081 21.9843 0 
28.8097 20.0538 0 
33.2612 8.25814 0 
20.3727 17.1413 0 
21.7628 39.9201 0 
40.4719 17.5253 0 
29.0704 19.6999 0 
29.4819 19.7256 0 
33.4051 9.72936 0 
26.1993 14.4461 0 
25.9719 14.1053 0 
26.4543 34.732 0 
38.2041 26.0138 0 
31.0106 14.5898 0 
30.8668 14.5586 0 
30.9017 14.7055 0 
14.3331 36.4681 0 
15.0164 36.5698 0 
34.8081 22.4135 0 
33.2769 21.9745 0 
32.6369 14.9794 0 
32.5788 14.9796 0 
38.6228 18.7912 0 
32.4852 12.4115 0 
9.26004 19.7569 0 
21.8305 37.0833 0 
32.4514 15.1685 0 
21.7739 14.7437 0 
22.2043 15.2169 0 
36.1785 18.5015 0 
33.1315 19.5129 0 
33.3156 19.211 0 
19.7216 35.8969 0 
20.4567 35.8538 0 
35.317 21.5967 0 
31.9016 16.8913 0 
32.0085 16.727 0 
31.7795 16.7318 0 
33.8823 17.2385 0 
34.0143 16.9871 0 
26.6113 14.3633 0 
38.4264 25.1303 0 
39.0632 25.301 0 
31.2795 14.6717 0 
31.154 14.6375 0 
31.1711 14.7709 0 
32.3753 13.6638 0 
32.5098 13.7735 0 
24.2083 33.6082 0 
30.5719 16.1606 0 
26.1473 15.6086 0 
30.2885 31.3868 0 
29.4933 15.1783 0 
29.7237 15.2329 0 
25.3269 20.972 0 
25.5455 21.4685 0 
37.286 21.637 0 
33.857 9.08713 0 
33.1713 22.7109 0 
19.8495 25.039 0 
22.3891 40.6696 0 
21.8636 40.4756 0 
39.2309 22.2032 0 
29.8909 19.7345 0 
30.2967 19.7619 0 
20.2778 39.9347 0 
29.9401 15.2644 0 
30.1541 15.3231 0 
39.8623 23.2948 0 
15.9964 26.9787 0 
5.26976 30.1829 0 
31.9876 20.1186 0 
31.7342 20.4442 0 
32.8536 21.9461 0 
32.6609 21.5497 0 
35.3632 18.4389 0 
29.0404 26.1471 0 
33.0702 15.6858 0 
24.1494 29.4655 0 
7.1399 33.347 0 
6.60272 33.1179 0 
26.5194 42.8024 0 
26.8017 42.254 0 
19.6524 25.734 0 
33.3749 29.8931 0 
36.1543 12.8168 0 
36.4969 12.5092 0 
25.5582 45.8682 0 
31.9564 12.2954 0 
32.5896 14.8471 0 
32.5536 14.8539 0 
31.9103 9.88468 0 
27.8847 16.266 0 
28.0408 16.5904 0 
32.518 14.028 0 
32.4878 13.8901 0 
35.3245 14.8853 0 
35.0099 14.7993 0 
35.1494 15.1543 0 
32.908 21.1931 0 
28.3855 26.8919 0 
28.2701 27.5303 0 
37.5427 22.0942 0 
35.5737 16.2213 0 
23.5195 41.0833 0 
32.7673 14.8021 0 
32.7546 14.8604 0 
34.1259 13.1929 0 
28.5104 17.5894 0 
28.6637 17.9283 0 
32.5676 14.7833 0 
32.6397 7.07459 0 
32.9828 7.25316 0 
30.1471 11.9219 0 
29.9424 12.1764 0 
29.1168 11.0254 0 
28.8719 11.314 0 
29.4555 36.4193 0 
29.4555 37.1336 0 
36.7451 22.5088 0 
37.0185 22.0812 0 
35.5269 15.5789 0 
35.2068 15.4488 0 
40.3024 27.5009 0 
35.5119 22.0262 0 
31.5975 14.5081 0 
31.5587 14.6091 0 
31.2818 22.2783 0 
27.3461 14.9813 0 
27.5 15.2984 0 
35.3595 10.6249 0 
26.2152 13.0104 0 
26.4168 13.3909 0 
21.8742 16.384 0 
32.7143 27.9388 0 
33.2819 27.6777 0 
17.4772 38.0994 0 
27.088 22.5551 0 
27.3981 22.1059 0 
8.92383 32.1863 0 
8.60833 32.7708 0 
32.2283 14.9469 0 
32.2536 14.9997 0 
30.7947 12.0539 0 
31.3953 12.1739 0 
30.8546 13.9134 0 
34.9611 9.84443 0 
34.7759 9.48959 0 
20.8071 38.1657 0 
27.9124 22.1416 0 
28.1365 22.6102 0 
27.8471 23.0628 0 
31.4118 14.8277 0 
31.3391 14.9119 0 
31.4543 14.9345 0 
20.2151 37.9795 0 
34.0253 18.6616 0 
34.1898 19.0027 0 
33.9045 16.4808 0 
27.4902 31.781 0 
32.0562 14.8701 0 
31.0206 16.8436 0 
4.91058 30.715 0 
22.4537 36.6529 0 
9.87956 22.7699 0 
9.88678 22.1381 0 
33.0215 22.3525 0 
34.1766 13.419 0 
32.0379 16.5512 0 
31.2614 14.1394 0 
31.4079 14.1513 0 
31.0908 14.8626 0 
31.2163 14.8968 0 
7.44688 35.5053 0 
24.1627 12.6828 0 
24.6396 12.2774 0 
24.1808 12.2284 0 
30.8088 14.8136 0 
30.9527 14.8448 0 
20.5965 26.1003 0 
38.0253 25.4983 0 
8.82488 36.5438 0 
8.27123 36.6235 0 
35.9573 18.8386 0 
36.8816 15.2372 0 
36.5247 15.145 0 
36.5611 15.5463 0 
31.4923 14.01 0 
31.6425 15.5724 0 
31.6891 15.6932 0 
30.6154 15.0664 0 
30.7664 15.0874 0 
30.7088 14.9319 0 
29.0048 31.2472 0 
29.6768 30.9594 0 
8.30582 31.7513 0 
31.1191 14.4906 0 
35.0496 22.0186 0 
26.2087 13.7183 0 
24.4763 13.0897 0 
7.78096 35.2127 0 
8.25484 34.8639 0 
29.7153 12.4371 0 
26.7799 23.0138 0 
27.3052 23.0442 0 
31.8584 16.1144 0 
31.9146 16.2564 0 
32.7065 14.7725 0 
34.0323 13.7929 0 
23.4814 33.6534 0 
23.1452 33.0318 0 
31.6317 28.5334 0 
32.1869 28.2275 0 
34.1142 16.6682 0 
22.0391 15.8021 0 
32.0509 17.2805 0 
31.8216 17.4325 0 
29.6831 15.6544 0 
29.8995 15.6859 0 
29.8057 15.4569 0 
30.3818 11.6387 0 
30.0465 11.5662 0 
33.9733 27.448 0 
27.9046 18.835 0 
25.7775 13.7577 0 
32.3389 15.0527 0 
32.4017 15.0495 0 
28.6734 37.2368 0 
29.5172 12.6831 0 
27.539 23.5216 0 
30.3706 10.221 0 
35.8341 15.3472 0 
21.6949 13.0136 0 
21.4873 13.6357 0 
32.4696 14.8299 0 
34.7369 14.8611 0 
28.6271 11.6254 0 
28.3945 11.9511 0 
33.8635 18.3448 0 
31.8311 19.791 0 
31.5957 15.335 0 
31.6348 15.4475 0 
30.8749 20.8397 0 
31.0322 20.4336 0 
31.2073 11.2893 0 
30.88 17.0448 0 
31.1067 17.0723 0 
31.4923 15.0317 0 
35.1424 18.7949 0 
34.3425 8.47045 0 
22.8826 40.8643 0 
30.3516 15.3485 0 
30.4796 15.1898 0 
11.082 20.7076 0 
30.6578 14.7926 0 
32.3193 15.1576 0 
32.3457 15.2172 0 
32.3906 15.1654 0 
27.5126 10.366 0 
27.8415 9.941 0 
8.1034 32.8188 0 
7.67161 32.5771 0 
7.53723 33.0483 0 
31.9418 14.2659 0 
31.8794 14.3707 0 
31.2447 20.127 0 
31.4555 19.7827 0 
39.4991 17.7928 0 
6.56276 30.4283 0 
17.0156 26.4485 0 
30.9979 14.9707 0 
29.3372 15.4143 0 
31.8197 16.4057 0 
31.9812 16.4183 0 
32.3167 11.9114 0 
23.254 12.236 0 
22.579 12.3618 0 
31.6087 11.9449 0 
31.3203 11.8844 0 
32.4272 16.4753 0 
31.5861 16.7088 0 
31.693 16.5446 0 
32.7476 15.0104 0 
32.7551 14.9568 0 
32.6807 14.9652 0 
35.8814 24.8502 0 
31.1943 15.107 0 
31.3171 15.1221 0 
31.2588 15.0036 0 
5.41158 20.2728 0 
5.22557 20.9375 0 
33.4115 15.2528 0 
33.5499 15.1427 0 
25.753 13.0095 0 
30.5994 14.6396 0 
30.6247 17.0177 0 
30.7108 17.2464 0 
29.9002 11.2014 0 
30.7609 17.4833 0 
35.1783 10.2381 0 
32.425 15.1089 0 
29.8117 10.8135 0 
31.4599 16.8836 0 
37.7565 18.1206 0 
31.3488 17.0724 0 
31.5614 17.0849 0 
32.6651 12.1954 0 
32.409 12.1404 0 
32.7052 28.583 0 
7.57168 33.5887 0 
32.1874 14.2855 0 
11.8453 36.1145 0 
12.5192 36.1219 0 
26.3172 33.4344 0 
33.5301 14.2082 0 
13.6684 36.2838 0 
13.9286 36.8877 0 
32.5587 14.13 0 
28.9767 18.6199 0 
31.4667 12.8478 0 
31.5579 15.9046 0 
31.3895 15.9891 0 
32.5099 14.8051 0 
31.1901 4.58194 0 
20.5764 16.5562 0 
32.2176 13.5874 0 
35.5475 18.8159 0 
28.2911 36.6168 0 
28.788 36.017 0 
32.744 14.9035 0 
34.0385 14.8236 0 
34.6633 15.5314 0 
34.8922 15.3628 0 
34.606 15.2369 0 
34.028 17.5108 0 
26.9983 14.3646 0 
36.6905 24.2861 0 
36.9362 23.8744 0 
30.2196 15.5138 0 
14.6412 23.218 0 
15.2665 23.4795 0 
28.8035 18.2733 0 
31.37 14.7466 0 
31.3529 14.6132 0 
30.3144 16.1143 0 
30.3675 16.3344 0 
38.1289 18.4611 0 
21.2365 14.2576 0 
21.0717 14.8717 0 
9.11981 25.9357 0 
28.2169 16.9252 0 
28.3715 17.2539 0 
33.6596 19.2357 0 
33.4909 18.9222 0 
30.2393 16.5027 0 
30.4968 16.549 0 
4.74671 20.0033 0 
34.241 9.13418 0 
33.673 18.6301 0 
37.4621 23.9621 0 
4.55064 20.7176 0 
32.6144 13.8337 0 
32.7031 13.9509 0 
22.7846 40.3091 0 
25.0566 12.6901 0 
10.8691 18.6699 0 
10.4217 18.1496 0 
36.7766 12.2486 0 
29.5636 15.8469 0 
31.3173 13.6959 0 
31.4183 13.8578 0 
37.2918 24.8689 0 
36.7539 24.7395 0 
7.72387 32.0532 0 
32.2532 14.1659 0 
30.5813 16.7667 0 
31.6235 13.5873 0 
31.5321 13.4044 0 
31.4213 13.527 0 
34.853 7.91007 0 
34.8304 7.36955 0 
26.7881 34.0141 0 
37.4479 19.4855 0 
34.1791 16.4167 0 
39.5647 21.7256 0 
36.2932 24.6297 0 
20.0477 26.1468 0 
33.4166 14.5348 0 
11.1374 20.2132 0 
16.7156 27.0847 0 
28.1943 18.5308 0 
32.2849 7.28372 0 
20.5163 36.5072 0 
19.8765 36.5844 0 
33.1563 12.3265 0 
32.1356 14.1521 0 
30.1295 16.0636 0 
29.9629 15.8612 0 
28.1498 17.5576 0 
27.588 15.6061 0 
27.7402 15.9226 0 
33.8665 29.7717 0 
31.8209 15.9594 0 
11.7948 36.7854 0 
27.5141 16.2092 0 
31.5867 13.8621 0 
30.2831 15.6891 0 
30.3339 15.8897 0 
32.1975 15.1174 0 
32.2245 15.0463 0 
33.1422 15.8046 0 
24.1835 11.751 0 
23.7066 12.1565 0 
36.1063 15.1094 0 
28.4286 18.2381 0 
28.2 44.4949 0 
27.3176 44.4949 0 
21.4442 15.9398 0 
34.5158 13.9548 0 
34.2646 13.861 0 
14.5171 24.2527 0 
14.1948 23.6924 0 
17.3989 39.7449 0 
17.8423 39.2219 0 
17.1986 39.2388 0 
34.3217 15.1562 0 
34.0837 15.047 0 
18.1426 41.1504 0 
18.1783 41.6184 0 
31.8001 14.0126 0 
31.8766 14.1355 0 
28.9545 13.1492 0 
29.08 13.423 0 
27.159 14.6865 0 
34.5505 14.9875 0 
30.7246 4.79556 0 
33.4953 14.8458 0 
32.7565 14.681 0 
32.7393 14.6203 0 
39.9981 17.5995 0 
40.3507 17.933 0 
28.2468 31.5432 0 
31.2082 17.2736 0 
32.6583 14.5364 0 
23.7847 22.153 0 
34.2014 16.0939 0 
34.2289 15.8269 0 
32.0047 14.1413 0 
17.1119 38.5568 0 
31.6536 17.2428 0 
20.3523 26.6869 0 
35.7362 15.0025 0 
39.861 22.2509 0 
27.2759 24.0939 0 
32.4825 23.1083 0 
20.508 43.2514 0 
20.9034 42.9103 0 
27.3337 16.4842 0 
31.7651 15.8255 0 
22.5141 11.0601 0 
9.67359 26.0676 0 
38.0039 24.067 0 
34.7496 13.7857 0 
34.4052 15.682 0 
30.9324 15.0975 0 
32.0637 13.4374 0 
32.2136 13.3476 0 
35.8834 13.0298 0 
36.3234 13.1789 0 
31.3936 20.4221 0 
31.6479 13.7426 0 
31.7586 13.62 0 
31.2432 13.1723 0 
32.6811 15.1751 0 
17.6636 41.916 0 
17.3205 41.3803 0 
32.1108 14.9081 0 
31.0426 17.5083 0 
35.7172 13.3848 0 
31.4664 14.6062 0 
16.9471 37.9403 0 
7.90184 35.7456 0 
7.20191 31.1843 0 
7.79191 31.457 0 
16.2792 37.8669 0 
30.0855 15.6637 0 
19.8439 40.2998 0 
32.5303 14.8323 0 
28.578 26.2627 0 
35.5704 13.6745 0 
35.2082 13.6166 0 
35.3679 9.88097 0 
34.4088 13.4871 0 
34.2326 13.6475 0 
15.1833 24.1387 0 
10.9364 17.7329 0 
11.3427 18.2633 0 
31.5443 15.1182 0 
31.5833 15.2211 0 
32.6332 14.0522 0 
36.5091 27.6038 0 
30.7168 11.7284 0 
8.63213 34.6113 0 
32.748 22.6824 0 
26.6597 44.492 0 
31.6021 15.8017 0 
40.8081 27.6228 0 
12.0578 21.8825 0 
32.3098 15.0992 0 
32.2649 15.151 0 
32.175 14.9406 0 
19.4425 40.6502 0 
8.46628 21.6509 0 
33.856 14.9638 0 
31.5217 20.7507 0 
8.97949 27.0052 0 
28.6927 13.1701 0 
27.9196 17.8387 0 
28.0544 18.1858 0 
31.8641 12.0664 0 
22.1824 11.9651 0 
21.9573 12.4887 0 
31.4337 15.1052 0 
27.8179 24.1125 0 
8.03264 36.1487 0 
32.7643 14.7492 0 
30.6952 14.5244 0 
32.6782 15.1211 0 
32.7046 15.0654 0 
31.901 13.5709 0 
29.422 10.6933 0 
33.2038 15.6652 0 
5.57249 30.7789 0 
32.5378 14.7995 0 
32.588 14.8105 0 
31.7648 17.0539 0 
32.1368 12.1275 0 
40.4044 23.3594 0 
32.2845 15.0461 0 
29.4698 15.6179 0 
31.562 7.73072 0 
33.7145 15.0949 0 
33.6692 14.8715 0 
31.0705 15.1153 0 
31.5356 14.691 0 
31.4851 14.7692 0 
29.7147 10.387 0 
35.1063 13.4056 0 
34.9326 13.6446 0 
17.8248 40.181 0 
22.3824 11.4548 0 
34.5548 9.18453 0 
31.0291 11.7878 0 
33.7366 15.2349 0 
29.6447 9.96247 0 
29.6152 9.48692 0 
29.2956 9.79124 0 
31.2424 11.5589 0 
33.9734 19.2329 0 
33.5267 14.3486 0 
13.0227 36.1919 0 
32.9005 12.2823 0 
34.875 13.1971 0 
40.4032 22.3156 0 
40.9153 21.9166 0 
32.1328 16.4019 0 
32.2098 14.8875 0 
8.36672 35.8561 0 
34.5918 13.3461 0 
33.7982 19.5216 0 
32.2841 16.4206 0 
32.0939 15.1723 0 
17.6926 41.0425 0 
18.0571 40.7418 0 
36.612 13.4348 0 
30.0343 10.0826 0 
31.4557 13.2052 0 
31.7219 13.8949 0 
30.1995 14.5678 0 
26.1518 43.3629 0 
26.8242 43.4235 0 
29.8831 9.18865 0 
30.2826 9.3723 0 
36.874 12.7051 0 
25.2941 42.707 0 
13.4769 37.3786 0 
40.0693 22.7931 0 
8.85717 36.0495 0 
37.8335 24.9738 0 
31.9938 17.0491 0 
23.4178 37.8441 0 
31.2247 21.0854 0 
23.9135 11.1967 0 
31.3689 13.0333 0 
32.6988 14.8685 0 
30.3006 9.79655 0 
8.61321 35.2004 0 
27.1146 43.9869 0 
25.5711 13.3975 0 
22.9357 11.4434 0 
25.518 43.3085 0 
6.10622 30.7889 0 
6.73731 30.9704 0 
5.74704 31.321 0 
12.3721 37.0338 0 
21.0067 15.4526 0 
32.7321 14.5549 0 
32.7212 14.493 0 
25.3099 13.0364 0 
31.9352 7.46413 0 
9.40202 26.5556 0 
24.8748 13.0781 0 
13.0886 37.7789 0 
37.6929 24.5009 0 
20.8418 16.0346 0 
32.4235 13.3385 0 
36.9586 13.544 0 
36.941 13.0749 0 
33.5011 15.4082 0 
37.2206 12.8143 0 
34.3946 8.82687 0 
34.6477 13.5747 0 
32.6546 14.8895 0 
23.2567 11.7586 0 
32.7791 15.057 0 
33.6447 15.3923 0 
12.8755 37.1037 0 
8.72637 35.6464 0 
32.6444 14.9258 0 
34.6563 8.5208 0 
23.3884 11.3639 0 
12.7604 36.6334 0 
34.9796 8.31868 0 
20.4657 44.7024 0 
23.6313 47.1964 0 
CELLS 8240 32960
3 586 1212 1214 3 1212 1213 1214 3 1212 617 1213 3 1214 1213 583 3 44 1215 164 
3 1215 1216 164 3 1215 792 1216 3 164 1216 163 3 728 1217 1219 3 1217 1218 1219 
3 1217 985 1218 3 1219 1218 805 3 1043 1220 1222 3 1220 1221 1222 3 1220 1084 1221 
3 1222 1221 661 3 410 1223 1225 3 1223 1224 1225 3 1223 1040 1224 3 1225 1224 433 
3 946 1226 1228 3 1226 1227 1228 3 1226 1091 1227 3 1228 1227 747 3 965 1229 1231 
3 1229 1230 1231 3 1229 976 1230 3 1231 1230 713 3 404 1232 1234 3 1232 1233 1234 
3 1232 778 1233 3 1234 1233 403 3 638 1235 1237 3 1235 1236 1237 3 1235 1089 1236 
3 1237 1236 771 3 805 1218 1239 3 1218 1238 1239 3 1218 985 1238 3 1239 1238 386 
3 774 1240 1242 3 1240 1241 1242 3 1240 1122 1241 3 1242 1241 484 3 1064 1243 1245 
3 1243 1244 1245 3 1243 1125 1244 3 1245 1244 297 3 583 1246 1248 3 1246 1247 1248 
3 1246 694 1247 3 1248 1247 575 3 52 1249 176 3 1249 1250 176 3 1249 935 1250 
3 176 1250 51 3 643 1251 1253 3 1251 1252 1253 3 1251 969 1252 3 1253 1252 856 
3 593 1254 1256 3 1254 1255 1256 3 1254 846 1255 3 1256 1255 622 3 616 1257 1259 
3 1257 1258 1259 3 1257 1137 1258 3 1259 1258 753 3 787 1260 1262 3 1260 1261 1262 
3 1260 981 1261 3 1262 1261 701 3 728 1219 1264 3 1219 1263 1264 3 1219 805 1263 
3 1264 1263 780 3 606 1265 1267 3 1265 1266 1267 3 1265 955 1266 3 1267 1266 843 
3 589 1268 1270 3 1268 1269 1270 3 1268 812 1269 3 1270 1269 570 3 1099 1271 1273 
3 1271 1272 1273 3 1271 1149 1272 3 1273 1272 742 3 616 1274 1276 3 1274 1275 1276 
3 1274 791 1275 3 1276 1275 680 3 643 1253 1278 3 1253 1277 1278 3 1253 856 1277 
3 1278 1277 681 3 596 1279 1281 3 1279 1280 1281 3 1279 914 1280 3 1281 1280 563 
3 636 1282 1284 3 1282 1283 1284 3 1282 1073 1283 3 1284 1283 837 3 784 1285 1287 
3 1285 1286 1287 3 1285 803 1286 3 1287 1286 404 3 239 1288 238 3 1288 234 238 
3 1288 75 234 3 238 234 76 3 757 1289 1291 3 1289 1290 1291 3 1289 1103 1290 
3 1291 1290 980 3 739 1292 1294 3 1292 1293 1294 3 1292 1045 1293 3 1294 1293 305 
3 19 1295 107 3 1295 1296 107 3 1295 968 1296 3 107 1296 106 3 725 1297 1298 
3 1297 1220 1298 3 1297 1084 1220 3 1298 1220 1043 3 730 1299 1301 3 1299 1300 1301 
3 1299 1026 1300 3 1301 1300 997 3 621 1302 1304 3 1302 1303 1304 3 1302 1040 1303 
3 1304 1303 797 3 336 1305 1307 3 1305 1306 1307 3 1305 971 1306 3 1307 1306 760 
3 40 1308 156 3 1308 1309 156 3 1308 406 1309 3 156 1309 155 3 740 1310 1311 
3 1310 1243 1311 3 1310 1125 1243 3 1311 1243 1064 3 778 1312 1233 3 1312 1313 1233 
3 1312 779 1313 3 1233 1313 403 3 694 1314 1247 3 1314 1315 1247 3 1314 1048 1315 
3 1247 1315 575 3 357 1316 1318 3 1316 1317 1318 3 1316 795 1317 3 1318 1317 793 
3 505 1319 1321 3 1319 1320 1321 3 1319 944 1320 3 1321 1320 639 3 467 1322 1324 
3 1322 1323 1324 3 1322 1103 1323 3 1324 1323 50 3 654 1325 1327 3 1325 1326 1327 
3 1325 1018 1326 3 1327 1326 839 3 378 1328 1330 3 1328 1329 1330 3 1328 756 1329 
3 1330 1329 420 3 927 1331 1333 3 1331 1332 1333 3 1331 955 1332 3 1333 1332 605 
3 255 1334 1335 3 1334 1260 1335 3 1334 981 1260 3 1335 1260 787 3 753 1336 1259 
3 1336 1337 1259 3 1336 962 1337 3 1259 1337 616 3 412 1338 1339 3 1338 1223 1339 
3 1338 1040 1223 3 1339 1223 410 3 517 1340 1342 3 1340 1341 1342 3 1340 969 1341 
3 1342 1341 519 3 544 1343 1345 3 1343 1344 1345 3 1343 769 1344 3 1345 1344 548 
3 843 1266 1347 3 1266 1346 1347 3 1266 955 1346 3 1347 1346 709 3 756 1348 1329 
3 1348 1349 1329 3 1348 930 1349 3 1329 1349 420 3 693 1350 1351 3 1350 1235 1351 
3 1350 1089 1235 3 1351 1235 638 3 801 1352 1354 3 1352 1353 1354 3 1352 1172 1353 
3 1354 1353 525 3 524 1355 1356 3 1355 1285 1356 3 1355 803 1285 3 1356 1285 784 
3 783 1357 1359 3 1357 1358 1359 3 1357 1139 1358 3 1359 1358 745 3 1005 1360 1362 
3 1360 1361 1362 3 1360 1197 1361 3 1362 1361 691 3 760 1363 1307 3 1363 1364 1307 
3 1363 1087 1364 3 1307 1364 336 3 656 1365 1367 3 1365 1366 1367 3 1365 990 1366 
3 1367 1366 755 3 692 1368 1370 3 1368 1369 1370 3 1368 1075 1369 3 1370 1369 1047 
3 484 1371 1242 3 1371 1372 1242 3 1371 931 1372 3 1242 1372 774 3 980 1290 1373 
3 1290 1322 1373 3 1290 1103 1322 3 1373 1322 467 3 882 1374 1376 3 1374 1375 1376 
3 1374 886 1375 3 1376 1375 339 3 943 1377 1379 3 1377 1378 1379 3 1377 999 1378 
3 1379 1378 732 3 822 1380 1382 3 1380 1381 1382 3 1380 958 1381 3 1382 1381 554 
3 997 1300 1384 3 1300 1383 1384 3 1300 1026 1383 3 1384 1383 996 3 50 1323 1386 
3 1323 1385 1386 3 1323 1103 1385 3 1386 1385 775 3 558 1387 1389 3 1387 1388 1389 
3 1387 806 1388 3 1389 1388 562 3 548 1390 1392 3 1390 1391 1392 3 1390 830 1391 
3 1392 1391 551 3 231 232 1393 3 232 233 1393 3 232 74 233 3 1393 233 75 
3 797 1394 1304 3 1394 1395 1304 3 1394 869 1395 3 1304 1395 621 3 613 1396 1397 
3 1396 1254 1397 3 1396 846 1254 3 1397 1254 593 3 708 1398 1400 3 1398 1399 1400 
3 1398 862 1399 3 1400 1399 819 3 749 1401 1403 3 1401 1402 1403 3 1401 909 1402 
3 1403 1402 790 3 878 1404 1406 3 1404 1405 1406 3 1404 1093 1405 3 1406 1405 609 
3 646 1407 1408 3 1407 1354 1408 3 1407 801 1354 3 1408 1354 525 3 562 1409 1411 
3 1409 1410 1411 3 1409 588 1410 3 1411 1410 570 3 920 1412 1413 3 1412 1271 1413 
3 1412 1149 1271 3 1413 1271 1099 3 551 1391 1415 3 1391 1414 1415 3 1391 830 1414 
3 1415 1414 572 3 652 1416 1418 3 1416 1417 1418 3 1416 691 1417 3 1418 1417 618 
3 806 1419 1388 3 1419 1420 1388 3 1419 1013 1420 3 1388 1420 562 3 78 1421 1423 
3 1421 1422 1423 3 1421 1018 1422 3 1423 1422 992 3 771 1424 1237 3 1424 1425 1237 
3 1424 927 1425 3 1237 1425 638 3 723 1426 1428 3 1426 1427 1428 3 1426 950 1427 
3 1428 1427 877 3 586 1429 1212 3 1429 1430 1212 3 1429 1197 1430 3 1212 1430 617 
3 944 1431 1432 3 1431 1228 1432 3 1431 946 1228 3 1432 1228 747 3 4 1433 82 
3 1433 1434 82 3 1433 1016 1434 3 82 1434 3 3 654 1327 1436 3 1327 1435 1436 
3 1327 839 1435 3 1436 1435 652 3 548 1392 1438 3 1392 1437 1438 3 1392 551 1437 
3 1438 1437 550 3 860 1439 1440 3 1439 1404 1440 3 1439 1093 1404 3 1440 1404 878 
3 805 1441 1263 3 1441 1442 1263 3 1441 912 1442 3 1263 1442 780 3 773 1443 1445 
3 1443 1444 1445 3 1443 774 1444 3 1445 1444 629 3 498 1446 1448 3 1446 1447 1448 
3 1446 867 1447 3 1448 1447 841 3 357 1318 1450 3 1318 1449 1450 3 1318 793 1449 
3 1450 1449 280 3 531 1451 1453 3 1451 1452 1453 3 1451 807 1452 3 1453 1452 140 
3 73 1454 229 3 1454 1455 229 3 1454 903 1455 3 229 1455 72 3 616 1337 1274 
3 1337 1456 1274 3 1337 962 1456 3 1274 1456 791 3 106 1296 1458 3 1296 1457 1458 
3 1296 968 1457 3 1458 1457 842 3 1049 1459 1461 3 1459 1460 1461 3 1459 1095 1460 
3 1461 1460 1030 3 698 1462 1464 3 1462 1463 1464 3 1462 1116 1463 3 1464 1463 936 
3 4 1465 1433 3 1465 1466 1433 3 1465 1154 1466 3 1433 1466 1016 3 678 1467 1469 
3 1467 1468 1469 3 1467 1084 1468 3 1469 1468 1025 3 810 1470 1472 3 1470 1471 1472 
3 1470 1198 1471 3 1472 1471 1183 3 530 1473 1475 3 1473 1474 1475 3 1473 642 1474 
3 1475 1474 73 3 1047 1369 1477 3 1369 1476 1477 3 1369 1075 1476 3 1477 1476 620 
3 796 1478 1480 3 1478 1479 1480 3 1478 799 1479 3 1480 1479 623 3 1020 1481 1483 
3 1481 1482 1483 3 1481 1034 1482 3 1483 1482 817 3 660 1484 1486 3 1484 1485 1486 
3 1484 1044 1485 3 1486 1485 924 3 267 1487 1488 3 1487 1310 1488 3 1487 1125 1310 
3 1488 1310 740 3 363 1489 1491 3 1489 1490 1491 3 1489 364 1490 3 1491 1490 362 
3 790 1402 1493 3 1402 1492 1493 3 1402 909 1492 3 1493 1492 356 3 450 1494 1496 
3 1494 1495 1496 3 1494 975 1495 3 1496 1495 767 3 304 1497 1499 3 1497 1498 1499 
3 1497 533 1498 3 1499 1498 532 3 551 1500 1502 3 1500 1501 1502 3 1500 559 1501 
3 1502 1501 558 3 740 1503 1488 3 1503 1504 1488 3 1503 1131 1504 3 1488 1504 267 
3 378 1330 1506 3 1330 1505 1506 3 1330 420 1505 3 1506 1505 380 3 774 1372 1444 
3 1372 1507 1444 3 1372 931 1507 3 1444 1507 629 3 305 1508 1294 3 1508 1509 1294 
3 1508 1131 1509 3 1294 1509 739 3 755 1510 1367 3 1510 1511 1367 3 1510 991 1511 
3 1367 1511 656 3 404 1286 1232 3 1286 1512 1232 3 1286 803 1512 3 1232 1512 778 
3 508 1513 1515 3 1513 1514 1515 3 1513 1097 1514 3 1515 1514 786 3 564 1516 1518 
3 1516 1517 1518 3 1516 853 1517 3 1518 1517 536 3 64 1519 202 3 1519 1520 202 
3 1519 664 1520 3 202 1520 201 3 829 1521 1523 3 1521 1522 1523 3 1521 1147 1522 
3 1523 1522 58 3 888 1524 1525 3 1524 1340 1525 3 1524 969 1340 3 1525 1340 517 
3 357 1526 1316 3 1526 1527 1316 3 1526 1085 1527 3 1316 1527 795 3 544 1345 1529 
3 1345 1528 1529 3 1345 548 1528 3 1529 1528 546 3 629 1530 1445 3 1530 1531 1445 
3 1530 1032 1531 3 1445 1531 773 3 692 1532 1534 3 1532 1533 1534 3 1532 947 1533 
3 1534 1533 849 3 245 1535 1536 3 1535 1465 1536 3 1535 1154 1465 3 1536 1465 4 
3 660 1486 1538 3 1486 1537 1538 3 1486 924 1537 3 1538 1537 873 3 366 1539 1541 
3 1539 1540 1541 3 1539 367 1540 3 1541 1540 364 3 243 1542 1544 3 1542 1543 1544 
3 1542 660 1543 3 1544 1543 22 3 59 1545 191 3 1545 1546 191 3 1545 242 1546 
3 191 1546 190 3 339 1547 1376 3 1547 1548 1376 3 1547 1090 1548 3 1376 1548 882 
3 720 1549 1551 3 1549 1550 1551 3 1549 936 1550 3 1551 1550 719 3 670 1552 1553 
3 1552 1380 1553 3 1552 958 1380 3 1553 1380 822 3 368 1554 1556 3 1554 1555 1556 
3 1554 374 1555 3 1556 1555 369 3 404 1557 1287 3 1557 1558 1287 3 1557 852 1558 
3 1287 1558 784 3 922 1559 1561 3 1559 1560 1561 3 1559 1095 1560 3 1561 1560 478 
3 551 1502 1437 3 1502 1562 1437 3 1502 558 1562 3 1437 1562 550 3 590 1563 1564 
3 1563 1480 1564 3 1563 796 1480 3 1564 1480 623 3 921 1565 1567 3 1565 1566 1567 
3 1565 1117 1566 3 1567 1566 679 3 1107 1568 1570 3 1568 1569 1570 3 1568 1153 1569 
3 1570 1569 412 3 534 1571 1573 3 1571 1572 1573 3 1571 535 1572 3 1573 1572 533 
3 366 1574 1539 3 1574 1575 1539 3 1574 368 1575 3 1539 1575 367 3 605 1332 1576 
3 1332 1265 1576 3 1332 955 1265 3 1576 1265 606 3 361 1577 1579 3 1577 1578 1579 
3 1577 362 1578 3 1579 1578 359 3 514 1580 1582 3 1580 1581 1582 3 1580 1093 1581 
3 1582 1581 885 3 617 1583 1585 3 1583 1584 1585 3 1583 695 1584 3 1585 1584 694 
3 1182 1586 1588 3 1586 1587 1588 3 1586 1200 1587 3 1588 1587 628 3 913 1589 1591 
3 1589 1590 1591 3 1589 989 1590 3 1591 1590 634 3 667 1592 1593 3 1592 1229 1593 
3 1592 976 1229 3 1593 1229 965 3 140 1452 139 3 1452 1594 139 3 1452 807 1594 
3 139 1594 32 3 769 1595 1344 3 1595 1390 1344 3 1595 830 1390 3 1344 1390 548 
3 467 1596 1373 3 1596 1597 1373 3 1596 1056 1597 3 1373 1597 980 3 363 1598 1489 
3 1598 1541 1489 3 1598 366 1541 3 1489 1541 364 3 1061 1599 1601 3 1599 1600 1601 
3 1599 1085 1600 3 1601 1600 498 3 531 1602 1451 3 1602 1603 1451 3 1602 808 1603 
3 1451 1603 807 3 562 1420 1409 3 1420 1604 1409 3 1420 1013 1604 3 1409 1604 588 
3 461 1605 1607 3 1605 1606 1607 3 1605 987 1606 3 1607 1606 800 3 767 1608 1496 
3 1608 1609 1496 3 1608 1150 1609 3 1496 1609 450 3 786 1610 1515 3 1610 1611 1515 
3 1610 1096 1611 3 1515 1611 508 3 35 1612 1614 3 1612 1613 1614 3 1612 1063 1613 
3 1614 1613 891 3 368 1556 1575 3 1556 1615 1575 3 1556 369 1615 3 1575 1615 367 
3 24 1616 118 3 1616 1617 118 3 1616 244 1617 3 118 1617 23 3 535 1618 1620 
3 1618 1619 1620 3 1618 537 1619 3 1620 1619 536 3 584 1621 1622 3 1621 1214 1622 
3 1621 586 1214 3 1622 1214 583 3 541 1623 1625 3 1623 1624 1625 3 1623 544 1624 
3 1625 1624 540 3 40 1626 1308 3 1626 1627 1308 3 1626 1114 1627 3 1308 1627 406 
3 697 1628 1630 3 1628 1629 1630 3 1628 1117 1629 3 1630 1629 889 3 617 1631 1583 
3 1631 1632 1583 3 1631 1005 1632 3 1583 1632 695 3 536 1517 1634 3 1517 1633 1634 
3 1517 853 1633 3 1634 1633 533 3 539 1635 1637 3 1635 1636 1637 3 1635 540 1636 
3 1637 1636 538 3 59 1638 1545 3 1638 1639 1545 3 1638 408 1639 3 1545 1639 242 
3 862 1640 1399 3 1640 1641 1399 3 1640 1052 1641 3 1399 1641 819 3 936 1642 1464 
3 1642 1643 1464 3 1642 1105 1643 3 1464 1643 698 3 548 1438 1528 3 1438 1644 1528 
3 1438 550 1644 3 1528 1644 546 3 478 1560 1646 3 1560 1645 1646 3 1560 1095 1645 
3 1646 1645 631 3 148 1647 147 3 1647 1648 147 3 1647 335 1648 3 147 1648 36 
3 524 1649 1355 3 1649 1650 1355 3 1649 928 1650 3 1355 1650 803 3 231 1651 230 
3 1651 1475 230 3 1651 530 1475 3 230 1475 73 3 408 1652 1653 3 1652 1525 1653 
3 1652 888 1525 3 1653 1525 517 3 646 1654 1407 3 1654 1655 1407 3 1654 802 1655 
3 1407 1655 801 3 618 1656 1657 3 1656 1429 1657 3 1656 1197 1429 3 1657 1429 586 
3 589 1658 1268 3 1658 1659 1268 3 1658 846 1659 3 1268 1659 812 3 754 1660 1662 
3 1660 1661 1662 3 1660 1106 1661 3 1662 1661 1059 3 745 1358 1664 3 1358 1663 1664 
3 1358 1139 1663 3 1664 1663 38 3 588 1665 1410 3 1665 1666 1410 3 1665 1200 1666 
3 1410 1666 570 3 11 1667 1669 3 1667 1668 1669 3 1667 904 1668 3 1669 1668 772 
3 361 1670 1577 3 1670 1491 1577 3 1670 363 1491 3 1577 1491 362 3 537 1671 1619 
3 1671 1672 1619 3 1671 538 1672 3 1619 1672 536 3 382 1673 1675 3 1673 1674 1675 
3 1673 395 1674 3 1675 1674 384 3 376 1676 1677 3 1676 1328 1677 3 1676 756 1328 
3 1677 1328 378 3 573 1678 1680 3 1678 1679 1680 3 1678 574 1679 3 1680 1679 559 
3 652 1435 1416 3 1435 1681 1416 3 1435 839 1681 3 1416 1681 691 3 1110 1682 1684 
3 1682 1683 1684 3 1682 1134 1683 3 1684 1683 1010 3 775 1685 1687 3 1685 1686 1687 
3 1685 966 1686 3 1687 1686 49 3 579 1688 1689 3 1688 1248 1689 3 1688 583 1248 
3 1689 1248 575 3 53 1690 1692 3 1690 1691 1692 3 1690 861 1691 3 1692 1691 247 
3 51 1693 1695 3 1693 1694 1695 3 1693 1111 1694 3 1695 1694 456 3 243 1696 1542 
3 1696 1484 1542 3 1696 1044 1484 3 1542 1484 660 3 485 1697 1698 3 1697 1532 1698 
3 1697 947 1532 3 1698 1532 692 3 535 1620 1572 3 1620 1634 1572 3 1620 536 1634 
3 1572 1634 533 3 304 1699 1497 3 1699 1573 1497 3 1699 534 1573 3 1497 1573 533 
3 537 1700 1671 3 1700 1637 1671 3 1700 539 1637 3 1671 1637 538 3 39 1701 1703 
3 1701 1702 1703 3 1701 1178 1702 3 1703 1702 745 3 151 1704 1706 3 1704 1705 1706 
3 1704 982 1705 3 1706 1705 304 3 531 1707 1602 3 1707 1708 1602 3 1707 818 1708 
3 1602 1708 808 3 970 1709 1711 3 1709 1710 1711 3 1709 1070 1710 3 1711 1710 859 
3 586 1712 1714 3 1712 1713 1714 3 1712 780 1713 3 1714 1713 650 3 363 1715 1598 
3 1715 1716 1598 3 1715 833 1716 3 1598 1716 366 3 639 1320 1718 3 1320 1717 1718 
3 1320 944 1717 3 1718 1717 896 3 543 1719 1721 3 1719 1720 1721 3 1719 1184 1720 
3 1721 1720 770 3 617 1585 1213 3 1585 1246 1213 3 1585 694 1246 3 1213 1246 583 
3 800 1722 1607 3 1722 1723 1607 3 1722 1092 1723 3 1607 1723 461 3 446 1724 1726 
3 1724 1725 1726 3 1724 1113 1725 3 1726 1725 777 3 78 1727 1729 3 1727 1728 1729 
3 1727 1017 1728 3 1729 1728 839 3 957 1730 1732 3 1730 1731 1732 3 1730 1133 1731 
3 1732 1731 57 3 26 1733 1734 3 1733 1226 1734 3 1733 1091 1226 3 1734 1226 946 
3 679 1735 1567 3 1735 1736 1567 3 1735 1000 1736 3 1567 1736 921 3 889 1737 1630 
3 1737 1738 1630 3 1737 1039 1738 3 1630 1738 697 3 651 1739 1740 3 1739 1418 1740 
3 1739 652 1418 3 1740 1418 618 3 495 1741 1743 3 1741 1742 1743 3 1741 892 1742 
3 1743 1742 883 3 213 1744 1746 3 1744 1745 1746 3 1744 984 1745 3 1746 1745 662 
3 61 1747 1749 3 1747 1748 1749 3 1747 789 1748 3 1749 1748 776 3 799 1750 1751 
3 1750 1568 1751 3 1750 1153 1568 3 1751 1568 1107 3 640 1752 1754 3 1752 1753 1754 
3 1752 822 1753 3 1754 1753 804 3 976 1755 1230 3 1755 1756 1230 3 1755 1129 1756 
3 1230 1756 713 3 631 1645 1757 3 1645 1459 1757 3 1645 1095 1459 3 1757 1459 1049 
3 570 1269 1759 3 1269 1758 1759 3 1269 812 1758 3 1759 1758 571 3 846 1760 1255 
3 1760 1761 1255 3 1760 1198 1761 3 1255 1761 622 3 936 1762 1550 3 1762 1763 1550 
3 1762 1088 1763 3 1550 1763 719 3 779 1764 1766 3 1764 1765 1766 3 1764 1145 1765 
3 1766 1765 802 3 35 1614 145 3 1614 1767 145 3 1614 891 1767 3 145 1767 34 
3 380 1768 1770 3 1768 1769 1770 3 1768 755 1769 3 1770 1769 382 3 1025 1468 1771 
3 1468 1297 1771 3 1468 1084 1297 3 1771 1297 725 3 802 1772 1766 3 1772 1773 1766 
3 1772 834 1773 3 1766 1773 779 3 931 1774 1507 3 1774 1775 1507 3 1774 1113 1775 
3 1507 1775 629 3 247 1691 1777 3 1691 1776 1777 3 1691 861 1776 3 1777 1776 405 
3 69 1778 1780 3 1778 1779 1780 3 1778 353 1779 3 1780 1779 289 3 132 1781 131 
3 1781 1782 131 3 1781 1116 1782 3 131 1782 30 3 898 1783 1785 3 1783 1784 1785 
3 1783 945 1784 3 1785 1784 894 3 59 1786 1638 3 1786 1652 1638 3 1786 888 1652 
3 1638 1652 408 3 791 1787 1275 3 1787 1788 1275 3 1787 1008 1788 3 1275 1788 680 
3 610 1789 1791 3 1789 1790 1791 3 1789 865 1790 3 1791 1790 224 3 1183 1471 1792 
3 1471 1760 1792 3 1471 1198 1760 3 1792 1760 846 3 732 1793 1379 3 1793 1794 1379 
3 1793 1046 1794 3 1379 1794 943 3 1013 1795 1797 3 1795 1796 1797 3 1795 1115 1796 
3 1797 1796 761 3 664 1798 1520 3 1798 1799 1520 3 1798 814 1799 3 1520 1799 201 
3 977 1800 1802 3 1800 1801 1802 3 1800 1110 1801 3 1802 1801 1027 3 640 1754 1804 
3 1754 1803 1804 3 1754 804 1803 3 1804 1803 561 3 371 1805 1807 3 1805 1806 1807 
3 1805 1160 1806 3 1807 1806 762 3 378 1506 1809 3 1506 1808 1809 3 1506 380 1808 
3 1809 1808 379 3 190 1810 189 3 1810 1523 189 3 1810 829 1523 3 189 1523 58 
3 761 1811 1813 3 1811 1812 1813 3 1811 1012 1812 3 1813 1812 588 3 797 1814 1394 
3 1814 1815 1394 3 1814 917 1815 3 1394 1815 869 3 617 1430 1631 3 1430 1360 1631 
3 1430 1197 1360 3 1631 1360 1005 3 376 1677 1817 3 1677 1816 1817 3 1677 378 1816 
3 1817 1816 377 3 594 1818 1820 3 1818 1819 1820 3 1818 1094 1819 3 1820 1819 762 
3 396 1821 1823 3 1821 1822 1823 3 1821 850 1822 3 1823 1822 439 3 371 1807 1825 
3 1807 1824 1825 3 1807 762 1824 3 1825 1824 376 3 954 1826 1827 3 1826 1660 1827 
3 1826 1106 1660 3 1827 1660 754 3 248 1828 1830 3 1828 1829 1830 3 1828 811 1829 
3 1830 1829 496 3 304 1499 1832 3 1499 1831 1832 3 1499 532 1831 3 1832 1831 37 
3 51 1833 175 3 1833 1834 175 3 1833 1211 1834 3 175 1834 50 3 762 1806 1820 
3 1806 1835 1820 3 1806 1160 1835 3 1820 1835 594 3 590 1564 1837 3 1564 1836 1837 
3 1564 623 1836 3 1837 1836 582 3 867 1838 1447 3 1838 1839 1447 3 1838 1074 1839 
3 1447 1839 841 3 793 1840 1842 3 1840 1841 1842 3 1840 794 1841 3 1842 1841 297 
3 833 1843 1716 3 1843 1844 1716 3 1843 1071 1844 3 1716 1844 366 3 883 1742 1846 
3 1742 1845 1846 3 1742 892 1845 3 1846 1845 632 3 777 1847 1726 3 1847 1848 1726 
3 1847 1022 1848 3 1726 1848 446 3 807 1849 1851 3 1849 1850 1851 3 1849 1152 1850 
3 1851 1850 758 3 663 1852 1853 3 1852 1319 1853 3 1852 944 1319 3 1853 1319 505 
3 885 1854 1582 3 1854 1855 1582 3 1854 963 1855 3 1582 1855 514 3 69 1780 219 
3 1780 1856 219 3 1780 289 1856 3 219 1856 218 3 456 1857 1695 3 1857 1833 1695 
3 1857 1211 1833 3 1695 1833 51 3 885 1581 1858 3 1581 1439 1858 3 1581 1093 1439 
3 1858 1439 860 3 539 1859 1635 3 1859 1625 1635 3 1859 541 1625 3 1635 1625 540 
3 259 1860 1862 3 1860 1861 1862 3 1860 284 1861 3 1862 1861 257 3 49 1686 1864 
3 1686 1863 1864 3 1686 966 1863 3 1864 1863 835 3 825 1865 1867 3 1865 1866 1867 
3 1865 980 1866 3 1867 1866 752 3 278 1868 1870 3 1868 1869 1870 3 1868 297 1869 
3 1870 1869 276 3 929 1871 1873 3 1871 1872 1873 3 1871 998 1872 3 1873 1872 288 
3 541 1874 1623 3 1874 1343 1623 3 1874 769 1343 3 1623 1343 544 3 574 1875 1679 
3 1875 1876 1679 3 1875 806 1876 3 1679 1876 559 3 218 1877 217 3 1877 1878 217 
3 1877 790 1878 3 217 1878 68 3 735 1879 1881 3 1879 1880 1881 3 1879 782 1880 
3 1881 1880 781 3 57 1731 185 3 1731 1882 185 3 1731 1133 1882 3 185 1882 56 
3 812 1659 1883 3 1659 1396 1883 3 1659 846 1396 3 1883 1396 613 3 674 1884 1885 
3 1884 1709 1885 3 1884 1070 1709 3 1885 1709 970 3 894 1886 1785 3 1886 1887 1785 
3 1886 1205 1887 3 1785 1887 898 3 42 1888 1890 3 1888 1889 1890 3 1888 847 1889 
3 1890 1889 764 3 717 1891 1893 3 1891 1892 1893 3 1891 864 1892 3 1893 1892 509 
3 781 1894 1881 3 1894 1895 1881 3 1894 1128 1895 3 1881 1895 735 3 890 1896 1897 
3 1896 1467 1897 3 1896 1084 1467 3 1897 1467 678 3 877 1427 1899 3 1427 1898 1899 
3 1427 950 1898 3 1899 1898 432 3 770 1900 1902 3 1900 1901 1902 3 1900 831 1901 
3 1902 1901 830 3 6 1903 84 3 1903 1904 84 3 1903 763 1904 3 84 1904 5 
3 662 1745 1906 3 1745 1905 1906 3 1745 984 1905 3 1906 1905 828 3 380 1907 1768 
3 1907 1908 1768 3 1907 1192 1908 3 1768 1908 755 3 877 1909 1428 3 1909 1910 1428 
3 1909 1143 1910 3 1428 1910 723 3 32 1594 138 3 1594 1911 138 3 1594 807 1911 
3 138 1911 137 3 349 1912 1913 3 1912 1589 1913 3 1912 989 1589 3 1913 1589 913 
3 391 1914 1916 3 1914 1915 1916 3 1914 1075 1915 3 1916 1915 959 3 770 1902 1917 
3 1902 1595 1917 3 1902 830 1595 3 1917 1595 769 3 559 1876 1501 3 1876 1387 1501 
3 1876 806 1387 3 1501 1387 558 3 402 1918 1920 3 1918 1919 1920 3 1918 872 1919 
3 1920 1919 852 3 359 1921 1922 3 1921 1526 1922 3 1921 1085 1526 3 1922 1526 357 
3 380 1770 1924 3 1770 1923 1924 3 1770 382 1923 3 1924 1923 381 3 73 1925 1454 
3 1925 1926 1454 3 1925 973 1926 3 1454 1926 903 3 832 1927 1929 3 1927 1928 1929 
3 1927 1136 1928 3 1929 1928 13 3 453 1930 1931 3 1930 1684 1931 3 1930 1110 1684 
3 1931 1684 1010 3 519 1341 1932 3 1341 1251 1932 3 1341 969 1251 3 1932 1251 643 
3 297 1244 1869 3 1244 1933 1869 3 1244 1125 1933 3 1869 1933 276 3 1097 1934 1936 
3 1934 1935 1936 3 1934 1161 1935 3 1936 1935 1098 3 251 1937 1939 3 1937 1938 1939 
3 1937 252 1938 3 1939 1938 250 3 249 1940 1942 3 1940 1941 1942 3 1940 250 1941 
3 1942 1941 248 3 207 208 1943 3 208 209 1943 3 208 66 209 3 1943 209 210 
3 1027 1801 1944 3 1801 1930 1944 3 1801 1110 1930 3 1944 1930 453 3 806 1945 1419 
3 1945 1795 1419 3 1945 1115 1795 3 1419 1795 1013 3 662 1946 1948 3 1946 1947 1948 
3 1946 827 1947 3 1948 1947 826 3 499 1949 1951 3 1949 1950 1951 3 1949 926 1950 
3 1951 1950 814 3 433 1224 1952 3 1224 1302 1952 3 1224 1040 1302 3 1952 1302 621 
3 278 1953 1868 3 1953 1842 1868 3 1953 793 1842 3 1868 1842 297 3 265 1954 1956 
3 1954 1955 1956 3 1954 305 1955 3 1956 1955 263 3 670 1553 1957 3 1553 1752 1957 
3 1553 822 1752 3 1957 1752 640 3 252 1958 1960 3 1958 1959 1960 3 1958 787 1959 
3 1960 1959 254 3 964 1961 1963 3 1961 1962 1963 3 1961 1104 1962 3 1963 1962 500 
3 280 1449 1964 3 1449 1953 1964 3 1449 793 1953 3 1964 1953 278 3 33 1965 141 
3 1965 1453 141 3 1965 531 1453 3 141 1453 140 3 247 1966 1968 3 1966 1967 1968 
3 1966 248 1967 3 1968 1967 246 3 1 1969 79 3 1969 1970 79 3 1969 1150 1970 
3 79 1970 0 3 382 1769 1673 3 1769 1971 1673 3 1769 755 1971 3 1673 1971 395 
3 789 1972 1748 3 1972 1973 1748 3 1972 1060 1973 3 1748 1973 776 3 371 1825 1975 
3 1825 1974 1975 3 1825 376 1974 3 1975 1974 373 3 935 1976 1250 3 1976 1693 1250 
3 1976 1111 1693 3 1250 1693 51 3 582 1977 1979 3 1977 1978 1979 3 1977 781 1978 
3 1979 1978 566 3 593 1980 1982 3 1980 1981 1982 3 1980 594 1981 3 1982 1981 374 
3 661 1221 1984 3 1221 1983 1984 3 1221 1084 1983 3 1984 1983 951 3 828 1985 1986 
3 1985 1461 1986 3 1985 1049 1461 3 1986 1461 1030 3 187 1987 186 3 1987 1732 186 
3 1987 957 1732 3 186 1732 57 3 752 1988 1867 3 1988 1989 1867 3 1988 1165 1989 
3 1867 1989 825 3 1044 1990 1992 3 1990 1991 1992 3 1990 1068 1991 3 1992 1991 1025 
3 932 1993 1995 3 1993 1994 1995 3 1993 1107 1994 3 1995 1994 394 3 178 1996 177 
3 1996 1997 177 3 1996 813 1997 3 177 1997 52 3 881 1998 2000 3 1998 1999 2000 
3 1998 1090 1999 3 2000 1999 937 3 634 2001 1591 3 2001 2002 1591 3 2001 1146 2002 
3 1591 2002 913 3 17 2003 103 3 2003 2004 103 3 2003 1161 2004 3 103 2004 16 
3 666 2005 2006 3 2005 1563 2006 3 2005 796 1563 3 2006 1563 590 3 662 1906 1946 
3 1906 2007 1946 3 1906 828 2007 3 1946 2007 827 3 607 2008 2010 3 2008 2009 2010 
3 2008 816 2009 3 2010 2009 815 3 537 2011 1700 3 2011 2012 1700 3 2011 895 2012 
3 1700 2012 539 3 874 2013 2015 3 2013 2014 2015 3 2013 1077 2014 3 2015 2014 963 
3 978 2016 2018 3 2016 2017 2018 3 2016 1028 2017 3 2018 2017 620 3 364 2019 2020 
3 2019 1446 2020 3 2019 867 1446 3 2020 1446 498 3 852 1919 2022 3 1919 2021 2022 
3 1919 872 2021 3 2022 2021 624 3 151 1706 150 3 1706 1832 150 3 1706 304 1832 
3 150 1832 37 3 36 2023 146 3 2023 1612 146 3 2023 1063 1612 3 146 1612 35 
3 539 2012 2025 3 2012 2024 2025 3 2012 895 2024 3 2025 2024 542 3 780 1442 1713 
3 1442 2026 1713 3 1442 912 2026 3 1713 2026 650 3 793 1317 1840 3 1317 2027 1840 
3 1317 795 2027 3 1840 2027 794 3 420 2028 1505 3 2028 1907 1505 3 2028 1192 1907 
3 1505 1907 380 3 402 1920 2029 3 1920 1557 2029 3 1920 852 1557 3 2029 1557 404 
3 137 1911 2030 3 1911 1851 2030 3 1911 807 1851 3 2030 1851 758 3 791 2031 2033 
3 2031 2032 2033 3 2031 868 2032 3 2033 2032 468 3 3 1434 81 3 1434 2034 81 
3 1434 1016 2034 3 81 2034 2 3 137 2030 136 3 2030 2035 136 3 2030 758 2035 
3 136 2035 31 3 509 1892 2037 3 1892 2036 2037 3 1892 864 2036 3 2037 2036 471 
3 555 2038 2040 3 2038 2039 2040 3 2038 567 2039 3 2040 2039 552 3 929 2041 1871 
3 2041 2042 1871 3 2041 1059 2042 3 1871 2042 998 3 776 2043 2045 3 2043 2044 2045 
3 2043 856 2044 3 2045 2044 241 3 396 2046 1821 3 2046 2047 1821 3 2046 1006 2047 
3 1821 2047 850 3 358 2048 2049 3 2048 1922 2049 3 2048 359 1922 3 2049 1922 357 
3 958 2050 2052 3 2050 2051 2052 3 2050 1165 2051 3 2052 2051 569 3 261 2053 2055 
3 2053 2054 2055 3 2053 934 2054 3 2055 2054 259 3 439 1822 2057 3 1822 2056 2057 
3 1822 850 2056 3 2057 2056 503 3 840 2058 2059 3 2058 1764 2059 3 2058 1145 1764 
3 2059 1764 779 3 601 2060 2061 3 2060 1282 2061 3 2060 1073 1282 3 2061 1282 636 
3 736 2062 2063 3 2062 1325 2063 3 2062 1018 1325 3 2063 1325 654 3 758 2064 2035 
3 2064 2065 2035 3 2064 1088 2065 3 2035 2065 31 3 587 2066 2067 3 2066 1837 2067 
3 2066 590 1837 3 2067 1837 582 3 701 2068 1262 3 2068 2069 1262 3 2068 1078 2069 
3 1262 2069 787 3 589 2070 1658 3 2070 1792 1658 3 2070 1183 1792 3 1658 1792 846 
3 597 2071 2073 3 2071 2072 2073 3 2071 1187 2072 3 2073 2072 727 3 684 2074 2076 
3 2074 2075 2076 3 2074 768 2075 3 2076 2075 766 3 27 2077 123 3 2077 1733 123 
3 2077 1091 1733 3 123 1733 26 3 511 2078 2080 3 2078 2079 2080 3 2078 848 2079 
3 2080 2079 716 3 790 2081 1403 3 2081 2082 1403 3 2081 1140 2082 3 1403 2082 749 
3 58 1522 2084 3 1522 2083 2084 3 1522 1147 2083 3 2084 2083 855 3 252 1960 1938 
3 1960 2085 1938 3 1960 254 2085 3 1938 2085 250 3 792 2086 1216 3 2086 2087 1216 
3 2086 1155 2087 3 1216 2087 163 3 210 2088 1943 3 2088 2089 1943 3 2088 826 2089 
3 1943 2089 207 3 50 1386 174 3 1386 1687 174 3 1386 775 1687 3 174 1687 49 
3 849 2090 1534 3 2090 2091 1534 3 2090 959 2091 3 1534 2091 692 3 480 2092 2094 
3 2092 2093 2094 3 2092 1152 2093 3 2094 2093 808 3 988 2095 2096 3 2095 1608 2096 
3 2095 1150 1608 3 2096 1608 767 3 658 2097 2099 3 2097 2098 2099 3 2097 930 2098 
3 2099 2098 863 3 749 2082 2101 3 2082 2100 2101 3 2082 1140 2100 3 2101 2100 938 
3 335 2102 1648 3 2102 2023 1648 3 2102 1063 2023 3 1648 2023 36 3 24 2103 1616 
3 2103 2104 1616 3 2103 1079 2104 3 1616 2104 244 3 261 2105 2107 3 2105 2106 2107 
3 2105 1080 2106 3 2107 2106 1053 3 823 2108 2109 3 2108 1481 2109 3 2108 1034 1481 
3 2109 1481 1020 3 851 2110 2111 3 2110 2022 2111 3 2110 852 2022 3 2111 2022 624 
3 356 2112 2114 3 2112 2113 2114 3 2112 1049 2113 3 2114 2113 984 3 275 2115 2117 
3 2115 2116 2117 3 2115 953 2116 3 2117 2116 287 3 253 2118 2120 3 2118 2119 2120 
3 2118 255 2119 3 2120 2119 252 3 1130 2121 2123 3 2121 2122 2123 3 2121 1201 2122 
3 2123 2122 941 3 255 1335 2119 3 1335 1958 2119 3 1335 787 1958 3 2119 1958 252 
3 596 2124 1279 3 2124 2125 1279 3 2124 1037 2125 3 1279 2125 914 3 839 1326 1729 
3 1326 1421 1729 3 1326 1018 1421 3 1729 1421 78 3 534 2126 1571 3 2126 2127 1571 
3 2126 561 2127 3 1571 2127 535 3 469 2128 2130 3 2128 2129 2130 3 2128 472 2129 
3 2130 2129 471 3 472 2131 2133 3 2131 2132 2133 3 2131 511 2132 3 2133 2132 509 
3 75 2134 1393 3 2134 1651 1393 3 2134 530 1651 3 1393 1651 231 3 369 2135 2136 
3 2135 1805 2136 3 2135 1160 1805 3 2136 1805 371 3 351 2137 2139 3 2137 2138 2139 
3 2137 834 2138 3 2139 2138 400 3 795 1527 2140 3 1527 1599 2140 3 1527 1085 1599 
3 2140 1599 1061 3 375 2141 2142 3 2141 1982 2142 3 2141 593 1982 3 2142 1982 374 
3 13 1928 2144 3 1928 2143 2144 3 1928 1136 2143 3 2144 2143 508 3 5 1904 2146 
3 1904 2145 2146 3 1904 763 2145 3 2146 2145 245 3 63 2147 199 3 2147 2148 199 
3 2147 926 2148 3 199 2148 62 3 43 2149 161 3 2149 2150 161 3 2149 1155 2150 
3 161 2150 42 3 593 1256 1980 3 1256 2151 1980 3 1256 622 2151 3 1980 2151 594 
3 249 2152 1940 3 2152 1939 1940 3 2152 251 1939 3 1940 1939 250 3 382 1675 2154 
3 1675 2153 2154 3 1675 384 2153 3 2154 2153 383 3 533 1633 1498 3 1633 2155 1498 
3 1633 853 2155 3 1498 2155 532 3 244 2156 2158 3 2156 2157 2158 3 2156 436 2157 
3 2158 2157 435 3 580 2159 2160 3 2159 1979 2160 3 2159 582 1979 3 2160 1979 566 
3 295 2161 2163 3 2161 2162 2163 3 2161 397 2162 3 2163 2162 20 3 408 2164 1639 
3 2164 2165 1639 3 2164 414 2165 3 1639 2165 242 3 834 2166 2138 3 2166 2167 2138 
3 2166 906 2167 3 2138 2167 400 3 247 2168 1966 3 2168 1942 1966 3 2168 249 1942 
3 1966 1942 248 3 277 2169 2170 3 2169 1870 2170 3 2169 278 1870 3 2170 1870 276 
3 511 2080 2132 3 2080 2171 2132 3 2080 716 2171 3 2132 2171 509 3 708 2172 2174 
3 2172 2173 2174 3 2172 933 2173 3 2174 2173 675 3 594 1835 1981 3 1835 2175 1981 
3 1835 1160 2175 3 1981 2175 374 3 823 2176 2178 3 2176 2177 2178 3 2176 843 2177 
3 2178 2177 335 3 116 2179 115 3 2179 1544 115 3 2179 243 1544 3 115 1544 22 
3 472 2133 2129 3 2133 2037 2129 3 2133 509 2037 3 2129 2037 471 3 869 1815 2181 
3 1815 2180 2181 3 1815 917 2180 3 2181 2180 284 3 151 2182 1704 3 2182 2183 1704 
3 2182 1139 2183 3 1704 2183 982 3 1081 2184 2186 3 2184 2185 2186 3 2184 1101 2185 
3 2186 2185 759 3 758 2187 2064 3 2187 2188 2064 3 2187 1151 2188 3 2064 2188 1088 
3 684 2189 2074 3 2189 2190 2074 3 2189 1201 2190 3 2074 2190 768 3 543 1721 2191 
3 1721 1917 2191 3 1721 770 1917 3 2191 1917 769 3 506 2192 2193 3 2192 2184 2193 
3 2192 1101 2184 3 2193 2184 1081 3 58 2084 188 3 2084 2194 188 3 2084 855 2194 
3 188 2194 187 3 963 2014 2196 3 2014 2195 2196 3 2014 1077 2195 3 2196 2195 529 
3 837 2197 1284 3 2197 2198 1284 3 2197 949 2198 3 1284 2198 636 3 791 1456 2031 
3 1456 2199 2031 3 1456 962 2199 3 2031 2199 868 3 543 2191 2200 3 2191 1874 2200 
3 2191 769 1874 3 2200 1874 541 3 503 2056 2202 3 2056 2201 2202 3 2056 850 2201 
3 2202 2201 849 3 785 2203 2205 3 2203 2204 2205 3 2203 1199 2204 3 2205 2204 933 
3 579 2206 1688 3 2206 1622 1688 3 2206 584 1622 3 1688 1622 583 3 815 2207 2010 
3 2207 2208 2010 3 2207 1209 2208 3 2010 2208 607 3 802 2209 1772 3 2209 2166 1772 
3 2209 906 2166 3 1772 2166 834 3 1098 1935 2211 3 1935 2210 2211 3 1935 1161 2210 
3 2211 2210 1138 3 814 2212 1951 3 2212 2213 1951 3 2212 1158 2213 3 1951 2213 499 
3 414 2214 2165 3 2214 2215 2165 3 2214 415 2215 3 2165 2215 242 3 909 2216 1492 
3 2216 2112 1492 3 2216 1049 2112 3 1492 2112 356 3 368 2217 1554 3 2217 2142 1554 
3 2217 375 2142 3 1554 2142 374 3 2 2218 80 3 2218 2219 80 3 2218 450 2219 
3 80 2219 1 3 933 2204 2173 3 2204 2220 2173 3 2204 1199 2220 3 2173 2220 675 
3 959 2221 1916 3 2221 2222 1916 3 2221 1202 2222 3 1916 2222 391 3 561 1803 2127 
3 1803 2223 2127 3 1803 804 2223 3 2127 2223 535 3 61 1749 195 3 1749 2224 195 
3 1749 776 2224 3 195 2224 60 3 811 2225 1829 3 2225 2226 1829 3 2225 1023 2226 
3 1829 2226 496 3 468 2227 2229 3 2227 2228 2229 3 2227 469 2228 3 2229 2228 442 
3 978 2230 2231 3 2230 1914 2231 3 2230 1075 1914 3 2231 1914 391 3 265 2232 1954 
3 2232 1508 1954 3 2232 1131 1508 3 1954 1508 305 3 666 2233 2005 3 2233 2234 2005 
3 2233 797 2234 3 2005 2234 796 3 707 2235 2237 3 2235 2236 2237 3 2235 1086 2236 
3 2237 2236 818 3 789 2238 2240 3 2238 2239 2240 3 2238 1158 2239 3 2240 2239 1015 
3 364 2020 1490 3 2020 2241 1490 3 2020 498 2241 3 1490 2241 362 3 937 2242 2000 
3 2242 2243 2000 3 2242 1164 2243 3 2000 2243 881 3 441 2244 2246 3 2244 2245 2246 
3 2244 442 2245 3 2246 2245 415 3 856 1252 2044 3 1252 2247 2044 3 1252 969 2247 
3 2044 2247 241 3 645 2248 2249 3 2248 2078 2249 3 2248 848 2078 3 2249 2078 511 
3 623 2250 1836 3 2250 1977 1836 3 2250 781 1977 3 1836 1977 582 3 820 2251 2252 
3 2251 1333 2252 3 2251 927 1333 3 2252 1333 605 3 285 2253 2254 3 2253 1450 2254 
3 2253 357 1450 3 2254 1450 280 3 53 1692 2255 3 1692 1968 2255 3 1692 247 1968 
3 2255 1968 246 3 496 2226 2257 3 2226 2256 2257 3 2226 1023 2256 3 2257 2256 1007 
3 921 1736 2259 3 1736 2258 2259 3 1736 1000 2258 3 2259 2258 920 3 949 2260 2198 
3 2260 2261 2198 3 2260 1185 2261 3 2198 2261 636 3 60 2224 2262 3 2224 2045 2262 
3 2224 776 2045 3 2262 2045 241 3 586 1714 1657 3 1714 2263 1657 3 1714 650 2263 
3 1657 2263 618 3 645 2264 2248 3 2264 2265 2248 3 2264 929 2265 3 2248 2265 848 
3 263 2266 2267 3 2266 2105 2267 3 2266 1080 2105 3 2267 2105 261 3 451 2268 2269 
3 2268 1398 2269 3 2268 862 1398 3 2269 1398 708 3 700 2270 2271 3 2270 2115 2271 
3 2270 953 2115 3 2271 2115 275 3 49 2272 173 3 2272 2273 173 3 2272 1050 2273 
3 173 2273 48 3 624 2021 2275 3 2021 2274 2275 3 2021 872 2274 3 2275 2274 324 
3 353 2276 1779 3 2276 2277 1779 3 2276 462 2277 3 1779 2277 289 3 552 2278 2279 
3 2278 1719 2279 3 2278 1184 1719 3 2279 1719 543 3 148 2280 1647 3 2280 2281 1647 
3 2280 1170 2281 3 1647 2281 335 3 159 2282 158 3 2282 2283 158 3 2282 835 2283 
3 158 2283 41 3 837 2284 2197 3 2284 2285 2197 3 2284 1033 2285 3 2197 2285 949 
3 409 2286 2288 3 2286 2287 2288 3 2286 451 2287 3 2288 2287 397 3 673 2289 2291 
3 2289 2290 2291 3 2289 871 2290 3 2291 2290 870 3 445 2292 2294 3 2292 2293 2294 
3 2292 447 2293 3 2294 2293 446 3 54 2295 180 3 2295 1690 180 3 2295 861 1690 
3 180 1690 53 3 257 2296 2297 3 2296 1334 2297 3 2296 981 1334 3 2297 1334 255 
3 573 2298 1678 3 2298 2299 1678 3 2298 575 2299 3 1678 2299 574 3 830 1901 1414 
3 1901 2300 1414 3 1901 831 2300 3 1414 2300 572 3 864 2301 2302 3 2301 2189 2302 
3 2301 1201 2189 3 2302 2189 684 3 528 2303 2305 3 2303 2304 2305 3 2303 771 2304 
3 2305 2304 706 3 44 2306 1215 3 2306 2307 1215 3 2306 1072 2307 3 1215 2307 792 
3 395 2308 1674 3 2308 2309 1674 3 2308 805 2309 3 1674 2309 384 3 679 1566 2310 
3 1566 1628 2310 3 1566 1117 1628 3 2310 1628 697 3 819 1641 2312 3 1641 2311 2312 
3 1641 1052 2311 3 2312 2311 715 3 481 2313 2315 3 2313 2314 2315 3 2313 974 2314 
3 2315 2314 644 3 710 2316 2318 3 2316 2317 2318 3 2316 760 2317 3 2318 2317 619 
3 286 2319 2321 3 2319 2320 2321 3 2319 875 2320 3 2321 2320 274 3 53 2255 179 
3 2255 2322 179 3 2255 246 2322 3 179 2322 178 3 414 2323 2214 3 2323 2246 2214 
3 2323 441 2246 3 2214 2246 415 3 624 2324 2111 3 2324 2325 2111 3 2324 884 2325 
3 2111 2325 851 3 653 2326 2327 3 2326 1436 2327 3 2326 654 1436 3 2327 1436 652 
3 605 2328 2252 3 2328 2329 2252 3 2328 1185 2329 3 2252 2329 820 3 441 2330 2244 
3 2330 2229 2244 3 2330 468 2229 3 2244 2229 442 3 822 2331 1753 3 2331 2332 1753 
3 2331 895 2332 3 1753 2332 804 3 784 1558 2333 3 1558 2110 2333 3 1558 852 2110 
3 2333 2110 851 3 279 2334 2335 3 2334 1964 2335 3 2334 280 1964 3 2335 1964 278 
3 369 2136 2337 3 2136 2336 2337 3 2136 371 2336 3 2337 2336 370 3 779 1773 1313 
3 1773 2338 1313 3 1773 834 2338 3 1313 2338 403 3 1007 2256 2340 3 2256 2339 2340 
3 2256 1023 2339 3 2340 2339 750 3 911 2341 2342 3 2341 1535 2342 3 2341 1154 1535 
3 2342 1535 245 3 570 1666 1270 3 1666 2343 1270 3 1666 1200 2343 3 1270 2343 589 
3 535 2223 1618 3 2223 2344 1618 3 2223 804 2344 3 1618 2344 537 3 272 2345 2347 
3 2345 2346 2347 3 2345 276 2346 3 2347 2346 269 3 584 2348 1621 3 2348 1712 1621 
3 2348 780 1712 3 1621 1712 586 3 639 2349 2350 3 2349 2318 2350 3 2349 710 2318 
3 2350 2318 619 3 497 2351 2353 3 2351 2352 2353 3 2351 979 2352 3 2353 2352 857 
3 505 2354 2356 3 2354 2355 2356 3 2354 619 2355 3 2356 2355 504 3 650 2357 2263 
3 2357 1740 2263 3 2357 651 1740 3 2263 1740 618 3 26 2358 122 3 2358 2359 122 
3 2358 1083 2359 3 122 2359 25 3 771 2360 1424 3 2360 1331 1424 3 2360 955 1331 
3 1424 1331 927 3 420 1349 2362 3 1349 2361 2362 3 1349 930 2361 3 2362 2361 915 
3 395 2363 2308 3 2363 1441 2308 3 2363 912 1441 3 2308 1441 805 3 890 2364 2366 
3 2364 2365 2366 3 2364 1039 2365 3 2366 2365 951 3 213 1746 212 3 1746 2367 212 
3 1746 662 2367 3 212 2367 67 3 703 2368 2370 3 2368 2369 2370 3 2368 866 2369 
3 2370 2369 352 3 484 1241 2372 3 1241 2371 2372 3 1241 1122 2371 3 2372 2371 721 
3 718 2373 2375 3 2373 2374 2375 3 2373 1118 2374 3 2375 2374 865 3 504 2376 2378 
3 2376 2377 2378 3 2376 629 2377 3 2378 2377 447 3 632 1845 2380 3 1845 2379 2380 
3 1845 892 2379 3 2380 2379 457 3 819 2381 1400 3 2381 2382 1400 3 2381 1076 2382 
3 1400 2382 708 3 789 2383 1972 3 2383 2384 1972 3 2383 1163 2384 3 1972 2384 1060 
3 360 2385 2386 3 2385 1579 2386 3 2385 361 1579 3 2386 1579 359 3 251 2387 1937 
3 2387 2120 1937 3 2387 253 2120 3 1937 2120 252 3 544 1529 2389 3 1529 2388 2389 
3 1529 546 2388 3 2389 2388 545 3 282 2390 2392 3 2390 2391 2392 3 2390 939 2391 
3 2392 2391 293 3 755 1366 1971 3 1366 2393 1971 3 1366 990 2393 3 1971 2393 395 
3 742 1272 2395 3 1272 2394 2395 3 1272 1149 2394 3 2395 2394 1022 3 987 2396 1606 
3 2396 2397 1606 3 2396 1087 2397 3 1606 2397 800 3 858 2398 2400 3 2398 2399 2400 
3 2398 859 2399 3 2400 2399 429 3 946 2401 2403 3 2401 2402 2403 3 2401 1157 2402 
3 2403 2402 1083 3 110 2404 109 3 2404 2163 109 3 2404 295 2163 3 109 2163 20 
3 448 2405 2406 3 2405 2378 2406 3 2405 504 2378 3 2406 2378 447 3 1071 2407 2409 
3 2407 2408 2409 3 2407 1109 2408 3 2409 2408 614 3 824 2410 2411 3 2410 1289 2411 
3 2410 1103 1289 3 2411 1289 757 3 786 2412 2413 3 2412 2203 2413 3 2412 1199 2203 
3 2413 2203 785 3 380 1924 1808 3 1924 2414 1808 3 1924 381 2414 3 1808 2414 379 
3 692 1370 2416 3 1370 2415 2416 3 1370 1047 2415 3 2416 2415 411 3 406 2417 1309 
3 2417 2418 1309 3 2417 1102 2418 3 1309 2418 155 3 378 1809 1816 3 1809 2419 1816 
3 1809 379 2419 3 1816 2419 377 3 451 2269 2420 3 2269 2174 2420 3 2269 708 2174 
3 2420 2174 675 3 808 2421 2094 3 2421 2422 2094 3 2421 1086 2422 3 2094 2422 480 
3 622 2423 2151 3 2423 2424 2151 3 2423 863 2424 3 2151 2424 594 3 574 2425 1875 
3 2425 1945 1875 3 2425 1115 1945 3 1875 1945 806 3 824 2426 2428 3 2426 2427 2428 
3 2426 1114 2427 3 2428 2427 443 3 881 2429 2430 3 2429 1846 2430 3 2429 883 1846 
3 2430 1846 632 3 1083 2402 2432 3 2402 2431 2432 3 2402 1157 2431 3 2432 2431 516 
3 2 2433 2218 3 2433 2434 2218 3 2433 512 2434 3 2218 2434 450 3 445 2294 2436 
3 2294 2435 2436 3 2294 446 2435 3 2436 2435 444 3 101 2437 100 3 2437 2438 100 
3 2437 832 2438 3 100 2438 15 3 530 2439 2440 3 2439 2096 2440 3 2439 988 2096 
3 2440 2096 767 3 340 2441 2443 3 2441 2442 2443 3 2441 887 2442 3 2443 2442 349 
3 403 2338 2444 3 2338 2137 2444 3 2338 834 2137 3 2444 2137 351 3 821 2445 2446 
3 2445 1722 2446 3 2445 1092 1722 3 2446 1722 800 3 355 2447 2448 3 2447 2400 2448 
3 2447 858 2400 3 2448 2400 429 3 29 2449 127 3 2449 2450 127 3 2449 972 2450 
3 127 2450 126 3 824 2451 2410 3 2451 2452 2410 3 2451 1162 2452 3 2410 2452 1103 
3 475 2453 2455 3 2453 2454 2455 3 2453 476 2454 3 2455 2454 431 3 870 2456 2291 
3 2456 2457 2291 3 2456 1070 2457 3 2291 2457 673 3 554 2458 1382 3 2458 2459 1382 
3 2458 1100 2459 3 1382 2459 822 3 2 2034 2461 3 2034 2460 2461 3 2034 1016 2460 
3 2461 2460 633 3 530 2440 1473 3 2440 2462 1473 3 2440 767 2462 3 1473 2462 642 
3 207 2089 206 3 2089 2463 206 3 2089 826 2463 3 206 2463 65 3 353 2464 2276 
3 2464 2465 2276 3 2464 486 2465 3 2276 2465 462 3 651 2466 1739 3 2466 2327 1739 
3 2466 653 2327 3 1739 2327 652 3 863 2467 2099 3 2467 2468 2099 3 2467 1038 2468 
3 2099 2468 658 3 376 1817 1974 3 1817 2469 1974 3 1817 377 2469 3 1974 2469 373 
3 256 2470 2471 3 2470 2297 2471 3 2470 257 2297 3 2471 2297 255 3 776 1973 2043 
3 1973 2472 2043 3 1973 1060 2472 3 2043 2472 856 3 434 2473 2474 3 2473 1858 2474 
3 2473 885 1858 3 2474 1858 860 3 310 2475 2477 3 2475 2476 2477 3 2475 913 2476 
3 2477 2476 876 3 528 2305 2479 3 2305 2478 2479 3 2305 706 2478 3 2479 2478 527 
3 246 2480 2322 3 2480 1996 2322 3 2480 813 1996 3 2322 1996 178 3 686 2481 2483 
3 2481 2482 2483 3 2481 970 2482 3 2483 2482 879 3 882 2484 1374 3 2484 2485 1374 
3 2484 1021 2485 3 1374 2485 886 3 580 2486 2159 3 2486 2067 2159 3 2486 587 2067 
3 2159 2067 582 3 880 2487 2488 3 2487 2430 2488 3 2487 881 2430 3 2488 2430 632 
3 248 1830 1967 3 1830 2489 1967 3 1830 496 2489 3 1967 2489 246 3 355 2448 2491 
3 2448 2490 2491 3 2448 429 2490 3 2491 2490 428 3 591 2492 2493 3 2492 2006 2493 
3 2492 666 2006 3 2493 2006 590 3 475 2494 2453 3 2494 2495 2453 3 2494 487 2495 
3 2453 2495 476 3 567 2496 2039 3 2496 2278 2039 3 2496 1184 2278 3 2039 2278 552 
3 856 2497 1277 3 2497 2498 1277 3 2497 857 2498 3 1277 2498 681 3 1098 2499 2500 
3 2499 2412 2500 3 2499 1199 2412 3 2500 2412 786 3 904 2501 1668 3 2501 2502 1668 
3 2501 1207 2502 3 1668 2502 772 3 515 2503 2504 3 2503 2249 2504 3 2503 645 2249 
3 2504 2249 511 3 250 2505 1941 3 2505 1828 1941 3 2505 811 1828 3 1941 1828 248 
3 348 2506 2508 3 2506 2507 2508 3 2506 355 2507 3 2508 2507 354 3 37 2509 149 
3 2509 2510 149 3 2509 1141 2510 3 149 2510 148 3 577 2511 2512 3 2511 1804 2512 
3 2511 640 1804 3 2512 1804 561 3 244 2513 2156 3 2513 2514 2156 3 2513 437 2514 
3 2156 2514 436 3 843 2515 2177 3 2515 2102 2177 3 2515 1063 2102 3 2177 2102 335 
3 866 2516 2517 3 2516 2473 2517 3 2516 885 2473 3 2517 2473 434 3 344 2518 2520 
3 2518 2519 2520 3 2518 423 2519 3 2520 2519 28 3 473 2521 2522 3 2521 2302 2522 
3 2521 864 2302 3 2522 2302 684 3 430 2523 2524 3 2523 2455 2524 3 2523 475 2455 
3 2524 2455 431 3 352 2369 2526 3 2369 2525 2526 3 2369 866 2525 3 2526 2525 334 
3 294 2527 2529 3 2527 2528 2529 3 2527 876 2528 3 2529 2528 283 3 398 2530 2531 
3 2530 2319 2531 3 2530 875 2319 3 2531 2319 286 3 503 2202 2533 3 2202 2532 2533 
3 2202 849 2532 3 2533 2532 688 3 430 2524 2535 3 2524 2534 2535 3 2524 431 2534 
3 2535 2534 419 3 259 2054 1860 3 2054 2536 1860 3 2054 934 2536 3 1860 2536 284 
3 335 2537 2178 3 2537 2108 2178 3 2537 1034 2108 3 2178 2108 823 3 272 2538 2345 
3 2538 2170 2345 3 2538 277 2170 3 2345 2170 276 3 684 2076 2540 3 2076 2539 2540 
3 2076 766 2539 3 2540 2539 765 3 258 2541 2542 3 2541 1862 2542 3 2541 259 1862 
3 2542 1862 257 3 468 2032 2227 3 2032 2543 2227 3 2032 868 2543 3 2227 2543 469 
3 445 2544 2546 3 2544 2545 2546 3 2544 900 2545 3 2546 2545 448 3 544 2389 1624 
3 2389 2547 1624 3 2389 545 2547 3 1624 2547 540 3 883 2548 1743 3 2548 2549 1743 
3 2548 1008 2549 3 1743 2549 495 3 445 2546 2292 3 2546 2406 2292 3 2546 448 2406 
3 2292 2406 447 3 657 2550 2551 3 2550 2063 2551 3 2550 736 2063 3 2551 2063 654 
3 50 1834 1324 3 1834 2552 1324 3 1834 1211 2552 3 1324 2552 467 3 437 2553 2554 
3 2553 2436 2554 3 2553 445 2436 3 2554 2436 444 3 482 2555 2556 3 2555 1257 2556 
3 2555 1137 1257 3 2556 1257 616 3 588 1604 1813 3 1604 1797 1813 3 1604 1013 1797 
3 1813 1797 761 3 721 2557 2558 3 2557 2530 2558 3 2557 875 2530 3 2558 2530 398 
3 452 2559 2560 3 2559 2479 2560 3 2559 528 2479 3 2560 2479 527 3 753 2561 2563 
3 2561 2562 2563 3 2561 754 2562 3 2563 2562 645 3 495 2564 2565 3 2564 2033 2565 
3 2564 791 2033 3 2565 2033 468 3 738 2566 2568 3 2566 2567 2568 3 2566 1080 2567 
3 2568 2567 948 3 959 1915 2091 3 1915 1368 2091 3 1915 1075 1368 3 2091 1368 692 
3 848 2569 2570 3 2569 1682 2570 3 2569 1134 1682 3 2570 1682 1110 3 344 2571 2518 
3 2571 2572 2518 3 2571 798 2572 3 2518 2572 423 3 429 2573 2490 3 2573 2574 2490 
3 2573 870 2574 3 2490 2574 428 3 936 1463 2575 3 1463 1781 2575 3 1463 1116 1781 
3 2575 1781 132 3 667 1593 2577 3 1593 2576 2577 3 1593 965 2576 3 2577 2576 581 
3 850 2578 2201 3 2578 2090 2201 3 2578 959 2090 3 2201 2090 849 3 428 2574 2580 
3 2574 2579 2580 3 2574 870 2579 3 2580 2579 464 3 518 2581 2582 3 2581 2488 2582 
3 2581 880 2488 3 2582 2488 632 3 505 1321 2354 3 1321 2350 2354 3 1321 639 2350 
3 2354 2350 619 3 481 2315 2584 3 2315 2583 2584 3 2315 644 2583 3 2584 2583 612 
3 767 1495 2462 3 1495 2585 2462 3 1495 975 2585 3 2462 2585 642 3 469 2543 2128 
3 2543 2586 2128 3 2543 868 2586 3 2128 2586 472 3 504 2587 2376 3 2587 1530 2376 
3 2587 1032 1530 3 2376 1530 629 3 930 2588 2098 3 2588 2589 2098 3 2588 1094 2589 
3 2098 2589 863 3 845 2590 2592 3 2590 2591 2592 3 2590 1144 2591 3 2592 2591 487 
3 703 2593 2368 3 2593 2516 2368 3 2593 885 2516 3 2368 2516 866 3 448 2545 2595 
3 2545 2594 2595 3 2545 900 2594 3 2595 2594 663 3 856 2472 2497 3 2472 2596 2497 
3 2472 1060 2596 3 2497 2596 857 3 418 2597 2598 3 2597 2535 2598 3 2597 430 2535 
3 2598 2535 419 3 484 2372 2599 3 2372 2558 2599 3 2372 721 2558 3 2599 2558 398 
3 347 2600 2602 3 2600 2601 2602 3 2600 893 2601 3 2602 2601 884 3 473 2522 2604 
3 2522 2603 2604 3 2522 684 2603 3 2604 2603 683 3 558 1389 2606 3 1389 2605 2606 
3 1389 562 2605 3 2606 2605 560 3 261 2107 2053 3 2107 2607 2053 3 2107 1053 2607 
3 2053 2607 934 3 448 2608 2405 3 2608 2356 2405 3 2608 505 2356 3 2405 2356 504 
3 884 2601 2325 3 2601 2609 2325 3 2601 893 2609 3 2325 2609 851 3 295 2610 2612 
3 2610 2611 2612 3 2610 925 2611 3 2612 2611 460 3 709 1346 2614 3 1346 2613 2614 
3 1346 955 2613 3 2614 2613 528 3 668 2615 2617 3 2615 2616 2617 3 2615 904 2616 
3 2617 2616 712 3 878 2618 2620 3 2618 2619 2620 3 2618 879 2619 3 2620 2619 859 
3 68 2621 216 3 2621 2622 216 3 2621 356 2622 3 216 2622 215 3 711 2623 2625 
3 2623 2624 2625 3 2623 800 2624 3 2625 2624 710 3 796 2626 1478 3 2626 1750 1478 
3 2626 1153 1750 3 1478 1750 799 3 428 2580 2628 3 2580 2627 2628 3 2580 464 2627 
3 2628 2627 449 3 951 1983 2366 3 1983 1896 2366 3 1983 1084 1896 3 2366 1896 890 
3 710 2629 2316 3 2629 1363 2316 3 2629 1087 1363 3 2316 1363 760 3 518 2582 2630 
3 2582 2380 2630 3 2582 632 2380 3 2630 2380 457 3 476 2631 2633 3 2631 2632 2633 
3 2631 478 2632 3 2633 2632 477 3 402 2634 2635 3 2634 2444 2635 3 2634 403 2444 
3 2635 2444 351 3 781 2636 1978 3 2636 2637 1978 3 2636 1196 2637 3 1978 2637 566 
3 324 2274 2639 3 2274 2638 2639 3 2274 872 2638 3 2639 2638 321 3 218 2640 1877 
3 2640 2081 1877 3 2640 1140 2081 3 1877 2081 790 3 716 2641 2171 3 2641 1893 2171 
3 2641 717 1893 3 2171 1893 509 3 355 2491 2507 3 2491 2642 2507 3 2491 428 2642 
3 2507 2642 354 3 709 2643 1347 3 2643 2515 1347 3 2643 1063 2515 3 1347 2515 843 
3 875 2644 2645 3 2644 1961 2645 3 2644 1104 1961 3 2645 1961 964 3 376 1824 1676 
3 1824 2646 1676 3 1824 762 2646 3 1676 2646 756 3 704 2647 2649 3 2647 2648 2649 
3 2647 1004 2648 3 2649 2648 928 3 425 2650 2652 3 2650 2651 2652 3 2650 887 2651 
3 2652 2651 399 3 314 2653 2655 3 2653 2654 2655 3 2653 889 2654 3 2655 2654 413 
3 674 2656 2658 3 2656 2657 2658 3 2656 744 2657 3 2658 2657 513 3 949 2285 2660 
3 2285 2659 2660 3 2285 1033 2659 3 2660 2659 489 3 277 2661 2169 3 2661 2335 2169 
3 2661 279 2335 3 2169 2335 278 3 298 2662 2664 3 2662 2663 2664 3 2662 482 2663 
3 2664 2663 337 3 746 2665 2666 3 2665 2437 2666 3 2665 832 2437 3 2666 2437 101 
3 322 2667 2668 3 2667 2635 2668 3 2667 402 2635 3 2668 2635 351 3 466 2669 2671 
3 2669 2670 2671 3 2669 679 2670 3 2671 2670 677 3 870 2290 2579 3 2290 2672 2579 
3 2290 871 2672 3 2579 2672 464 3 369 2337 1615 3 2337 2673 1615 3 2337 370 2673 
3 1615 2673 367 3 183 2674 2676 3 2674 2675 2676 3 2674 1180 2675 3 2676 2675 54 
3 589 2343 2677 3 2343 1586 2677 3 2343 1200 1586 3 2677 1586 1182 3 399 2651 2678 
3 2651 2441 2678 3 2651 887 2441 3 2678 2441 340 3 826 1947 2463 3 1947 2679 2463 
3 1947 827 2679 3 2463 2679 65 3 326 2680 2681 3 2680 2324 2681 3 2680 884 2324 
3 2681 2324 624 3 260 2682 2683 3 2682 2055 2683 3 2682 261 2055 3 2683 2055 259 
3 325 2684 2686 3 2684 2685 2686 3 2684 326 2685 3 2686 2685 324 3 409 2687 2286 
3 2687 2268 2286 3 2687 862 2268 3 2286 2268 451 3 163 2087 162 3 2087 2149 162 
3 2087 1155 2149 3 162 2149 43 3 760 2688 2317 3 2688 2689 2317 3 2688 1032 2689 
3 2317 2689 619 3 418 2598 2691 3 2598 2690 2691 3 2598 419 2690 3 2691 2690 417 
3 478 1646 2693 3 1646 2692 2693 3 1646 631 2692 3 2693 2692 630 3 587 2694 2066 
3 2694 2493 2066 3 2694 591 2493 3 2066 2493 590 3 313 2695 2697 3 2695 2696 2697 
3 2695 886 2696 3 2697 2696 315 3 833 2698 1843 3 2698 2407 1843 3 2698 1109 2407 
3 1843 2407 1071 3 171 2699 170 3 2699 2700 170 3 2699 1191 2700 3 170 2700 47 
3 285 2701 2253 3 2701 2049 2253 3 2701 358 2049 3 2253 2049 357 3 639 2702 2349 
3 2702 2625 2349 3 2702 711 2625 3 2349 2625 710 3 424 2703 2704 3 2703 2652 2704 
3 2703 425 2652 3 2704 2652 399 3 763 2705 2145 3 2705 2706 2145 3 2705 1121 2706 
3 2145 2706 245 3 348 2707 2506 3 2707 2708 2506 3 2707 434 2708 3 2506 2708 355 
3 47 2700 2710 3 2700 2709 2710 3 2700 1191 2709 3 2710 2709 847 3 306 2711 2713 
3 2711 2712 2713 3 2711 919 2712 3 2713 2712 341 3 1000 2714 2258 3 2714 1412 2258 
3 2714 1149 1412 3 2258 1412 920 3 472 2715 2131 3 2715 2504 2131 3 2715 515 2504 
3 2131 2504 511 3 334 2525 2717 3 2525 2716 2717 3 2525 866 2716 3 2717 2716 348 
3 319 2718 2720 3 2718 2719 2720 3 2718 320 2719 3 2720 2719 318 3 818 2721 2237 
3 2721 2722 2237 3 2721 1176 2722 3 2237 2722 707 3 321 2723 2725 3 2723 2724 2725 
3 2723 322 2724 3 2725 2724 320 3 423 2726 2728 3 2726 2727 2728 3 2726 896 2727 
3 2728 2727 747 3 452 2729 2559 3 2729 2614 2559 3 2729 709 2614 3 2559 2614 528 
3 126 2730 125 3 2730 2520 125 3 2730 344 2520 3 125 2520 28 3 326 2681 2685 
3 2681 2275 2685 3 2681 624 2275 3 2685 2275 324 3 512 2731 2434 3 2731 2732 2434 
3 2731 513 2732 3 2434 2732 450 3 525 2733 2735 3 2733 2734 2735 3 2733 1052 2734 
3 2735 2734 492 3 224 2736 223 3 2736 2737 223 3 2736 1041 2737 3 223 2737 70 
3 262 2738 2739 3 2738 2267 2739 3 2738 263 2267 3 2739 2267 261 3 374 2175 1555 
3 2175 2135 1555 3 2175 1160 2135 3 1555 2135 369 3 317 2740 2742 3 2740 2741 2742 
3 2740 901 2741 3 2742 2741 319 3 382 2154 1923 3 2154 2743 1923 3 2154 383 2743 
3 1923 2743 381 3 542 2744 2745 3 2744 2200 2745 3 2744 543 2200 3 2745 2200 541 
3 673 2457 2746 3 2457 1884 2746 3 2457 1070 1884 3 2746 1884 674 3 836 2747 2748 
3 2747 2698 2748 3 2747 1109 2698 3 2748 2698 833 3 622 2749 2423 3 2749 2467 2423 
3 2749 1038 2467 3 2423 2467 863 3 417 2750 2752 3 2750 2751 2752 3 2750 874 2751 
3 2752 2751 703 3 795 2140 2027 3 2140 2753 2027 3 2140 1061 2753 3 2027 2753 794 
3 339 1375 2754 3 1375 2695 2754 3 1375 886 2695 3 2754 2695 313 3 334 2717 2756 
3 2717 2755 2756 3 2717 348 2755 3 2756 2755 347 3 416 2757 2758 3 2757 2691 2758 
3 2757 418 2691 3 2758 2691 417 3 408 2759 2164 3 2759 2760 2164 3 2759 457 2760 
3 2164 2760 414 3 469 2130 2762 3 2130 2761 2762 3 2130 471 2761 3 2762 2761 470 
3 295 2763 2161 3 2763 2288 2161 3 2763 409 2288 3 2161 2288 397 3 323 2764 2765 
3 2764 2686 2765 3 2764 325 2686 3 2765 2686 324 3 348 2508 2755 3 2508 2766 2755 
3 2508 354 2766 3 2755 2766 347 3 244 2158 1617 3 2158 2767 1617 3 2158 435 2767 
3 1617 2767 23 3 434 2768 2708 3 2768 2447 2708 3 2768 858 2447 3 2708 2447 355 
3 727 2769 2770 3 2769 2747 2770 3 2769 1109 2747 3 2770 2747 836 3 472 2586 2715 
3 2586 2771 2715 3 2586 868 2771 3 2715 2771 515 3 492 2772 2773 3 2772 2687 2773 
3 2772 862 2687 3 2773 2687 409 3 526 2774 2775 3 2774 1408 2775 3 2774 646 1408 
3 2775 1408 525 3 264 2776 2777 3 2776 1956 2777 3 2776 265 1956 3 2777 1956 263 
3 328 2778 2779 3 2778 2680 2779 3 2778 884 2680 3 2779 2680 326 3 569 2780 2052 
3 2780 2781 2052 3 2780 1051 2781 3 2052 2781 958 3 476 2633 2454 3 2633 2782 2454 
3 2633 477 2782 3 2454 2782 431 3 463 2783 2784 3 2783 2740 2784 3 2783 901 2740 
3 2784 2740 317 3 919 2785 2712 3 2785 2786 2712 3 2785 920 2786 3 2712 2786 341 
3 419 2787 2690 3 2787 2750 2690 3 2787 874 2750 3 2690 2750 417 3 402 2029 2634 
3 2029 1234 2634 3 2029 404 1234 3 2634 1234 403 3 493 2788 2789 3 2788 2735 2789 
3 2788 525 2735 3 2789 2735 492 3 284 2536 2181 3 2536 2790 2181 3 2536 934 2790 
3 2181 2790 869 3 451 2791 2287 3 2791 2792 2287 3 2791 615 2792 3 2287 2792 397 
3 327 2793 2795 3 2793 2794 2795 3 2793 905 2794 3 2795 2794 333 3 623 2796 2250 
3 2796 1894 2250 3 2796 1128 1894 3 2250 1894 781 3 329 2797 2798 3 2797 2475 2798 
3 2797 913 2475 3 2798 2475 310 3 416 2799 2757 3 2799 2800 2757 3 2799 877 2800 
3 2757 2800 418 3 322 2668 2802 3 2668 2801 2802 3 2668 351 2801 3 2802 2801 350 
3 327 2803 2804 3 2803 2779 2804 3 2803 328 2779 3 2804 2779 326 3 460 2805 2806 
3 2805 2773 2806 3 2805 492 2773 3 2806 2773 409 3 333 2807 2809 3 2807 2808 2809 
3 2807 334 2808 3 2809 2808 328 3 920 1413 2786 3 1413 2810 2786 3 1413 1099 2810 
3 2786 2810 341 3 241 2811 2813 3 2811 2812 2813 3 2811 888 2812 3 2813 2812 193 
3 498 1600 2241 3 1600 2814 2241 3 1600 1085 2814 3 2241 2814 362 3 317 2815 2817 
3 2815 2816 2817 3 2815 318 2816 3 2817 2816 316 3 770 2818 1900 3 2818 2819 1900 
3 2818 995 2819 3 1900 2819 831 3 992 2820 1423 3 2820 2821 1423 3 2820 1019 2821 
3 1423 2821 78 3 0 2822 240 3 2822 2823 240 3 2822 988 2823 3 240 2823 239 
3 486 2824 2465 3 2824 2825 2465 3 2824 514 2825 3 2465 2825 462 3 938 2826 2101 
3 2826 2827 2101 3 2826 1168 2827 3 2101 2827 749 3 904 2828 2616 3 2828 2829 2616 
3 2828 1096 2829 3 2616 2829 712 3 279 2830 2334 3 2830 2831 2334 3 2830 281 2831 
3 2334 2831 280 3 418 2800 2832 3 2800 1899 2832 3 2800 877 1899 3 2832 1899 432 
3 428 2628 2642 3 2628 2833 2642 3 2628 449 2833 3 2642 2833 354 3 315 2696 2835 
3 2696 2834 2835 3 2696 886 2834 3 2835 2834 463 3 1015 2836 2240 3 2836 2383 2240 
3 2836 1163 2383 3 2240 2383 789 3 365 2837 2838 3 2837 1715 2838 3 2837 833 1715 
3 2838 1715 363 3 646 2839 1654 3 2839 2209 1654 3 2839 906 2209 3 1654 2209 802 
3 704 2649 2840 3 2649 1649 2840 3 2649 928 1649 3 2840 1649 524 3 437 2554 2514 
3 2554 2841 2514 3 2554 444 2841 3 2514 2841 436 3 353 2842 2464 3 2842 2843 2464 
3 2842 608 2843 3 2464 2843 486 3 60 2262 194 3 2262 2813 194 3 2262 241 2813 
3 194 2813 193 3 323 2765 2844 3 2765 2639 2844 3 2765 324 2639 3 2844 2639 321 
3 638 2845 2847 3 2845 2846 2847 3 2845 820 2846 3 2847 2846 626 3 899 2848 2850 
3 2848 2849 2850 3 2848 1029 2849 3 2850 2849 406 3 193 2812 192 3 2812 1786 192 
3 2812 888 1786 3 192 1786 59 3 325 2851 2853 3 2851 2852 2853 3 2851 894 2852 
3 2853 2852 346 3 859 1710 2399 3 1710 2854 2399 3 1710 1070 2854 3 2399 2854 429 
3 287 2116 2856 3 2116 2855 2856 3 2116 953 2855 3 2856 2855 298 3 820 2329 2857 
3 2329 2260 2857 3 2329 1185 2260 3 2857 2260 949 3 322 2802 2724 3 2802 2858 2724 
3 2802 350 2858 3 2724 2858 320 3 551 1415 1500 3 1415 2859 1500 3 1415 572 2859 
3 1500 2859 559 3 441 2860 2330 3 2860 2565 2330 3 2860 495 2565 3 2330 2565 468 
3 310 2477 2861 3 2477 2527 2861 3 2477 876 2527 3 2861 2527 294 3 417 2752 2862 
3 2752 2370 2862 3 2752 703 2370 3 2862 2370 352 3 601 2061 2864 3 2061 2863 2864 
3 2061 636 2863 3 2864 2863 603 3 466 2865 2669 3 2865 2866 2669 3 2865 907 2866 
3 2669 2866 679 3 827 2867 2679 3 2867 2868 2679 3 2867 916 2868 3 2679 2868 65 
3 315 2835 2869 3 2835 2784 2869 3 2835 463 2784 3 2869 2784 317 3 471 2036 2870 
3 2036 2521 2870 3 2036 864 2521 3 2870 2521 473 3 33 2871 1965 3 2871 2872 1965 
3 2871 983 2872 3 1965 2872 531 3 418 2832 2597 3 2832 2873 2597 3 2832 432 2873 
3 2597 2873 430 3 325 2874 2684 3 2874 2804 2684 3 2874 327 2804 3 2684 2804 326 
3 0 1970 2822 3 1970 2095 2822 3 1970 1150 2095 3 2822 2095 988 3 514 2875 2825 
3 2875 2876 2825 3 2875 529 2876 3 2825 2876 462 3 293 2391 2878 3 2391 2877 2878 
3 2391 939 2877 3 2878 2877 458 3 643 1278 2880 3 1278 2879 2880 3 1278 681 2879 
3 2880 2879 647 3 446 2881 2435 3 2881 2882 2435 3 2881 494 2882 3 2435 2882 444 
3 520 2883 2884 3 2883 2581 2884 3 2883 880 2581 3 2884 2581 518 3 620 1476 2018 
3 1476 2230 2018 3 1476 1075 2230 3 2018 2230 978 3 5 2146 83 3 2146 1536 83 
3 2146 245 1536 3 83 1536 4 3 464 2885 2627 3 2885 2886 2627 3 2885 465 2886 
3 2627 2886 449 3 679 2310 2670 3 2310 2887 2670 3 2310 697 2887 3 2670 2887 677 
3 346 2888 2889 3 2888 2793 2889 3 2888 905 2793 3 2889 2793 327 3 460 2611 2891 
3 2611 2890 2891 3 2611 925 2890 3 2891 2890 873 3 835 2892 1864 3 2892 2272 1864 
3 2892 1050 2272 3 1864 2272 49 3 319 2741 2894 3 2741 2893 2894 3 2741 901 2893 
3 2894 2893 323 3 608 2895 2843 3 2895 2896 2843 3 2895 609 2896 3 2843 2896 486 
3 320 2897 2719 3 2897 2898 2719 3 2897 908 2898 3 2719 2898 318 3 673 2746 2899 
3 2746 2658 2899 3 2746 674 2658 3 2899 2658 513 3 622 1761 2749 3 1761 2900 2749 
3 1761 1198 2900 3 2749 2900 1038 3 695 2901 2903 3 2901 2902 2903 3 2901 838 2902 
3 2903 2902 724 3 340 2443 2905 3 2443 2904 2905 3 2443 349 2904 3 2905 2904 329 
3 323 2906 2764 3 2906 2851 2764 3 2906 894 2851 3 2764 2851 325 3 857 2596 2353 
3 2596 2907 2353 3 2596 1060 2907 3 2353 2907 497 3 700 2908 2270 3 2908 2909 2270 
3 2908 954 2909 3 2270 2909 953 3 347 2602 2910 3 2602 2778 2910 3 2602 884 2778 
3 2910 2778 328 3 572 2911 2859 3 2911 1680 2859 3 2911 573 1680 3 2859 1680 559 
3 314 2655 2913 3 2655 2912 2913 3 2655 413 2912 3 2913 2912 312 3 575 1315 2299 
3 1315 2914 2299 3 1315 1048 2914 3 2299 2914 574 3 281 2915 2831 3 2915 2254 2831 
3 2915 285 2254 3 2831 2254 280 3 316 2916 2917 3 2916 2653 2917 3 2916 889 2653 
3 2917 2653 314 3 419 2918 2787 3 2918 2919 2787 3 2918 923 2919 3 2787 2919 874 
3 515 2920 2503 3 2920 2563 2503 3 2920 753 2563 3 2503 2563 645 3 524 1356 2922 
3 1356 2921 2922 3 1356 784 2921 3 2922 2921 523 3 728 1264 2923 3 1264 2348 2923 
3 1264 780 2348 3 2923 2348 584 3 820 2857 2846 3 2857 2924 2846 3 2857 949 2924 
3 2846 2924 626 3 465 2925 2926 3 2925 2922 2926 3 2925 524 2922 3 2926 2922 523 
3 416 2758 2927 3 2758 2862 2927 3 2758 417 2862 3 2927 2862 352 3 243 2928 1696 
3 2928 1990 1696 3 2928 1068 1990 3 1696 1990 1044 3 451 2420 2791 3 2420 2929 2791 
3 2420 675 2929 3 2791 2929 615 3 436 2930 2157 3 2930 2931 2157 3 2930 466 2931 
3 2157 2931 435 3 612 2932 2934 3 2932 2933 2934 3 2932 1112 2933 3 2934 2933 720 
3 334 2756 2808 3 2756 2910 2808 3 2756 347 2910 3 2808 2910 328 3 703 2935 2593 
3 2935 1854 2593 3 2935 963 1854 3 2593 1854 885 3 858 2936 2398 3 2936 2620 2398 
3 2936 878 2620 3 2398 2620 859 3 768 2190 2937 3 2190 2121 2937 3 2190 1201 2121 
3 2937 2121 1130 3 397 2938 2162 3 2938 2939 2162 3 2938 968 2939 3 2162 2939 20 
3 474 2940 2942 3 2940 2941 2942 3 2940 668 2941 3 2942 2941 491 3 475 2943 2494 
3 2943 2944 2494 3 2943 497 2944 3 2494 2944 487 3 672 2945 2947 3 2945 2946 2947 
3 2945 899 2946 3 2947 2946 824 3 804 2332 2344 3 2332 2011 2344 3 2332 895 2011 
3 2344 2011 537 3 803 1650 2949 3 1650 2948 2949 3 1650 928 2948 3 2949 2948 669 
3 309 2950 2951 3 2950 2861 2951 3 2950 310 2861 3 2951 2861 294 3 474 2952 2940 
3 2952 2953 2940 3 2952 902 2953 3 2940 2953 668 3 8 2954 88 3 2954 2955 88 
3 2954 759 2955 3 88 2955 87 3 482 2556 2663 3 2556 2956 2663 3 2556 616 2956 
3 2663 2956 337 3 333 2794 2958 3 2794 2957 2958 3 2794 905 2957 3 2958 2957 416 
3 317 2742 2815 3 2742 2720 2815 3 2742 319 2720 3 2815 2720 318 3 641 2959 2960 
3 2959 1957 2960 3 2959 670 1957 3 2960 1957 640 3 592 2961 2963 3 2961 2962 2963 
3 2961 1057 2962 3 2963 2962 752 3 21 2964 111 3 2964 2965 111 3 2964 925 2965 
3 111 2965 110 3 777 1725 2966 3 1725 1774 2966 3 1725 1113 1774 3 2966 1774 931 
3 647 2967 2969 3 2967 2968 2969 3 2967 648 2968 3 2969 2968 521 3 197 2970 196 
3 2970 2971 196 3 2970 499 2971 3 196 2971 61 3 917 2972 2180 3 2972 2973 2180 
3 2972 981 2973 3 2180 2973 284 3 517 2974 2975 3 2974 2630 2975 3 2974 518 2630 
3 2975 2630 457 3 384 2309 2976 3 2309 1239 2976 3 2309 805 1239 3 2976 1239 386 
3 253 2977 2118 3 2977 2471 2118 3 2977 256 2471 3 2118 2471 255 3 42 2150 1888 
3 2150 2978 1888 3 2150 1155 2978 3 1888 2978 847 3 695 2979 1584 3 2979 2980 1584 
3 2979 696 2980 3 1584 2980 694 3 519 2981 2982 3 2981 2884 2982 3 2981 520 2884 
3 2982 2884 518 3 564 2983 1516 3 2983 2984 1516 3 2983 1055 2984 3 1516 2984 853 
3 520 2985 2883 3 2985 2986 2883 3 2985 882 2986 3 2883 2986 880 3 643 2880 2987 
3 2880 2969 2987 3 2880 647 2969 3 2987 2969 521 3 325 2853 2874 3 2853 2889 2874 
3 2853 346 2889 3 2874 2889 327 3 631 2988 2692 3 2988 2989 2692 3 2988 909 2989 
3 2692 2989 630 3 647 2990 2967 3 2990 2991 2967 3 2990 723 2991 3 2967 2991 648 
3 538 2992 1672 3 2992 1518 1672 3 2992 564 1518 3 1672 1518 536 3 321 2638 2723 
3 2638 2993 2723 3 2638 872 2993 3 2723 2993 322 3 519 1932 2994 3 1932 2987 2994 
3 1932 643 2987 3 2994 2987 521 3 576 2995 2996 3 2995 2512 2996 3 2995 577 2512 
3 2996 2512 561 3 6 2997 1903 3 2997 2998 1903 3 2997 1142 2998 3 1903 2998 763 
3 549 2999 3000 3 2999 2279 3000 3 2999 552 2279 3 3000 2279 543 3 519 2994 2981 
3 2994 3001 2981 3 2994 521 3001 3 2981 3001 520 3 517 1342 2974 3 1342 2982 2974 
3 1342 519 2982 3 2974 2982 518 3 269 3002 3003 3 3002 1487 3003 3 3002 1125 1487 
3 3003 1487 267 3 477 3004 2782 3 3004 3005 2782 3 3004 923 3005 3 2782 3005 431 
3 322 2993 2667 3 2993 1918 2667 3 2993 872 1918 3 2667 1918 402 3 437 3006 2553 
3 3006 2544 2553 3 3006 900 2544 3 2553 2544 445 3 764 3007 3008 3 3007 2892 3008 
3 3007 1050 2892 3 3008 2892 835 3 478 2693 2632 3 2693 3009 2632 3 2693 630 3009 
3 2632 3009 477 3 701 1261 3010 3 1261 2972 3010 3 1261 981 2972 3 3010 2972 917 
3 794 3011 1841 3 3011 1245 1841 3 3011 1064 1245 3 1841 1245 297 3 716 3012 2641 
3 3012 3013 2641 3 3012 977 3013 3 2641 3013 717 3 327 2795 2803 3 2795 2809 2803 
3 2795 333 2809 3 2803 2809 328 3 452 2560 3015 3 2560 3014 3015 3 2560 527 3014 
3 3015 3014 273 3 953 2909 3017 3 2909 3016 3017 3 2909 954 3016 3 3017 3016 482 
3 315 2869 3018 3 2869 2817 3018 3 2869 317 2817 3 3018 2817 316 3 465 2926 2886 
3 2926 3019 2886 3 2926 523 3019 3 2886 3019 449 3 813 3020 1997 3 3020 1249 1997 
3 3020 935 1249 3 1997 1249 52 3 739 1509 3021 3 1509 1503 3021 3 1509 1131 1503 
3 3021 1503 740 3 913 2002 2476 3 2002 3022 2476 3 2002 1146 3022 3 2476 3022 876 
3 531 2872 1707 3 2872 3023 1707 3 2872 983 3023 3 1707 3023 818 3 523 3024 3019 
3 3024 3025 3019 3 3024 893 3025 3 3019 3025 449 3 384 3026 2153 3 3026 3027 2153 
3 3026 385 3027 3 2153 3027 383 3 526 3028 2774 3 3028 3029 2774 3 3028 690 3029 
3 2774 3029 646 3 34 3030 144 3 3030 3031 144 3 3030 273 3031 3 144 3031 143 
3 458 3032 3034 3 3032 3033 3034 3 3032 844 3033 3 3034 3033 659 3 648 3035 3037 
3 3035 3036 3037 3 3035 898 3036 3 3037 3036 897 3 318 3038 2816 3 3038 3039 2816 
3 3038 401 3039 3 2816 3039 316 3 648 3037 2968 3 3037 3040 2968 3 3037 897 3040 
3 2968 3040 521 3 485 1698 3041 3 1698 2416 3041 3 1698 692 2416 3 3041 2416 411 
3 333 3042 2807 3 3042 2526 2807 3 3042 352 2526 3 2807 2526 334 3 748 3043 3044 
3 3043 3004 3044 3 3043 923 3004 3 3044 3004 477 3 47 3045 169 3 3045 3046 169 
3 3045 792 3046 3 169 3046 168 3 413 3047 2912 3 3047 3048 2912 3 3047 919 3048 
3 2912 3048 312 3 521 3040 3001 3 3040 3049 3001 3 3040 897 3049 3 3001 3049 520 
3 351 2139 2801 3 2139 3050 2801 3 2139 400 3050 3 2801 3050 350 3 513 3051 2732 
3 3051 1494 2732 3 3051 975 1494 3 2732 1494 450 3 436 3052 2930 3 3052 2865 2930 
3 3052 907 2865 3 2930 2865 466 3 434 2474 2768 3 2474 3053 2768 3 2474 860 3053 
3 2768 3053 858 3 444 3054 2841 3 3054 3052 2841 3 3054 907 3052 3 2841 3052 436 
3 512 3055 2731 3 3055 2899 2731 3 3055 673 2899 3 2731 2899 513 3 827 3056 2867 
3 3056 3057 2867 3 3056 1030 3057 3 2867 3057 916 3 860 1440 3053 3 1440 2936 3053 
3 1440 878 2936 3 3053 2936 858 3 460 2891 3059 3 2891 3058 3059 3 2891 873 3058 
3 3059 3058 493 3 367 3060 1540 3 3060 2019 1540 3 3060 867 2019 3 1540 2019 364 
3 319 3061 2718 3 3061 2725 2718 3 3061 321 2725 3 2718 2725 320 3 784 2333 2921 
3 2333 3062 2921 3 2333 851 3062 3 2921 3062 523 3 354 3063 2766 3 3063 2600 2766 
3 3063 893 2600 3 2766 2600 347 3 350 3064 2858 3 3064 2897 2858 3 3064 908 2897 
3 2858 2897 320 3 449 3025 2833 3 3025 3063 2833 3 3025 893 3063 3 2833 3063 354 
3 684 2540 2603 3 2540 3065 2603 3 2540 765 3065 3 2603 3065 683 3 22 1543 114 
3 1543 3066 114 3 1543 660 3066 3 114 3066 113 3 457 2379 2760 3 2379 3067 2760 
3 2379 892 3067 3 2760 3067 414 3 597 2073 3069 3 2073 3068 3069 3 2073 727 3068 
3 3069 3068 599 3 333 2958 3042 3 2958 2927 3042 3 2958 416 2927 3 3042 2927 352 
3 318 2898 3038 3 2898 3070 3038 3 2898 908 3070 3 3038 3070 401 3 520 3049 2985 
3 3049 3071 2985 3 3049 897 3071 3 2985 3071 882 3 266 3072 3074 3 3072 3073 3074 
3 3072 267 3073 3 3074 3073 265 3 441 3075 2860 3 3075 1741 2860 3 3075 892 1741 
3 2860 1741 495 3 1035 3076 3078 3 3076 3077 3078 3 3076 1111 3077 3 3078 3077 750 
3 1097 3079 3081 3 3079 3080 3081 3 3079 1136 3080 3 3081 3080 746 3 454 3082 3083 
3 3082 2312 3083 3 3082 819 2312 3 3083 2312 715 3 754 3084 2562 3 3084 2264 2562 
3 3084 929 2264 3 2562 2264 645 3 414 3067 2323 3 3067 3075 2323 3 3067 892 3075 
3 2323 3075 441 3 343 3085 3087 3 3085 3086 3087 3 3085 454 3086 3 3087 3086 426 
3 499 3088 2971 3 3088 1747 2971 3 3088 789 1747 3 2971 1747 61 3 1060 2384 2907 
3 2384 3089 2907 3 2384 1163 3089 3 2907 3089 497 3 627 3090 3092 3 3090 3091 3092 
3 3090 778 3091 3 3092 3091 669 3 12 3093 3094 3 3093 2828 3094 3 3093 1096 2828 
3 3094 2828 904 3 607 3095 2008 3 3095 3096 2008 3 3095 817 3096 3 2008 3096 816 
3 672 3097 2945 3 3097 3098 2945 3 3097 967 3098 3 2945 3098 899 3 408 1653 2759 
3 1653 2975 2759 3 1653 517 2975 3 2759 2975 457 3 447 3099 2293 3 3099 1724 2293 
3 3099 1113 1724 3 2293 1724 446 3 612 2934 3100 3 2934 1551 3100 3 2934 720 1551 
3 3100 1551 719 3 440 3101 3103 3 3101 3102 3103 3 3101 627 3102 3 3103 3102 507 
3 487 2591 2495 3 2591 3104 2495 3 2591 1144 3104 3 2495 3104 476 3 750 3077 2340 
3 3077 3105 2340 3 3077 1111 3105 3 2340 3105 1007 3 69 3106 1778 3 3106 3107 1778 
3 3106 1036 3107 3 1778 3107 353 3 778 1512 3091 3 1512 2949 3091 3 1512 803 2949 
3 3091 2949 669 3 323 2893 2906 3 2893 3108 2906 3 2893 901 3108 3 2906 3108 894 
3 12 3094 96 3 3094 1667 96 3 3094 904 1667 3 96 1667 11 3 315 3018 3109 
3 3018 2917 3109 3 3018 316 2917 3 3109 2917 314 3 312 3048 3110 3 3048 2711 3110 
3 3048 919 2711 3 3110 2711 306 3 627 3092 3102 3 3092 3111 3102 3 3092 669 3111 
3 3102 3111 507 3 242 3112 1546 3 3112 1810 1546 3 3112 829 1810 3 1546 1810 190 
3 68 1878 2621 3 1878 1493 2621 3 1878 790 1493 3 2621 1493 356 3 197 3113 2970 
3 3113 1949 2970 3 3113 926 1949 3 2970 1949 499 3 349 1913 2904 3 1913 2797 2904 
3 1913 913 2797 3 2904 2797 329 3 464 3114 2885 3 3114 3115 2885 3 3114 910 3115 
3 2885 3115 465 3 34 3116 3030 3 3116 3015 3030 3 3116 452 3015 3 3030 3015 273 
3 460 3059 2805 3 3059 2789 2805 3 3059 493 2789 3 2805 2789 492 3 799 1751 3117 
3 1751 1993 3117 3 1751 1107 1993 3 3117 1993 932 3 384 2976 3026 3 2976 3118 3026 
3 2976 386 3118 3 3026 3118 385 3 493 3119 2788 3 3119 2775 2788 3 3119 526 2775 
3 2788 2775 525 3 416 2957 2799 3 2957 3120 2799 3 2957 905 3120 3 2799 3120 877 
3 668 2617 2941 3 2617 3121 2941 3 2617 712 3121 3 2941 3121 491 3 529 3122 2876 
3 3122 3123 2876 3 3122 938 3123 3 2876 3123 462 3 401 3124 3039 3 3124 2916 3039 
3 3124 889 2916 3 3039 2916 316 3 348 2716 2707 3 2716 2517 2707 3 2716 866 2517 
3 2707 2517 434 3 697 3125 2887 3 3125 3126 2887 3 3125 890 3126 3 2887 3126 677 
3 671 3127 3129 3 3127 3128 3129 3 3127 825 3128 3 3129 3128 670 3 974 3130 2314 
3 3130 3131 2314 3 3130 1092 3131 3 2314 3131 644 3 948 2567 3133 3 2567 3132 3133 
3 2567 1080 3132 3 3133 3132 305 3 576 3134 2995 3 3134 3135 2995 3 3134 649 3135 
3 2995 3135 577 3 851 2609 3062 3 2609 3024 3062 3 2609 893 3024 3 3062 3024 523 
3 630 3136 3138 3 3136 3137 3138 3 3136 749 3137 3 3138 3137 748 3 227 3139 226 
3 3139 3140 226 3 3139 338 3140 3 226 3140 71 3 431 3005 2534 3 3005 2918 2534 
3 3005 923 2918 3 2534 2918 419 3 562 1411 3142 3 1411 3141 3142 3 1411 570 3141 
3 3142 3141 563 3 598 3143 3145 3 3143 3144 3145 3 3143 1209 3144 3 3145 3144 1037 
3 319 2894 3061 3 2894 2844 3061 3 2894 323 2844 3 3061 2844 321 3 875 2645 2320 
3 2645 3146 2320 3 2645 964 3146 3 2320 3146 274 3 284 2973 1861 3 2973 2296 1861 
3 2973 981 2296 3 1861 2296 257 3 876 3147 2528 3 3147 3148 2528 3 3147 956 3148 
3 2528 3148 283 3 591 3149 2492 3 3149 3150 2492 3 3149 701 3150 3 2492 3150 666 
3 110 2965 2404 3 2965 2610 2404 3 2965 925 2610 3 2404 2610 295 3 469 2762 2228 
3 2762 3151 2228 3 2762 470 3151 3 2228 3151 442 3 454 3152 3082 3 3152 3153 3082 
3 3152 952 3153 3 3082 3153 819 3 306 2713 3155 3 2713 3154 3155 3 2713 341 3154 
3 3155 3154 302 3 787 3156 1959 3 3156 3157 1959 3 3156 1129 3157 3 1959 3157 254 
3 307 3158 3159 3 3158 2754 3159 3 3158 339 2754 3 3159 2754 313 3 986 3160 3162 
3 3160 3161 3162 3 3160 1066 3161 3 3162 3161 693 3 825 1989 3163 3 1989 2050 3163 
3 1989 1165 2050 3 3163 2050 958 3 894 1784 2852 3 1784 3164 2852 3 1784 945 3164 
3 2852 3164 346 3 822 2459 2331 3 2459 3165 2331 3 2459 1100 3165 3 2331 3165 895 
3 20 2939 108 3 2939 1295 108 3 2939 968 1295 3 108 1295 19 3 9 3166 91 
3 3166 3167 91 3 3166 902 3167 3 91 3167 90 3 721 2371 3169 3 2371 3168 3169 
3 2371 1122 3168 3 3169 3168 844 3 215 3170 214 3 3170 1744 214 3 3170 984 1744 
3 214 1744 213 3 918 3171 3172 3 3171 2235 3172 3 3171 1086 2235 3 3172 2235 707 
3 699 3173 3175 3 3173 3174 3175 3 3173 725 3174 3 3175 3174 690 3 553 3176 3177 
3 3176 2040 3177 3 3176 555 2040 3 3177 2040 552 3 690 3178 3029 3 3178 2839 3029 
3 3178 906 2839 3 3029 2839 646 3 865 3179 1790 3 3179 2736 1790 3 3179 1041 2736 
3 1790 2736 224 3 62 2148 198 3 2148 3113 198 3 2148 926 3113 3 198 3113 197 
3 706 3180 2478 3 3180 3181 2478 3 3180 707 3181 3 2478 3181 527 3 928 2648 3183 
3 2648 3182 3183 3 2648 1004 3182 3 3183 3182 714 3 723 3184 2991 3 3184 3185 2991 
3 3184 945 3185 3 2991 3185 648 3 711 3186 2623 3 3186 2446 2623 3 3186 821 2446 
3 2623 2446 800 3 647 3187 2990 3 3187 1426 2990 3 3187 950 1426 3 2990 1426 723 
3 695 2903 2979 3 2903 3188 2979 3 2903 724 3188 3 2979 3188 696 3 745 3189 1359 
3 3189 3190 1359 3 3189 1171 3190 3 1359 3190 783 3 448 2595 2608 3 2595 1853 2608 
3 2595 663 1853 3 2608 1853 505 3 440 3103 3192 3 3103 3191 3192 3 3103 507 3191 
3 3192 3191 506 3 16 3193 102 3 3193 2666 102 3 3193 746 2666 3 102 2666 101 
3 313 2697 3194 3 2697 3109 3194 3 2697 315 3109 3 3194 3109 314 3 361 3195 1670 
3 3195 2838 1670 3 3195 365 2838 3 1670 2838 363 3 362 2814 1578 3 2814 1921 1578 
3 2814 1085 1921 3 1578 1921 359 3 471 2870 2761 3 2870 3196 2761 3 2870 473 3196 
3 2761 3196 470 3 1109 3197 3199 3 3197 3198 3199 3 3197 1187 3198 3 3199 3198 788 
3 528 2613 2303 3 2613 2360 2303 3 2613 955 2360 3 2303 2360 771 3 42 1890 160 
3 1890 3200 160 3 1890 764 3200 3 160 3200 159 3 577 3201 2511 3 3201 2960 2511 
3 3201 641 2960 3 2511 2960 640 3 642 3202 1474 3 3202 1925 1474 3 3202 973 1925 
3 1474 1925 73 3 290 3203 3204 3 3203 2531 3204 3 3203 398 2531 3 3204 2531 286 
3 668 3205 2615 3 3205 2501 2615 3 3205 1207 2501 3 2615 2501 904 3 674 3206 2656 
3 3206 3207 2656 3 3206 1174 3207 3 2656 3207 744 3 90 3208 89 3 3208 3209 89 
3 3208 330 3209 3 89 3209 8 3 539 2025 1859 3 2025 2745 1859 3 2025 542 2745 
3 1859 2745 541 3 993 3210 3211 3 3210 2092 3211 3 3210 1152 2092 3 3211 2092 480 
3 657 3212 3214 3 3212 3213 3214 3 3212 1038 3213 3 3214 3213 737 3 929 3215 2265 
3 3215 2569 2265 3 3215 1134 2569 3 2265 2569 848 3 630 3138 3009 3 3138 3044 3009 
3 3138 748 3044 3 3009 3044 477 3 268 3216 3217 3 3216 3003 3217 3 3216 269 3003 
3 3217 3003 267 3 296 3218 3220 3 3218 3219 3220 3 3218 702 3219 3 3220 3219 665 
3 358 3221 2048 3 3221 2386 2048 3 3221 360 2386 3 2048 2386 359 3 661 3222 3223 
3 3222 3064 3223 3 3222 908 3064 3 3223 3064 350 3 534 3224 2126 3 3224 2996 2126 
3 3224 576 2996 3 2126 2996 561 3 997 3225 1301 3 3225 3226 1301 3 3225 1156 3226 
3 1301 3226 730 3 677 3126 3227 3 3126 1897 3227 3 3126 890 1897 3 3227 1897 678 
3 301 3228 3230 3 3228 3229 3230 3 3228 421 3229 3 3230 3229 303 3 400 3231 3050 
3 3231 3223 3050 3 3231 661 3223 3 3050 3223 350 3 1037 3144 3232 3 3144 2207 3232 
3 3144 1209 2207 3 3232 2207 815 3 432 3233 2873 3 3233 3234 2873 3 3233 979 3234 
3 2873 3234 430 3 287 2856 3236 3 2856 3235 3236 3 2856 298 3235 3 3236 3235 291 
3 742 3237 3239 3 3237 3238 3239 3 3237 777 3238 3 3239 3238 522 3 919 3240 2785 
3 3240 2259 2785 3 3240 921 2259 3 2785 2259 920 3 72 1455 228 3 1455 3241 228 
3 1455 903 3241 3 228 3241 227 3 916 3057 3243 3 3057 3242 3243 3 3057 1030 3242 
3 3243 3242 702 3 289 3244 1856 3 3244 2640 1856 3 3244 1140 2640 3 1856 2640 218 
3 937 1999 3245 3 1999 1547 3245 3 1999 1090 1547 3 3245 1547 339 3 204 3246 203 
3 3246 3247 203 3 3246 296 3247 3 203 3247 64 3 65 2868 205 3 2868 3248 205 
3 2868 916 3248 3 205 3248 204 3 980 1597 1866 3 1597 3249 1866 3 1597 1056 3249 
3 1866 3249 752 3 483 3250 3251 3 3250 2599 3251 3 3250 484 2599 3 3251 2599 398 
3 338 3252 3254 3 3252 3253 3254 3 3252 685 3253 3 3254 3253 611 3 871 3255 2672 
3 3255 3114 2672 3 3255 910 3114 3 2672 3114 464 3 760 3256 2688 3 3256 3257 2688 
3 3256 1169 3257 3 2688 3257 1032 3 298 2664 3259 3 2664 3258 3259 3 2664 337 3258 
3 3259 3258 299 3 46 3260 166 3 3260 3261 166 3 3260 1072 3261 3 166 3261 45 
3 630 2989 3136 3 2989 1401 3136 3 2989 909 1401 3 3136 1401 749 3 879 2482 2619 
3 2482 1711 2619 3 2482 970 1711 3 2619 1711 859 3 371 1975 3263 3 1975 3262 3263 
3 1975 373 3262 3 3263 3262 372 3 568 3264 3265 3 3264 2160 3265 3 3264 580 2160 
3 3265 2160 566 3 466 2671 3267 3 2671 3266 3267 3 2671 677 3266 3 3267 3266 676 
3 672 2947 3268 3 2947 2411 3268 3 2947 824 2411 3 3268 2411 757 3 298 2855 2662 
3 2855 3017 2662 3 2855 953 3017 3 2662 3017 482 3 984 2113 1905 3 2113 1985 1905 
3 2113 1049 1985 3 1905 1985 828 3 788 3269 3270 3 3269 1883 3270 3 3269 812 1883 
3 3270 1883 613 3 873 1537 3058 3 1537 3271 3058 3 1537 924 3271 3 3058 3271 493 
3 270 3272 3273 3 3272 2347 3273 3 3272 272 2347 3 3273 2347 269 3 1118 3274 2374 
3 3274 3275 2374 3 3274 1193 3275 3 2374 3275 865 3 556 3276 3278 3 3276 3277 3278 
3 3276 557 3277 3 3278 3277 555 3 680 3279 3281 3 3279 3280 3281 3 3279 1009 3280 
3 3281 3280 960 3 698 3282 3283 3 3282 2449 3283 3 3282 972 2449 3 3283 2449 29 
3 585 3284 3285 3 3284 2923 3285 3 3284 728 2923 3 3285 2923 584 3 254 3286 2085 
3 3286 2505 2085 3 3286 811 2505 3 2085 2505 250 3 701 3010 3150 3 3010 3287 3150 
3 3010 917 3287 3 3150 3287 666 3 462 3123 2277 3 3123 3288 2277 3 3123 938 3288 
3 2277 3288 289 3 494 3289 2882 3 3289 3054 2882 3 3289 907 3054 3 2882 3054 444 
3 666 3287 2233 3 3287 1814 2233 3 3287 917 1814 3 2233 1814 797 3 499 2213 3088 
3 2213 2238 3088 3 2213 1158 2238 3 3088 2238 789 3 835 1863 2283 3 1863 3290 2283 
3 1863 966 3290 3 2283 3290 41 3 282 3291 3293 3 3291 3292 3293 3 3291 283 3292 
3 3293 3292 281 3 614 2408 3294 3 2408 3199 3294 3 2408 1109 3199 3 3294 3199 788 
3 555 3295 2038 3 3295 3296 2038 3 3295 1108 3296 3 2038 3296 567 3 855 3297 2194 
3 3297 1987 2194 3 3297 957 1987 3 2194 1987 187 3 458 2877 3032 3 2877 3298 3032 
3 2877 939 3298 3 3032 3298 844 3 565 3299 3301 3 3299 3300 3301 3 3299 566 3300 
3 3301 3300 557 3 487 3302 2592 3 3302 3303 2592 3 3302 1015 3303 3 2592 3303 845 
3 271 3304 3305 3 3304 2271 3305 3 3304 700 2271 3 3305 2271 275 3 972 3306 3308 
3 3306 3307 3308 3 3306 1105 3307 3 3308 3307 1024 3 731 3309 3311 3 3309 3310 3311 
3 3309 732 3310 3 3311 3310 729 3 256 3312 2470 3 3312 2542 2470 3 3312 258 2542 
3 2470 2542 257 3 754 3313 1827 3 3313 3314 1827 3 3313 1137 3314 3 1827 3314 954 
3 1034 3315 1482 3 3315 3316 1482 3 3315 1194 3316 3 1482 3316 817 3 295 2612 2763 
3 2612 2806 2763 3 2612 460 2806 3 2763 2806 409 3 592 2963 3318 3 2963 3317 3318 
3 2963 752 3317 3 3318 3317 751 3 245 3319 2342 3 3319 3320 2342 3 3319 1004 3320 
3 2342 3320 911 3 424 3321 2703 3 3321 3322 2703 3 3321 918 3322 3 2703 3322 425 
3 440 3192 3324 3 3192 3323 3324 3 3192 506 3323 3 3324 3323 407 3 474 2942 3326 
3 2942 3325 3326 3 2942 491 3325 3 3326 3325 490 3 735 3327 3329 3 3327 3328 3329 
3 3327 932 3328 3 3329 3328 733 3 330 3330 3332 3 3330 3331 3332 3 3330 474 3331 
3 3332 3331 342 3 423 2728 2519 3 2728 3333 2519 3 2728 747 3333 3 2519 3333 28 
3 93 3334 92 3 3334 3335 92 3 3334 772 3335 3 92 3335 9 3 506 2193 3323 
3 2193 3336 3323 3 2193 1081 3336 3 3323 3336 407 3 465 3337 2925 3 3337 2840 2925 
3 3337 704 2840 3 2925 2840 524 3 799 3338 1479 3 3338 2796 1479 3 3338 1128 2796 
3 1479 2796 623 3 258 3339 2541 3 3339 2683 2541 3 3339 260 2683 3 2541 2683 259 
3 454 3340 3086 3 3340 3341 3086 3 3340 455 3341 3 3086 3341 426 3 881 2243 2429 
3 2243 3342 2429 3 2243 1164 3342 3 2429 3342 883 3 996 1383 3344 3 1383 3343 3344 
3 1383 1026 3343 3 3344 3343 578 3 994 3345 3346 3 3345 3011 3346 3 3345 1064 3011 
3 3346 3011 794 3 475 3347 2943 3 3347 2351 2943 3 3347 979 2351 3 2943 2351 497 
3 345 3348 3349 3 3348 2678 3349 3 3348 399 2678 3 3349 2678 340 3 889 1629 2654 
3 1629 3350 2654 3 1629 1117 3350 3 2654 3350 413 3 883 3342 3352 3 3342 3351 3352 
3 3342 1164 3351 3 3352 3351 1009 3 481 2584 3354 3 2584 3353 3354 3 2584 612 3353 
3 3354 3353 595 3 665 3355 3357 3 3355 3356 3357 3 3355 845 3356 3 3357 3356 722 
3 732 3358 3310 3 3358 3359 3310 3 3358 985 3359 3 3310 3359 729 3 264 3360 2776 
3 3360 3074 2776 3 3360 266 3074 3 2776 3074 265 3 712 3361 3362 3 3361 2413 3362 
3 3361 786 2413 3 3362 2413 785 3 262 3363 2738 3 3363 2777 2738 3 3363 264 2777 
3 2738 2777 263 3 681 3364 2879 3 3364 3187 2879 3 3364 950 3187 3 2879 3187 647 
3 311 3365 3366 3 3365 2798 3366 3 3365 329 2798 3 3366 2798 310 3 635 3367 3368 
3 3367 2577 3368 3 3367 667 2577 3 3368 2577 581 3 271 3369 3304 3 3369 3370 3304 
3 3369 1001 3370 3 3304 3370 700 3 507 3371 3191 3 3371 3372 3191 3 3371 942 3372 
3 3191 3372 506 3 503 2533 3374 3 2533 3373 3374 3 2533 688 3373 3 3374 3373 687 
3 308 3375 3376 3 3375 2951 3376 3 3375 309 2951 3 3376 2951 294 3 126 2450 2730 
3 2450 3377 2730 3 2450 972 3377 3 2730 3377 344 3 330 3378 3209 3 3378 3379 3209 
3 3378 331 3379 3 3209 3379 8 3 825 3163 3128 3 3163 1552 3128 3 3163 958 1552 
3 3128 1552 670 3 648 3185 3035 3 3185 1783 3035 3 3185 945 1783 3 3035 1783 898 
3 558 2606 1562 3 2606 3380 1562 3 2606 560 3380 3 1562 3380 550 3 47 2710 3045 
3 2710 3381 3045 3 2710 847 3381 3 3045 3381 792 3 474 3326 3331 3 3326 3382 3331 
3 3326 490 3382 3 3331 3382 342 3 712 3362 3121 3 3362 3383 3121 3 3362 785 3383 
3 3121 3383 491 3 702 3384 3219 3 3384 3385 3219 3 3384 922 3385 3 3219 3385 665 
3 874 2015 2751 3 2015 2935 2751 3 2015 963 2935 3 2751 2935 703 3 960 3280 3387 
3 3280 3386 3387 3 3280 1009 3386 3 3387 3386 421 3 465 3115 3337 3 3115 3388 3337 
3 3115 910 3388 3 3337 3388 704 3 298 3259 3235 3 3259 3389 3235 3 3259 299 3389 
3 3235 3389 291 3 332 3390 3392 3 3390 3391 3392 3 3390 461 3391 3 3392 3391 345 
3 526 3393 3028 3 3393 3175 3028 3 3393 699 3175 3 3028 3175 690 3 279 3394 2830 
3 3394 3293 2830 3 3394 282 3293 3 2830 3293 281 3 309 3395 3397 3 3395 3396 3397 
3 3395 336 3396 3 3397 3396 311 3 307 3398 3158 3 3398 3245 3158 3 3398 937 3245 
3 3158 3245 339 3 615 3399 2792 3 3399 2938 2792 3 3399 968 2938 3 2792 2938 397 
3 677 3227 3266 3 3227 3400 3266 3 3227 678 3400 3 3266 3400 676 3 756 3401 1348 
3 3401 2588 1348 3 3401 1094 2588 3 1348 2588 930 3 251 3402 2387 3 3402 3403 2387 
3 3402 292 3403 3 2387 3403 253 3 841 3404 1448 3 3404 1601 1448 3 3404 1061 1601 
3 1448 1601 498 3 260 3405 2682 3 3405 2739 2682 3 3405 262 2739 3 2682 2739 261 
3 669 2948 3406 3 2948 3183 3406 3 2948 928 3183 3 3406 3183 714 3 685 3407 3253 
3 3407 3408 3253 3 3407 686 3408 3 3253 3408 611 3 915 3409 2362 3 3409 3410 2362 
3 3409 991 3410 3 2362 3410 420 3 879 3411 2483 3 3411 3412 2483 3 3411 1126 3412 
3 2483 3412 686 3 443 3413 2428 3 3413 2451 2428 3 3413 1162 2451 3 2428 2451 824 
3 307 3159 3415 3 3159 3414 3415 3 3159 313 3414 3 3415 3414 312 3 798 3416 2572 
3 3416 3417 2572 3 3416 1054 3417 3 2572 3417 423 3 887 3418 3419 3 3418 3160 3419 
3 3418 1066 3160 3 3419 3160 986 3 777 2966 3238 3 2966 3420 3238 3 2966 931 3420 
3 3238 3420 522 3 394 3421 1995 3 3421 3422 1995 3 3421 1046 3422 3 1995 3422 932 
3 918 3423 3322 3 3423 3424 3322 3 3423 1067 3424 3 3322 3424 425 3 896 1717 2727 
3 1717 1432 2727 3 1717 944 1432 3 2727 1432 747 3 227 3241 3139 3 3241 3425 3139 
3 3241 903 3425 3 3139 3425 338 3 970 3426 1885 3 3426 3206 1885 3 3426 1174 3206 
3 1885 3206 674 3 546 3427 3429 3 3427 3428 3429 3 3427 914 3428 3 3429 3428 547 
3 413 3430 3047 3 3430 3240 3047 3 3430 921 3240 3 3047 3240 919 3 491 3431 3325 
3 3431 3432 3325 3 3431 933 3432 3 3325 3432 490 3 143 3433 142 3 3433 2871 142 
3 3433 983 2871 3 142 2871 33 3 368 3434 2217 3 3434 3435 2217 3 3434 1071 3435 
3 2217 3435 375 3 268 3436 3216 3 3436 3273 3216 3 3436 270 3273 3 3216 3273 269 
3 616 1276 2956 3 1276 3437 2956 3 1276 680 3437 3 2956 3437 337 3 426 3438 3439 
3 3438 3324 3439 3 3438 440 3324 3 3439 3324 407 3 986 3440 3441 3 3440 1912 3441 
3 3440 989 1912 3 3441 1912 349 3 454 3083 3340 3 3083 3442 3340 3 3083 715 3442 
3 3340 3442 455 3 305 3132 1955 3 3132 2266 1955 3 3132 1080 2266 3 1955 2266 263 
3 665 3385 3355 3 3385 3443 3355 3 3385 922 3443 3 3355 3443 845 3 578 3444 3445 
3 3444 1689 3445 3 3444 579 1689 3 3445 1689 575 3 538 3446 2992 3 3446 3447 2992 
3 3446 1082 3447 3 2992 3447 564 3 514 1855 2875 3 1855 2196 2875 3 1855 963 2196 
3 2875 2196 529 3 908 3448 3070 3 3448 3449 3070 3 3448 951 3449 3 3070 3449 401 
3 48 2273 172 3 2273 3450 172 3 2273 1050 3450 3 172 3450 171 3 313 3194 3414 
3 3194 2913 3414 3 3194 314 2913 3 3414 2913 312 3 1002 3451 3452 3 3451 2928 3452 
3 3451 1068 2928 3 3452 2928 243 3 483 3453 3250 3 3453 3454 3250 3 3453 522 3454 
3 3250 3454 484 3 840 3455 3457 3 3455 3456 3457 3 3455 1181 3456 3 3457 3456 455 
3 293 3458 3459 3 3458 2529 3459 3 3458 294 2529 3 3459 2529 283 3 422 3460 3462 
3 3460 3461 3462 3 3460 481 3461 3 3462 3461 479 3 332 3463 3464 3 3463 2905 3464 
3 3463 340 2905 3 3464 2905 329 3 641 3465 3467 3 3465 3466 3467 3 3465 672 3466 
3 3467 3466 671 3 496 3468 2489 3 3468 2480 2489 3 3468 813 2480 3 2489 2480 246 
3 423 3417 2726 3 3417 3469 2726 3 3417 1054 3469 3 2726 3469 896 3 609 1405 2896 
3 1405 3470 2896 3 1405 1093 3470 3 2896 3470 486 3 450 1609 2219 3 1609 1969 2219 
3 1609 1150 1969 3 2219 1969 1 3 439 2057 3472 3 2057 3471 3472 3 2057 503 3471 
3 3472 3471 502 3 508 2143 1513 3 2143 3079 1513 3 2143 1136 3079 3 1513 3079 1097 
3 290 3473 3203 3 3473 3251 3203 3 3473 483 3251 3 3203 3251 398 3 343 3087 3474 
3 3087 3439 3474 3 3087 426 3439 3 3474 3439 407 3 342 3475 3477 3 3475 3476 3477 
3 3475 343 3476 3 3477 3476 331 3 607 3478 3095 3 3478 1483 3095 3 3478 1020 1483 
3 3095 1483 817 3 134 3479 133 3 3479 2575 133 3 3479 936 2575 3 133 2575 132 
3 266 3480 3072 3 3480 3217 3072 3 3480 268 3217 3 3072 3217 267 3 134 3481 3479 
3 3481 1762 3479 3 3481 1088 1762 3 3479 1762 936 3 483 3482 3453 3 3482 3483 3453 
3 3482 741 3483 3 3453 3483 522 3 299 3484 3389 3 3484 3485 3389 3 3484 300 3485 
3 3389 3485 291 3 168 3486 167 3 3486 3260 167 3 3486 1072 3260 3 167 3260 46 
3 715 3487 3442 3 3487 3488 3442 3 3487 801 3488 3 3442 3488 455 3 254 3489 3286 
3 3489 3490 3286 3 3489 976 3490 3 3286 3490 811 3 309 3397 2950 3 3397 3366 2950 
3 3397 311 3366 3 2950 3366 310 3 239 2823 1288 3 2823 3491 1288 3 2823 988 3491 
3 1288 3491 75 3 116 3492 2179 3 3492 3452 2179 3 3492 1002 3452 3 2179 3452 243 
3 241 2247 2811 3 2247 1524 2811 3 2247 969 1524 3 2811 1524 888 3 303 3493 3495 
3 3493 3494 3495 3 3493 307 3494 3 3495 3494 306 3 744 3496 2657 3 3496 3051 2657 
3 3496 975 3051 3 2657 3051 513 3 90 3167 3208 3 3167 3497 3208 3 3167 902 3497 
3 3208 3497 330 3 675 3498 2929 3 3498 3499 2929 3 3498 726 3499 3 2929 3499 615 
3 2 2461 2433 3 2461 3500 2433 3 2461 633 3500 3 2433 3500 512 3 488 3501 3503 
3 3501 3502 3503 3 3501 634 3502 3 3503 3502 625 3 493 3271 3119 3 3271 3504 3119 
3 3271 924 3504 3 3119 3504 526 3 737 3505 3507 3 3505 3506 3507 3 3505 809 3506 
3 3507 3506 736 3 625 3508 3510 3 3508 3509 3510 3 3508 626 3509 3 3510 3509 489 
3 480 3511 3512 3 3511 3321 3512 3 3511 918 3321 3 3512 3321 424 3 488 3513 3515 
3 3513 3514 3515 3 3513 489 3514 3 3515 3514 360 3 421 3516 3229 3 3516 3517 3229 
3 3516 937 3517 3 3229 3517 303 3 525 1353 2733 3 1353 3518 2733 3 1353 1172 3518 
3 2733 3518 1052 3 659 3519 3520 3 3519 1443 3520 3 3519 774 1443 3 3520 1443 773 
3 638 1425 2845 3 1425 2251 2845 3 1425 927 2251 3 2845 2251 820 3 891 1613 3521 
3 1613 2643 3521 3 1613 1063 2643 3 3521 2643 709 3 753 1258 2561 3 1258 3313 2561 
3 1258 1137 3313 3 2561 3313 754 3 649 3522 3135 3 3522 3523 3135 3 3522 967 3523 
3 3135 3523 577 3 639 1718 2702 3 1718 3524 2702 3 1718 896 3524 3 2702 3524 711 
3 842 3525 1458 3 3525 3526 1458 3 3525 1119 3526 3 1458 3526 106 3 330 3332 3378 
3 3332 3477 3378 3 3332 342 3477 3 3378 3477 331 3 567 3296 3528 3 3296 3527 3528 
3 3296 1108 3527 3 3528 3527 1042 3 887 3419 2442 3 3419 3441 2442 3 3419 986 3441 
3 2442 3441 349 3 422 3529 3530 3 3529 2704 3530 3 3529 424 2704 3 3530 2704 399 
3 287 3531 3532 3 3531 3204 3532 3 3531 290 3204 3 3532 3204 286 3 542 3533 2744 
3 3533 3000 2744 3 3533 549 3000 3 2744 3000 543 3 204 3248 3246 3 3248 3534 3246 
3 3248 916 3534 3 3246 3534 296 3 722 3535 3536 3 3535 1798 3536 3 3535 814 1798 
3 3536 1798 664 3 844 3537 3169 3 3537 3538 3169 3 3537 1104 3538 3 3169 3538 721 
3 307 3415 3494 3 3415 3110 3494 3 3415 312 3110 3 3494 3110 306 3 301 3230 3540 
3 3230 3539 3540 3 3230 303 3539 3 3540 3539 302 3 466 3267 2931 3 3267 3541 2931 
3 3267 676 3541 3 2931 3541 435 3 720 3542 1549 3 3542 1642 1549 3 3542 1105 1642 
3 1549 1642 936 3 627 3543 3544 3 3543 3455 3544 3 3543 1181 3455 3 3544 3455 840 
3 458 3034 3546 3 3034 3545 3546 3 3034 659 3545 3 3546 3545 459 3 287 3236 3531 
3 3236 3547 3531 3 3236 291 3547 3 3531 3547 290 3 883 3352 2548 3 3352 3548 2548 
3 3352 1009 3548 3 2548 3548 1008 3 669 3406 3111 3 3406 3549 3111 3 3406 714 3549 
3 3111 3549 507 3 296 3534 3218 3 3534 3243 3218 3 3534 916 3243 3 3218 3243 702 
3 901 3550 3108 3 3550 1886 3108 3 3550 1205 1886 3 3108 1886 894 3 741 3551 3483 
3 3551 3239 3483 3 3551 742 3239 3 3483 3239 522 3 299 3552 3484 3 3552 3553 3484 
3 3552 301 3553 3 3484 3553 300 3 479 3554 3555 3 3554 3512 3555 3 3554 480 3512 
3 3555 3512 424 3 628 1587 3557 3 1587 3556 3557 3 1587 1200 3556 3 3557 3556 1012 
3 508 1611 3558 3 1611 3093 3558 3 1611 1096 3093 3 3558 3093 12 3 1182 3559 2677 
3 3559 2070 2677 3 3559 1183 2070 3 2677 2070 589 3 672 3268 3466 3 3268 3560 3466 
3 3268 757 3560 3 3466 3560 671 3 301 3561 3228 3 3561 3387 3228 3 3561 960 3387 
3 3228 3387 421 3 637 3562 3563 3 3562 2847 3563 3 3562 638 2847 3 3563 2847 626 
3 272 3564 2538 3 3564 3565 2538 3 3564 500 3565 3 2538 3565 277 3 303 3495 3539 
3 3495 3155 3539 3 3495 306 3155 3 3539 3155 302 3 516 3566 3567 3 3566 2103 3567 
3 3566 1079 2103 3 3567 2103 24 3 371 3263 2336 3 3263 3568 2336 3 3263 372 3568 
3 2336 3568 370 3 882 1548 2986 3 1548 3569 2986 3 1548 1090 3569 3 2986 3569 880 
3 868 2199 2771 3 2199 3570 2771 3 2199 962 3570 3 2771 3570 515 3 430 3234 2523 
3 3234 3347 2523 3 3234 979 3347 3 2523 3347 475 3 341 3571 3154 3 3571 3572 3154 
3 3571 1058 3572 3 3154 3572 302 3 659 3520 3545 3 3520 3573 3545 3 3520 773 3573 
3 3545 3573 459 3 1067 3574 3576 3 3574 3575 3576 3 3574 1089 3575 3 3576 3575 1066 
3 641 3467 2959 3 3467 3129 2959 3 3467 671 3129 3 2959 3129 670 3 566 2637 3300 
3 2637 3577 3300 3 2637 1196 3577 3 3300 3577 557 3 330 3497 3330 3 3497 2952 3330 
3 3497 902 2952 3 3330 2952 474 3 912 3578 2026 3 3578 3579 2026 3 3578 1188 3579 
3 2026 3579 650 3 941 2122 3581 3 2122 3580 3581 3 2122 1201 3580 3 3581 3580 717 
3 547 3582 3583 3 3582 3232 3583 3 3582 1037 3232 3 3583 3232 815 3 338 3425 3252 
3 3425 3584 3252 3 3425 903 3584 3 3252 3584 685 3 332 3392 3463 3 3392 3349 3463 
3 3392 345 3349 3 3463 3349 340 3 301 3540 3553 3 3540 3585 3553 3 3540 302 3585 
3 3553 3585 300 3 603 3586 3588 3 3586 3587 3588 3 3586 605 3587 3 3588 3587 604 
3 522 3420 3454 3 3420 1371 3454 3 3420 931 1371 3 3454 1371 484 3 338 3589 3140 
3 3589 3590 3140 3 3589 610 3590 3 3140 3590 71 3 923 3591 2919 3 3591 2013 2919 
3 3591 1077 2013 3 2919 2013 874 3 838 3592 3594 3 3592 3593 3594 3 3592 1019 3593 
3 3594 3593 1011 3 797 3595 2234 3 3595 2626 2234 3 3595 1153 2626 3 2234 2626 796 
3 247 1777 2168 3 1777 3596 2168 3 1777 405 3596 3 2168 3596 249 3 717 3013 3581 
3 3013 3597 3581 3 3013 977 3597 3 3581 3597 941 3 665 3357 3598 3 3357 3536 3598 
3 3357 722 3536 3 3598 3536 664 3 442 3599 2245 3 3599 3600 2245 3 3599 1003 3600 
3 2245 3600 415 3 34 1767 3116 3 1767 3601 3116 3 1767 891 3601 3 3116 3601 452 
3 275 2117 3602 3 2117 3532 3602 3 2117 287 3532 3 3602 3532 286 3 338 3254 3589 
3 3254 3603 3589 3 3254 611 3603 3 3589 3603 610 3 268 3604 3436 3 3604 3605 3436 
3 3604 271 3605 3 3436 3605 270 3 488 3503 3513 3 3503 3510 3513 3 3503 625 3510 
3 3513 3510 489 3 356 2114 2622 3 2114 3170 2622 3 2114 984 3170 3 2622 3170 215 
3 587 3606 2694 3 3606 3607 2694 3 3606 713 3607 3 2694 3607 591 3 75 3491 2134 
3 3491 2439 2134 3 3491 988 2439 3 2134 2439 530 3 785 2205 3383 3 2205 3431 3383 
3 2205 933 3431 3 3383 3431 491 3 309 3608 3395 3 3608 1305 3395 3 3608 971 1305 
3 3395 1305 336 3 661 1984 3222 3 1984 3448 3222 3 1984 951 3448 3 3222 3448 908 
3 275 3602 3609 3 3602 2321 3609 3 3602 286 2321 3 3609 2321 274 3 899 3610 2946 
3 3610 2426 2946 3 3610 1114 2426 3 2946 2426 824 3 415 3611 2215 3 3611 3112 2215 
3 3611 829 3112 3 2215 3112 242 3 343 3612 3085 3 3612 3152 3085 3 3612 952 3152 
3 3085 3152 454 3 273 3613 3031 3 3613 3433 3031 3 3613 983 3433 3 3031 3433 143 
3 271 3614 3605 3 3614 3615 3605 3 3614 274 3615 3 3605 3615 270 3 641 3616 3465 
3 3616 3097 3465 3 3616 967 3097 3 3465 3097 672 3 303 3517 3493 3 3517 3398 3493 
3 3517 937 3398 3 3493 3398 307 3 941 3597 3618 3 3597 3617 3618 3 3597 977 3617 
3 3618 3617 292 3 526 3504 3393 3 3504 3619 3393 3 3504 924 3619 3 3393 3619 699 
3 972 3308 3377 3 3308 3620 3377 3 3308 1024 3620 3 3377 3620 344 3 390 3621 3623 
3 3621 3622 3623 3 3621 394 3622 3 3623 3622 393 3 452 3601 2729 3 3601 3521 2729 
3 3601 891 3521 3 2729 3521 709 3 910 3624 3388 3 3624 3625 3388 3 3624 911 3625 
3 3388 3625 704 3 336 1364 3626 3 1364 2396 3626 3 1364 1087 2396 3 3626 2396 987 
3 308 3627 3375 3 3627 3608 3375 3 3627 971 3608 3 3375 3608 309 3 809 3628 3506 
3 3628 3629 3506 3 3628 992 3629 3 3506 3629 736 3 707 3630 3172 3 3630 3423 3172 
3 3630 1067 3423 3 3172 3423 918 3 549 3631 2999 3 3631 3177 2999 3 3631 553 3177 
3 2999 3177 552 3 296 3632 3247 3 3632 1519 3247 3 3632 664 1519 3 3247 1519 64 
3 455 3633 3457 3 3633 2058 3457 3 3633 1145 2058 3 3457 2058 840 3 658 2468 3634 
3 2468 3212 3634 3 2468 1038 3212 3 3634 3212 657 3 473 2604 3636 3 2604 3635 3636 
3 2604 683 3635 3 3636 3635 682 3 637 3637 3562 3 3637 1351 3562 3 3637 693 1351 
3 3562 1351 638 3 281 3638 2915 3 3638 3639 2915 3 3638 956 3639 3 2915 3639 285 
3 778 3640 1312 3 3640 3641 1312 3 3640 1206 3641 3 1312 3641 779 3 311 3642 3365 
3 3642 3464 3365 3 3642 332 3464 3 3365 3464 329 3 501 3643 3645 3 3643 3644 3645 
3 3643 841 3644 3 3645 3644 438 3 361 3646 3195 3 3646 3647 3195 3 3646 1033 3647 
3 3195 3647 365 3 977 1802 3617 3 1802 3648 3617 3 1802 1027 3648 3 3617 3648 292 
3 515 3570 2920 3 3570 1336 2920 3 3570 962 1336 3 2920 1336 753 3 720 2933 3650 
3 2933 3649 3650 3 2933 1112 3649 3 3650 3649 1024 3 388 3651 3653 3 3651 3652 3653 
3 3651 943 3652 3 3653 3652 390 3 995 3654 2819 3 3654 3655 2819 3 3654 996 3655 
3 2819 3655 831 3 725 1298 3174 3 1298 3656 3174 3 1298 1043 3656 3 3174 3656 690 
3 849 1533 2532 3 1533 3657 2532 3 1533 947 3657 3 2532 3657 688 3 848 2570 2079 
3 2570 3658 2079 3 2570 1110 3658 3 2079 3658 716 3 23 3659 117 3 3659 3492 117 
3 3659 1002 3492 3 117 3492 116 3 621 1395 3661 3 1395 3660 3661 3 1395 869 3660 
3 3661 3660 705 3 337 3662 3258 3 3662 3663 3258 3 3662 960 3663 3 3258 3663 299 
3 283 3148 3292 3 3148 3638 3292 3 3148 956 3638 3 3292 3638 281 3 619 2689 2355 
3 2689 2587 2355 3 2689 1032 2587 3 2355 2587 504 3 271 3305 3614 3 3305 3609 3614 
3 3305 275 3609 3 3614 3609 274 3 345 3664 3348 3 3664 3530 3348 3 3664 422 3530 
3 3348 3530 399 3 967 3665 3098 3 3665 2848 3098 3 3665 1029 2848 3 3098 2848 899 
3 971 3666 1306 3 3666 3256 1306 3 3666 1169 3256 3 1306 3256 760 3 897 3667 3071 
3 3667 2484 3071 3 3667 1021 2484 3 3071 2484 882 3 490 3668 3382 3 3668 3669 3382 
3 3668 952 3669 3 3382 3669 342 3 481 3354 3461 3 3354 3670 3461 3 3354 595 3670 
3 3461 3670 479 3 270 3671 3272 3 3671 3672 3272 3 3671 964 3672 3 3272 3672 272 
3 343 3474 3476 3 3474 3673 3476 3 3474 407 3673 3 3476 3673 331 3 433 1952 3675 
3 1952 3674 3675 3 1952 621 3674 3 3675 3674 510 3 296 3220 3632 3 3220 3598 3632 
3 3220 665 3598 3 3632 3598 664 3 612 3100 3353 3 3100 3676 3353 3 3100 719 3676 
3 3353 3676 595 3 905 3677 3120 3 3677 1909 3120 3 3677 1143 1909 3 3120 1909 877 
3 808 2093 1603 3 2093 1849 1603 3 2093 1152 1849 3 1603 1849 807 3 577 3523 3201 
3 3523 3616 3201 3 3523 967 3616 3 3201 3616 641 3 282 2392 3291 3 2392 3459 3291 
3 2392 293 3459 3 3291 3459 283 3 221 3678 220 3 3678 3106 220 3 3678 1036 3106 
3 220 3106 69 3 282 3679 2390 3 3679 3680 2390 3 3679 1031 3680 3 2390 3680 939 
3 458 3546 3682 3 3546 3681 3682 3 3546 459 3681 3 3682 3681 308 3 625 3683 3508 
3 3683 3563 3508 3 3683 637 3563 3 3508 3563 626 3 626 2924 3509 3 2924 2660 3509 
3 2924 949 2660 3 3509 2660 489 3 446 1848 2881 3 1848 3684 2881 3 1848 1022 3684 
3 2881 3684 494 3 375 3685 2141 3 3685 1397 2141 3 3685 613 1397 3 2141 1397 593 
3 401 3686 3124 3 3686 1737 3124 3 3686 1039 1737 3 3124 1737 889 3 611 3687 3603 
3 3687 3688 3603 3 3687 718 3688 3 3603 3688 610 3 680 3281 3437 3 3281 3662 3437 
3 3281 960 3662 3 3437 3662 337 3 726 3689 3499 3 3689 3690 3499 3 3689 842 3690 
3 3499 3690 615 3 898 3691 3036 3 3691 3667 3036 3 3691 1021 3667 3 3036 3667 897 
3 657 3214 2550 3 3214 3507 2550 3 3214 737 3507 3 2550 3507 736 3 120 3692 119 
3 3692 3567 119 3 3692 516 3567 3 119 3567 24 3 342 3669 3475 3 3669 3612 3475 
3 3669 952 3612 3 3475 3612 343 3 853 3693 2155 3 3693 3694 2155 3 3693 854 3694 
3 2155 3694 532 3 16 2004 3193 3 2004 3695 3193 3 2004 1161 3695 3 3193 3695 746 
3 553 3696 3176 3 3696 3278 3176 3 3696 556 3278 3 3176 3278 555 3 847 2978 3381 
3 2978 2086 3381 3 2978 1155 2086 3 3381 2086 792 3 1019 3697 2821 3 3697 3698 2821 
3 3697 1159 3698 3 2821 3698 78 3 764 3008 3200 3 3008 2282 3200 3 3008 835 2282 
3 3200 2282 159 3 671 3699 3127 3 3699 1865 3127 3 3699 980 1865 3 3127 1865 825 
3 260 3700 3405 3 3700 3701 3405 3 3700 288 3701 3 3405 3701 262 3 578 3702 3344 
3 3702 3703 3344 3 3702 1120 3703 3 3344 3703 996 3 602 3704 3706 3 3704 3705 3706 
3 3704 607 3705 3 3706 3705 600 3 293 2878 3707 3 2878 3682 3707 3 2878 458 3682 
3 3707 3682 308 3 494 3708 3289 3 3708 3709 3289 3 3708 1000 3709 3 3289 3709 907 
3 422 3710 3460 3 3710 2313 3460 3 3710 974 2313 3 3460 2313 481 3 907 3709 2866 
3 3709 1735 2866 3 3709 1000 1735 3 2866 1735 679 3 603 3711 3586 3 3711 2328 3586 
3 3711 1185 2328 3 3586 2328 605 3 276 1933 2346 3 1933 3002 2346 3 1933 1125 3002 
3 2346 3002 269 3 422 3462 3529 3 3462 3555 3529 3 3462 479 3555 3 3529 3555 424 
3 708 2382 2172 3 2382 3712 2172 3 2382 1076 3712 3 2172 3712 933 3 628 3557 3714 
3 3557 3713 3714 3 3557 1012 3713 3 3714 3713 1011 3 540 3715 1636 3 3715 3446 1636 
3 3715 1082 3446 3 1636 3446 538 3 264 3716 3360 3 3716 3717 3360 3 3716 427 3717 
3 3360 3717 266 3 695 1632 2901 3 1632 3718 2901 3 1632 1005 3718 3 2901 3718 838 
3 828 1986 2007 3 1986 3056 2007 3 1986 1030 3056 3 2007 3056 827 3 41 3719 157 
3 3719 3720 157 3 3719 443 3720 3 157 3720 40 3 568 3721 3264 3 3721 3722 3264 
3 3721 581 3722 3 3264 3722 580 3 717 3580 1891 3 3580 2301 1891 3 3580 1201 2301 
3 1891 2301 864 3 635 3723 3367 3 3723 3724 3367 3 3723 750 3724 3 3367 3724 667 
3 113 3725 112 3 3725 3726 112 3 3725 1124 3726 3 112 3726 21 3 992 1422 3629 
3 1422 2062 3629 3 1422 1018 2062 3 3629 2062 736 3 461 3727 3391 3 3727 3728 3391 
3 3727 974 3728 3 3391 3728 345 3 293 3707 3458 3 3707 3376 3458 3 3707 308 3376 
3 3458 3376 294 3 842 1457 3690 3 1457 3399 3690 3 1457 968 3399 3 3690 3399 615 
3 601 2864 3730 3 2864 3729 3730 3 2864 603 3729 3 3730 3729 602 3 299 3663 3552 
3 3663 3561 3552 3 3663 960 3561 3 3552 3561 301 3 129 3731 128 3 3731 3283 128 
3 3731 698 3283 3 128 3283 29 3 332 3732 3390 3 3732 1605 3390 3 3732 987 1605 
3 3390 1605 461 3 985 3733 1238 3 3733 3734 1238 3 3733 999 3734 3 1238 3734 386 
3 844 3168 3033 3 3168 3735 3033 3 3168 1122 3735 3 3033 3735 659 3 256 3736 3312 
3 3736 3737 3312 3 3736 453 3737 3 3312 3737 258 3 304 1705 1699 3 1705 3738 1699 
3 1705 982 3738 3 1699 3738 534 3 249 3739 2152 3 3739 3740 2152 3 3739 940 3740 
3 2152 3740 251 3 470 3741 3151 3 3741 3599 3151 3 3741 1003 3599 3 3151 3599 442 
3 900 3742 2594 3 3742 3743 2594 3 3742 1157 3743 3 2594 3743 663 3 714 3744 3549 
3 3744 3371 3549 3 3744 942 3371 3 3549 3371 507 3 300 3745 3485 3 3745 3746 3485 
3 3745 961 3746 3 3485 3746 291 3 878 3747 2618 3 3747 3748 2618 3 3747 1127 3748 
3 2618 3748 879 3 366 1844 1574 3 1844 3434 1574 3 1844 1071 3434 3 1574 3434 368 
3 651 3749 2466 3 3749 3750 2466 3 3749 656 3750 3 2466 3750 653 3 565 3751 3299 
3 3751 3265 3299 3 3751 568 3265 3 3299 3265 566 3 274 3146 3615 3 3146 3671 3615 
3 3146 964 3671 3 3615 3671 270 3 556 3752 3276 3 3752 3301 3276 3 3752 565 3301 
3 3276 3301 557 3 932 3753 3117 3 3753 3338 3117 3 3753 1128 3338 3 3117 3338 799 
3 576 3754 3134 3 3754 3755 3134 3 3754 783 3755 3 3134 3755 649 3 455 3456 3341 
3 3456 3756 3341 3 3456 1181 3756 3 3341 3756 426 3 291 3746 3547 3 3746 3757 3547 
3 3746 961 3757 3 3547 3757 290 3 483 3758 3482 3 3758 3759 3482 3 3758 961 3759 
3 3482 3759 741 3 385 3760 3762 3 3760 3761 3762 3 3760 388 3761 3 3762 3761 387 
3 440 3763 3101 3 3763 3543 3101 3 3763 1181 3543 3 3101 3543 627 3 488 3764 3501 
3 3764 3765 3501 3 3764 1014 3765 3 3501 3765 634 3 365 3766 2837 3 3766 2748 2837 
3 3766 836 2748 3 2837 2748 833 3 1025 1991 1469 3 1991 3767 1469 3 1991 1068 3767 
3 1469 3767 678 3 272 3672 3564 3 3672 1963 3564 3 3672 964 1963 3 3564 1963 500 
3 395 2393 2363 3 2393 3768 2363 3 2393 990 3768 3 2363 3768 912 3 503 3374 3471 
3 3374 3769 3471 3 3374 687 3769 3 3471 3769 502 3 70 2737 222 3 2737 3770 222 
3 2737 1041 3770 3 222 3770 221 3 802 1765 1655 3 1765 3771 1655 3 1765 1145 3771 
3 1655 3771 801 3 478 3772 1561 3 3772 3773 1561 3 3772 1144 3773 3 1561 3773 922 
3 290 3757 3473 3 3757 3758 3473 3 3757 961 3758 3 3473 3758 483 3 459 3774 3681 
3 3774 3627 3681 3 3774 971 3627 3 3681 3627 308 3 545 3775 2547 3 3775 3715 2547 
3 3775 1082 3715 3 2547 3715 540 3 841 1839 3644 3 1839 3776 3644 3 1839 1074 3776 
3 3644 3776 438 3 733 3777 3778 3 3777 1793 3778 3 3777 1046 1793 3 3778 1793 732 
3 388 3653 3780 3 3653 3779 3780 3 3653 390 3779 3 3780 3779 389 3 903 1926 3584 
3 1926 3781 3584 3 1926 973 3781 3 3584 3781 685 3 766 3782 3784 3 3782 3783 3784 
3 3782 1132 3783 3 3784 3783 861 3 818 2236 1708 3 2236 2421 1708 3 2236 1086 2421 
3 1708 2421 808 3 390 3623 3786 3 3623 3785 3786 3 3623 393 3785 3 3786 3785 392 
3 886 2485 2834 3 2485 3787 2834 3 2485 1021 3787 3 2834 3787 463 3 344 3620 2571 
3 3620 3788 2571 3 3620 1024 3788 3 2571 3788 798 3 975 3789 2585 3 3789 3790 2585 
3 3789 1189 3790 3 2585 3790 642 3 637 3791 3637 3 3791 3162 3637 3 3791 986 3162 
3 3637 3162 693 3 606 3792 3794 3 3792 3793 3794 3 3792 823 3793 3 3794 3793 604 
3 495 2549 2564 3 2549 1787 2564 3 2549 1008 1787 3 2564 1787 791 3 605 1576 3587 
3 1576 3794 3587 3 1576 606 3794 3 3587 3794 604 3 731 3795 3309 3 3795 3778 3309 
3 3795 733 3778 3 3309 3778 732 3 379 3796 2419 3 3796 3797 2419 3 3796 391 3797 
3 2419 3797 377 3 410 3798 3800 3 3798 3799 3800 3 3798 411 3799 3 3800 3799 392 
3 716 3658 3012 3 3658 1800 3012 3 3658 1110 1800 3 3012 1800 977 3 676 3801 3541 
3 3801 3802 3541 3 3801 1002 3802 3 3541 3802 435 3 443 2427 3720 3 2427 1626 3720 
3 2427 1114 1626 3 3720 1626 40 3 609 3803 1406 3 3803 3747 1406 3 3803 1127 3747 
3 1406 3747 878 3 390 3652 3621 3 3652 3804 3621 3 3652 943 3804 3 3621 3804 394 
3 336 3626 3396 3 3626 3805 3396 3 3626 987 3805 3 3396 3805 311 3 251 3740 3402 
3 3740 3806 3402 3 3740 940 3806 3 3402 3806 292 3 768 3807 2075 3 3807 3782 2075 
3 3807 1132 3782 3 2075 3782 766 3 685 3808 3407 3 3808 3809 3407 3 3808 1065 3809 
3 3407 3809 686 3 254 3157 3489 3 3157 1755 3489 3 3157 1129 1755 3 3489 1755 976 
3 754 1662 3084 3 1662 2041 3084 3 1662 1059 2041 3 3084 2041 929 3 581 2576 3722 
3 2576 3810 3722 3 2576 965 3810 3 3722 3810 580 3 300 3811 3745 3 3811 3812 3745 
3 3811 1058 3812 3 3745 3812 961 3 373 3813 3262 3 3813 3814 3262 3 3813 396 3814 
3 3262 3814 372 3 838 3594 2902 3 3594 3815 2902 3 3594 1011 3815 3 2902 3815 724 
3 546 3429 2388 3 3429 3816 2388 3 3429 547 3816 3 2388 3816 545 3 906 3817 2167 
3 3817 3818 2167 3 3817 1043 3818 3 2167 3818 400 3 1024 3307 3650 3 3307 3542 3650 
3 3307 1105 3542 3 3650 3542 720 3 437 3819 3006 3 3819 3820 3006 3 3819 1079 3820 
3 3006 3820 900 3 365 3647 3821 3 3647 2284 3821 3 3647 1033 2284 3 3821 2284 837 
3 473 3636 3196 3 3636 3822 3196 3 3636 682 3822 3 3196 3822 470 3 606 1267 3792 
3 1267 2176 3792 3 1267 843 2176 3 3792 2176 823 3 1061 3823 2753 3 3823 3824 2753 
3 3823 1123 3824 3 2753 3824 794 3 705 3825 3827 3 3825 3826 3827 3 3825 738 3826 
3 3827 3826 510 3 568 3828 3721 3 3828 3829 3721 3 3828 592 3829 3 3721 3829 581 
3 663 3830 1852 3 3830 1431 1852 3 3830 946 1431 3 1852 1431 944 3 1097 1936 1514 
3 1936 2500 1514 3 1936 1098 2500 3 1514 2500 786 3 700 3831 2908 3 3831 1826 2908 
3 3831 1106 1826 3 2908 1826 954 3 940 3832 3806 3 3832 3618 3806 3 3832 941 3618 
3 3806 3618 292 3 653 3833 2326 3 3833 3834 2326 3 3833 655 3834 3 2326 3834 654 
3 21 3726 2964 3 3726 3835 2964 3 3726 1124 3835 3 2964 3835 925 3 932 3422 3328 
3 3422 3777 3328 3 3422 1046 3777 3 3328 3777 733 3 580 3810 2486 3 3810 3836 2486 
3 3810 965 3836 3 2486 3836 587 3 961 3812 3759 3 3812 3837 3759 3 3812 1058 3837 
3 3759 3837 741 3 762 1819 2646 3 1819 3401 2646 3 1819 1094 3401 3 2646 3401 756 
3 752 3249 3317 3 3249 3838 3317 3 3249 1056 3838 3 3317 3838 751 3 603 3588 3729 
3 3588 3839 3729 3 3588 604 3839 3 3729 3839 602 3 765 3840 3065 3 3840 3841 3065 
3 3840 957 3841 3 3065 3841 683 3 839 1728 1681 3 1728 3842 1681 3 1728 1017 3842 
3 1681 3842 691 3 607 2208 3705 3 2208 3843 3705 3 2208 1209 3843 3 3705 3843 600 
3 667 3844 1592 3 3844 3845 1592 3 3844 1023 3845 3 1592 3845 976 3 358 3846 3221 
3 3846 3515 3221 3 3846 488 3515 3 3221 3515 360 3 279 3847 3394 3 3847 3679 3394 
3 3847 1031 3679 3 3394 3679 282 3 381 3848 2414 3 3848 3849 2414 3 3848 978 3849 
3 2414 3849 379 3 742 2395 3237 3 2395 1847 3237 3 2395 1022 1847 3 3237 1847 777 
3 690 3656 3178 3 3656 3817 3178 3 3656 1043 3817 3 3178 3817 906 3 1104 3850 1962 
3 3850 3851 1962 3 3850 1173 3851 3 1962 3851 500 3 1057 3852 2962 3 3852 1988 2962 
3 3852 1165 1988 3 2962 1988 752 3 435 3802 2767 3 3802 3659 2767 3 3802 1002 3659 
3 2767 3659 23 3 687 3853 3769 3 3853 3854 3769 3 3853 689 3854 3 3769 3854 502 
3 385 3762 3027 3 3762 3855 3027 3 3762 387 3855 3 3027 3855 383 3 634 1590 3502 
3 1590 3856 3502 3 1590 989 3856 3 3502 3856 625 3 1029 3857 2849 3 3857 2417 2849 
3 3857 1102 2417 3 2849 2417 406 3 933 3712 3432 3 3712 3858 3432 3 3712 1076 3858 
3 3432 3858 490 3 433 3859 3860 3 3859 3041 3860 3 3859 485 3041 3 3860 3041 411 
3 845 3303 3356 3 3303 3861 3356 3 3303 1015 3861 3 3356 3861 722 3 429 2854 2573 
3 2854 2456 2573 3 2854 1070 2456 3 2573 2456 870 3 393 3862 3785 3 3862 3800 3785 
3 3862 410 3800 3 3785 3800 392 3 655 3863 3865 3 3863 3864 3865 3 3863 915 3864 
3 3865 3864 658 3 813 3866 3020 3 3866 3867 3020 3 3866 1007 3867 3 3020 3867 935 
3 1126 3868 3870 3 3868 3869 3870 3 3868 1127 3869 3 3870 3869 718 3 585 3871 3284 
3 3871 3872 3284 3 3871 729 3872 3 3284 3872 728 3 697 1738 3125 3 1738 2364 3125 
3 1738 1039 2364 3 3125 2364 890 3 500 3873 3565 3 3873 3874 3565 3 3873 1031 3874 
3 3565 3874 277 3 707 2722 3181 3 2722 3875 3181 3 2722 1176 3875 3 3181 3875 527 
3 353 3107 2842 3 3107 3876 2842 3 3107 1036 3876 3 2842 3876 608 3 723 1910 3184 
3 1910 3877 3184 3 1910 1143 3877 3 3184 3877 945 3 492 2734 2772 3 2734 1640 2772 
3 2734 1052 1640 3 2772 1640 862 3 390 3786 3779 3 3786 3878 3779 3 3786 392 3878 
3 3779 3878 389 3 869 2790 3660 3 2790 3879 3660 3 2790 934 3879 3 3660 3879 705 
3 396 3880 3814 3 3880 3881 3814 3 3880 438 3881 3 3814 3881 372 3 958 2781 1381 
3 2781 3882 1381 3 2781 1051 3882 3 1381 3882 554 3 766 3883 2539 3 3883 3884 2539 
3 3883 1062 3884 3 2539 3884 765 3 631 1757 2988 3 1757 2216 2988 3 1757 1049 2216 
3 2988 2216 909 3 277 3874 2661 3 3874 3847 2661 3 3874 1031 3847 3 2661 3847 279 
3 556 3885 3752 3 3885 3886 3752 3 3885 569 3886 3 3752 3886 565 3 621 3661 3674 
3 3661 3827 3674 3 3661 705 3827 3 3674 3827 510 3 345 3728 3664 3 3728 3710 3664 
3 3728 974 3710 3 3664 3710 422 3 370 3887 2673 3 3887 3060 2673 3 3887 867 3060 
3 2673 3060 367 3 439 3888 3889 3 3888 3645 3889 3 3888 501 3645 3 3889 3645 438 
3 809 3890 3892 3 3890 3891 3892 3 3890 1182 3891 3 3892 3891 1175 3 896 3469 3524 
3 3469 3893 3524 3 3469 1054 3893 3 3524 3893 711 3 389 3894 3896 3 3894 3895 3896 
3 3894 620 3895 3 3896 3895 387 3 826 3897 1948 3 3897 3898 1948 3 3897 1177 3898 
3 1948 3898 662 3 587 3836 3606 3 3836 1231 3606 3 3836 965 1231 3 3606 1231 713 
3 812 3899 1758 3 3899 3900 1758 3 3899 1186 3900 3 1758 3900 571 3 405 3901 3596 
3 3901 3739 3596 3 3901 940 3739 3 3596 3739 249 3 757 1291 3560 3 1291 3699 3560 
3 1291 980 3699 3 3560 3699 671 3 393 3902 3862 3 3902 1339 3862 3 3902 412 1339 
3 3862 1339 410 3 687 3903 3853 3 3903 3904 3853 3 3903 739 3904 3 3853 3904 689 
3 592 3905 3829 3 3905 3368 3829 3 3905 635 3368 3 3829 3368 581 3 739 3021 3904 
3 3021 3906 3904 3 3021 740 3906 3 3904 3906 689 3 534 3738 3224 3 3738 3907 3224 
3 3738 982 3907 3 3224 3907 576 3 396 1823 3880 3 1823 3889 3880 3 1823 439 3889 
3 3880 3889 438 3 655 3908 3834 3 3908 2551 3834 3 3908 657 2551 3 3834 2551 654 
3 592 3318 3905 3 3318 3909 3905 3 3318 751 3909 3 3905 3909 635 3 439 3472 3888 
3 3472 3910 3888 3 3472 502 3910 3 3888 3910 501 3 771 1236 2304 3 1236 3911 2304 
3 1236 1089 3911 3 2304 3911 706 3 400 3818 3231 3 3818 1222 3231 3 3818 1043 1222 
3 3231 1222 661 3 502 3912 3910 3 3912 3913 3910 3 3912 994 3913 3 3910 3913 501 
3 388 3780 3761 3 3780 3896 3761 3 3780 389 3896 3 3761 3896 387 3 1008 3548 1788 
3 3548 3279 1788 3 3548 1009 3279 3 1788 3279 680 3 549 3914 3631 3 3914 3915 3631 
3 3914 554 3915 3 3631 3915 553 3 1079 3916 3820 3 3916 3742 3820 3 3916 1157 3742 
3 3820 3742 900 3 686 3412 3408 3 3412 3917 3408 3 3412 1126 3917 3 3408 3917 611 
3 579 3918 2206 3 3918 3285 2206 3 3918 585 3285 3 2206 3285 584 3 673 3919 2289 
3 3919 3920 2289 3 3919 1210 3920 3 2289 3920 871 3 699 3921 3173 3 3921 1771 3173 
3 3921 1025 1771 3 3173 1771 725 3 951 2365 3449 3 2365 3686 3449 3 2365 1039 3686 
3 3449 3686 401 3 550 3922 1644 3 3922 3427 1644 3 3922 914 3427 3 1644 3427 546 
3 311 3805 3642 3 3805 3732 3642 3 3805 987 3732 3 3642 3732 332 3 910 3923 3624 
3 3923 3924 3624 3 3923 1135 3924 3 3624 3924 911 3 573 3925 2298 3 3925 3445 2298 
3 3925 578 3445 3 2298 3445 575 3 268 3926 3604 3 3926 3369 3604 3 3926 1001 3369 
3 3604 3369 271 3 557 3927 3277 3 3927 3295 3277 3 3927 1108 3295 3 3277 3295 555 
3 691 1361 1417 3 1361 1656 1417 3 1361 1197 1656 3 1417 1656 618 3 1006 3928 2047 
3 3928 3929 2047 3 3928 1202 3929 3 2047 3929 850 3 691 3842 1362 3 3842 3930 1362 
3 3842 1017 3930 3 1362 3930 1005 3 847 2709 1889 3 2709 3931 1889 3 2709 1191 3931 
3 1889 3931 764 3 415 3600 3611 3 3600 3932 3611 3 3600 1003 3932 3 3611 3932 829 
3 995 3933 3654 3 3933 1384 3654 3 3933 997 1384 3 3654 1384 996 3 637 3934 3791 
3 3934 3440 3791 3 3934 989 3440 3 3791 3440 986 3 873 3935 1538 3 3935 3936 1538 
3 3935 1124 3936 3 1538 3936 660 3 800 2397 2624 3 2397 2629 2624 3 2397 1087 2629 
3 2624 2629 710 3 1175 3891 3937 3 3891 1588 3937 3 3891 1182 1588 3 3937 1588 628 
3 598 3145 3938 3 3145 2124 3938 3 3145 1037 2124 3 3938 2124 596 3 599 3939 3941 
3 3939 3940 3941 3 3939 601 3940 3 3941 3940 600 3 489 2659 3514 3 2659 3942 3514 
3 2659 1033 3942 3 3514 3942 360 3 292 3648 3403 3 3648 3943 3403 3 3648 1027 3943 
3 3403 3943 253 3 792 2307 3046 3 2307 3486 3046 3 2307 1072 3486 3 3046 3486 168 
3 821 3944 2445 3 3944 3945 2445 3 3944 1208 3945 3 2445 3945 1092 3 433 3675 3859 
3 3675 3946 3859 3 3675 510 3946 3 3859 3946 485 3 625 3856 3683 3 3856 3934 3683 
3 3856 989 3934 3 3683 3934 637 3 857 3947 2498 3 3947 3948 2498 3 3947 1148 3948 
3 2498 3948 681 3 266 3949 3480 3 3949 3926 3480 3 3949 1001 3926 3 3480 3926 268 
3 388 3950 3651 3 3950 3951 3651 3 3950 1204 3951 3 3651 3951 943 3 947 3952 3657 
3 3952 3953 3657 3 3952 948 3953 3 3657 3953 688 3 706 3954 3180 3 3954 3630 3180 
3 3954 1067 3630 3 3180 3630 707 3 683 3955 3635 3 3955 3956 3635 3 3955 855 3956 
3 3635 3956 682 3 749 2827 3137 3 2827 3957 3137 3 2827 1168 3957 3 3137 3957 748 
3 262 3958 3363 3 3958 3959 3363 3 3958 998 3959 3 3363 3959 264 3 956 3960 3639 
3 3960 3961 3639 3 3960 1014 3961 3 3639 3961 285 3 948 3962 3953 3 3962 3963 3953 
3 3962 1045 3963 3 3953 3963 688 3 210 3964 2088 3 3964 3897 2088 3 3964 1177 3897 
3 2088 3897 826 3 649 3965 3522 3 3965 3665 3522 3 3965 1029 3665 3 3522 3665 967 
3 285 3961 2701 3 3961 3966 2701 3 3961 1014 3966 3 2701 3966 358 3 45 3261 165 
3 3261 2306 165 3 3261 1072 2306 3 165 2306 44 3 1092 3945 3131 3 3945 3967 3131 
3 3945 1208 3967 3 3131 3967 644 3 911 3320 3625 3 3320 2647 3625 3 3320 1004 2647 
3 3625 2647 704 3 662 3898 2367 3 3898 3968 2367 3 3898 1177 3968 3 2367 3968 67 
3 831 3969 2300 3 3969 3970 2300 3 3969 1120 3970 3 2300 3970 572 3 305 1293 3133 
3 1293 3962 3133 3 1293 1045 3962 3 3133 3962 948 3 410 1225 3798 3 1225 3860 3798 
3 1225 433 3860 3 3798 3860 411 3 952 3971 3153 3 3971 2381 3153 3 3971 1076 2381 
3 3153 2381 819 3 861 3783 1776 3 3783 3972 1776 3 3783 1132 3972 3 1776 3972 405 
3 976 3845 3490 3 3845 2225 3490 3 3845 1023 2225 3 3490 2225 811 3 750 2339 3724 
3 2339 3844 3724 3 2339 1023 3844 3 3724 3844 667 3 814 3973 1799 3 3973 3974 1799 
3 3973 1203 3974 3 1799 3974 201 3 532 3975 1831 3 3975 2509 1831 3 3975 1141 2509 
3 1831 2509 37 3 1053 2106 3976 3 2106 2566 3976 3 2106 1080 2566 3 3976 2566 738 
3 734 3977 3978 3 3977 3329 3978 3 3977 735 3329 3 3978 3329 733 3 798 3979 3416 
3 3979 3980 3416 3 3979 1208 3980 3 3416 3980 1054 3 718 3869 2373 3 3869 3981 2373 
3 3869 1127 3981 3 2373 3981 1118 3 578 3343 3444 3 3343 3982 3444 3 3343 1026 3982 
3 3444 3982 579 3 688 3963 3373 3 3963 3983 3373 3 3963 1045 3983 3 3373 3983 687 
3 360 3942 2385 3 3942 3646 2385 3 3942 1033 3646 3 2385 3646 361 3 721 3538 2557 
3 3538 2644 2557 3 3538 1104 2644 3 2557 2644 875 3 734 3984 3986 3 3984 3985 3986 
3 3984 1042 3985 3 3986 3985 782 3 746 3695 3081 3 3695 1934 3081 3 3695 1161 1934 
3 3081 1934 1097 3 1102 3987 2418 3 3987 3988 2418 3 3987 1178 3988 3 2418 3988 155 
3 288 1872 3701 3 1872 3958 3701 3 1872 998 3958 3 3701 3958 262 3 924 1485 3619 
3 1485 3989 3619 3 1485 1044 3989 3 3619 3989 699 3 1066 3575 3161 3 3575 1350 3161 
3 3575 1089 1350 3 3161 1350 693 3 706 3911 3954 3 3911 3574 3954 3 3911 1089 3574 
3 3954 3574 1067 3 425 3990 2650 3 3990 3418 2650 3 3990 1066 3418 3 2650 3418 887 
3 365 3821 3766 3 3821 3991 3766 3 3821 837 3991 3 3766 3991 836 3 946 2403 1734 
3 2403 2358 1734 3 2403 1083 2358 3 1734 2358 26 3 479 3992 3554 3 3992 3211 3554 
3 3992 993 3211 3 3554 3211 480 3 711 3893 3186 3 3893 3993 3186 3 3893 1054 3993 
3 3186 3993 821 3 898 1887 3691 3 1887 3994 3691 3 1887 1205 3994 3 3691 3994 1021 
3 562 3142 2605 3 3142 3995 2605 3 3142 563 3995 3 2605 3995 560 3 244 2104 2513 
3 2104 3819 2513 3 2104 1079 3819 3 2513 3819 437 3 801 3771 3488 3 3771 3633 3488 
3 3771 1145 3633 3 3488 3633 455 3 601 3730 3940 3 3730 3706 3940 3 3730 602 3706 
3 3940 3706 600 3 722 3996 3535 3 3996 2212 3535 3 3996 1158 2212 3 3535 2212 814 
3 718 2375 3688 3 2375 1789 3688 3 2375 865 1789 3 3688 1789 610 3 945 3877 3164 
3 3877 3997 3164 3 3877 1143 3997 3 3164 3997 346 3 1001 3998 3370 3 3998 3831 3370 
3 3998 1106 3831 3 3370 3831 700 3 41 3290 3719 3 3290 3999 3719 3 3290 966 3999 
3 3719 3999 443 3 840 4000 3544 3 4000 4001 3544 3 4000 1206 4001 3 3544 4001 627 
3 895 3165 2024 3 3165 4002 2024 3 3165 1100 4002 3 2024 4002 542 3 579 3982 3918 
3 3982 4003 3918 3 3982 1026 4003 3 3918 4003 585 3 954 3314 3016 3 3314 2555 3016 
3 3314 1137 2555 3 3016 2555 482 3 948 4004 2568 3 4004 4005 2568 3 4004 1167 4005 
3 2568 4005 738 3 264 3959 3716 3 3959 4006 3716 3 3959 998 4006 3 3716 4006 427 
3 734 3986 3977 3 3986 1879 3977 3 3986 782 1879 3 3977 1879 735 3 914 2125 3428 
3 2125 3582 3428 3 2125 1037 3582 3 3428 3582 547 3 258 4007 3339 3 4007 4008 3339 
3 4007 1010 4008 3 3339 4008 260 3 779 3641 2059 3 3641 4000 2059 3 3641 1206 4000 
3 2059 4000 840 3 25 2359 121 3 2359 4009 121 3 2359 1083 4009 3 121 4009 120 
3 373 4010 3813 3 4010 2046 3813 3 4010 1006 2046 3 3813 2046 396 3 512 4011 3055 
3 4011 3919 3055 3 4011 1210 3919 3 3055 3919 673 3 260 4008 3700 3 4008 4012 3700 
3 4008 1010 4012 3 3700 4012 288 3 731 4013 3795 3 4013 3978 3795 3 4013 734 3978 
3 3795 3978 733 3 880 3569 2487 3 3569 1998 2487 3 3569 1090 1998 3 2487 1998 881 
3 485 4014 1697 3 4014 4015 1697 3 4014 1167 4015 3 1697 4015 947 3 991 4016 1511 
3 4016 4017 1511 3 4016 1069 4017 3 1511 4017 656 3 375 3435 4018 3 3435 2409 4018 
3 3435 1071 2409 3 4018 2409 614 3 861 4019 3784 3 4019 4020 3784 3 4019 1179 4020 
3 3784 4020 766 3 267 1504 3073 3 1504 2232 3073 3 1504 1131 2232 3 3073 2232 265 
3 67 3968 211 3 3968 3964 211 3 3968 1177 3964 3 211 3964 210 3 823 2109 3793 
3 2109 4021 3793 3 2109 1020 4021 3 3793 4021 604 3 427 4022 3717 3 4022 3949 3717 
3 4022 1001 3949 3 3717 3949 266 3 18 4023 104 3 4023 4024 104 3 4023 1119 4024 
3 104 4024 17 3 682 4025 3822 3 4025 3741 3822 3 4025 1003 3741 3 3822 3741 470 
3 486 3470 2824 3 3470 1580 2824 3 3470 1093 1580 3 2824 1580 514 3 699 3989 3921 
3 3989 1992 3921 3 3989 1044 1992 3 3921 1992 1025 3 547 3583 4027 3 3583 4026 4027 
3 3583 815 4026 3 4027 4026 743 3 432 4028 3233 3 4028 4029 3233 3 4028 1148 4029 
3 3233 4029 979 3 480 2422 3511 3 2422 3171 3511 3 2422 1086 3171 3 3511 3171 918 
3 763 4030 4032 3 4030 4031 4032 3 4030 1101 4031 3 4032 4031 942 3 496 2257 3468 
3 2257 3866 3468 3 2257 1007 3866 3 3468 3866 813 3 597 3069 4034 3 3069 4033 4034 
3 3069 599 4033 3 4034 4033 598 3 759 4035 2955 3 4035 4036 2955 3 4035 1190 4036 
3 2955 4036 87 3 31 2065 135 3 2065 3481 135 3 2065 1088 3481 3 135 3481 134 
3 730 4037 4038 3 4037 3311 4038 3 4037 731 3311 3 4038 3311 729 3 713 4039 3607 
3 4039 4040 3607 3 4039 1078 4040 3 3607 4040 591 3 253 3943 2977 3 3943 4041 2977 
3 3943 1027 4041 3 2977 4041 256 3 729 3359 3872 3 3359 1217 3872 3 3359 985 1217 
3 3872 1217 728 3 599 3941 4033 3 3941 4042 4033 3 3941 600 4042 3 4033 4042 598 
3 1050 4043 3450 3 4043 2699 3450 3 4043 1191 2699 3 3450 2699 171 3 358 3966 3846 
3 3966 3764 3846 3 3966 1014 3764 3 3846 3764 488 3 915 2361 3864 3 2361 2097 3864 
3 2361 930 2097 3 3864 2097 658 3 570 1759 3141 3 1759 4044 3141 3 1759 571 4044 
3 3141 4044 563 3 453 1931 3737 3 1931 4007 3737 3 1931 1010 4007 3 3737 4007 258 
3 724 4045 3188 3 4045 4046 3188 3 4045 761 4046 3 3188 4046 696 3 273 4047 3613 
3 4047 4048 3613 3 4047 1176 4048 3 3613 4048 983 3 678 3767 3400 3 3767 4049 3400 
3 3767 1068 4049 3 3400 4049 676 3 689 4050 3854 3 4050 3912 3854 3 4050 994 3912 
3 3854 3912 502 3 406 1627 2850 3 1627 3610 2850 3 1627 1114 3610 3 2850 3610 899 
3 696 4051 2980 3 4051 1314 2980 3 4051 1048 1314 3 2980 1314 694 3 421 4052 3516 
3 4052 2242 3516 3 4052 1164 2242 3 3516 2242 937 3 302 3572 3585 3 3572 3811 3585 
3 3572 1058 3811 3 3585 3811 300 3 836 4053 2770 3 4053 4054 2770 3 4053 1073 4054 
3 2770 4054 727 3 585 4055 3871 3 4055 4038 3871 3 4055 730 4038 3 3871 4038 729 
3 476 3104 2631 3 3104 3772 2631 3 3104 1144 3772 3 2631 3772 478 3 942 4056 4032 
3 4056 2705 4032 3 4056 1121 2705 3 4032 2705 763 3 794 3824 3346 3 3824 4057 3346 
3 3824 1123 4057 3 3346 4057 994 3 732 1378 3358 3 1378 3733 3358 3 1378 999 3733 
3 3358 3733 985 3 1021 3994 3787 3 3994 4058 3787 3 3994 1205 4058 3 3787 4058 463 
3 629 1775 2377 3 1775 3099 2377 3 1775 1113 3099 3 2377 3099 447 3 602 4059 3704 
3 4059 3478 3704 3 4059 1020 3478 3 3704 3478 607 3 595 4060 3670 3 4060 3992 3670 
3 4060 993 3992 3 3670 3992 479 3 38 1663 152 3 1663 2182 152 3 1663 1139 2182 
3 152 2182 151 3 341 2810 3571 3 2810 4061 3571 3 2810 1099 4061 3 3571 4061 1058 
3 1032 3257 1531 3 3257 4062 1531 3 3257 1169 4062 3 1531 4062 773 3 379 3849 3796 
3 3849 2231 3796 3 3849 978 2231 3 3796 2231 391 3 9 4063 3166 3 4063 4064 3166 
3 4063 1207 4064 3 3166 4064 902 3 663 3743 3830 3 3743 2401 3830 3 3743 1157 2401 
3 3830 2401 946 3 288 4065 1873 3 4065 3215 1873 3 4065 1134 3215 3 1873 3215 929 
3 377 4066 2469 3 4066 4010 2469 3 4066 1006 4010 3 2469 4010 373 3 56 4067 184 
3 4067 2674 184 3 4067 1180 2674 3 184 2674 183 3 748 4068 3043 3 4068 3591 3043 
3 4068 1077 3591 3 3043 3591 923 3 644 4069 2583 3 4069 2932 2583 3 4069 1112 2932 
3 2583 2932 612 3 815 2009 4026 3 2009 4070 4026 3 2009 816 4070 3 4026 4070 743 
3 490 3858 3668 3 3858 3971 3668 3 3858 1076 3971 3 3668 3971 952 3 902 4064 2953 
3 4064 3205 2953 3 4064 1207 3205 3 2953 3205 668 3 256 4041 3736 3 4041 1944 3736 
3 4041 1027 1944 3 3736 1944 453 3 599 4071 3939 3 4071 2060 3939 3 4071 1073 2060 
3 3939 2060 601 3 411 2415 3799 3 2415 4072 3799 3 2415 1047 4072 3 3799 4072 392 
3 567 4073 4074 3 4073 3933 4074 3 4073 997 3933 3 4074 3933 995 3 983 4048 3023 
3 4048 2721 3023 3 4048 1176 2721 3 3023 2721 818 3 853 4075 3693 3 4075 4076 3693 
3 4075 1194 4076 3 3693 4076 854 3 500 3851 3873 3 3851 4077 3873 3 3851 1173 4077 
3 3873 4077 1031 3 734 4078 3984 3 4078 4079 3984 3 4078 1156 4079 3 3984 4079 1042 
3 782 4080 1880 3 4080 2636 1880 3 4080 1196 2636 3 1880 2636 781 3 1038 2900 3213 
3 2900 4081 3213 3 2900 1198 4081 3 3213 4081 737 3 7 4082 85 3 4082 4083 85 
3 4082 1190 4083 3 85 4083 6 3 683 3841 3955 3 3841 3297 3955 3 3841 957 3297 
3 3955 3297 855 3 990 4084 3768 3 4084 3578 3768 3 4084 1188 3578 3 3768 3578 912 
3 740 1311 3906 3 1311 4085 3906 3 1311 1064 4085 3 3906 4085 689 3 943 1794 3804 
3 1794 3421 3804 3 1794 1046 3421 3 3804 3421 394 3 772 2502 3335 3 2502 4063 3335 
3 2502 1207 4063 3 3335 4063 9 3 1055 4086 2984 3 4086 4075 2984 3 4086 1194 4075 
3 2984 4075 853 3 850 3929 2578 3 3929 2221 2578 3 3929 1202 2221 3 2578 2221 959 
3 687 3983 3903 3 3983 1292 3903 3 3983 1045 1292 3 3903 1292 739 3 943 3951 1377 
3 3951 4087 1377 3 3951 1204 4087 3 1377 4087 999 3 922 3773 3443 3 3773 2590 3443 
3 3773 1144 2590 3 3443 2590 845 3 714 4088 3744 3 4088 4056 3744 3 4088 1121 4056 
3 3744 4056 942 3 973 4089 3781 3 4089 3808 3781 3 4089 1065 3808 3 3781 3808 685 
3 608 4090 2895 3 4090 4091 2895 3 4090 1118 4091 3 2895 4091 609 3 245 2706 3319 
3 2706 4092 3319 3 2706 1121 4092 3 3319 4092 1004 3 655 3865 3908 3 3865 3634 3908 
3 3865 658 3634 3 3908 3634 657 3 712 2829 3361 3 2829 1610 3361 3 2829 1096 1610 
3 3361 1610 786 3 510 4093 3946 3 4093 4014 3946 3 4093 1167 4014 3 3946 4014 485 
3 106 3526 105 3 3526 4023 105 3 3526 1119 4023 3 105 4023 18 3 591 4040 3149 
3 4040 2068 3149 3 4040 1078 2068 3 3149 2068 701 3 407 3336 3673 3 3336 4094 3673 
3 3336 1081 4094 3 3673 4094 331 3 78 3698 1727 3 3698 4095 1727 3 3698 1159 4095 
3 1727 4095 1017 3 155 3988 154 3 3988 1701 154 3 3988 1178 1701 3 154 1701 39 
3 494 4096 3708 3 4096 2714 3708 3 4096 1149 2714 3 3708 2714 1000 3 817 4097 3096 
3 4097 4098 3096 3 4097 1055 4098 3 3096 4098 816 3 576 3907 3754 3 3907 4099 3754 
3 3907 982 4099 3 3754 4099 783 3 743 4100 4101 3 4100 3775 4101 3 4100 1082 3775 
3 4101 3775 545 3 681 3948 3364 3 3948 4102 3364 3 3948 1148 4102 3 3364 4102 950 
3 676 4049 3801 3 4049 3451 3801 3 4049 1068 3451 3 3801 3451 1002 3 63 4103 2147 
3 4103 4104 2147 3 4103 1203 4104 3 2147 4104 926 3 383 4105 2743 3 4105 4106 2743 
3 4105 1028 4106 3 2743 4106 381 3 572 3970 2911 3 3970 4107 2911 3 3970 1120 4107 
3 2911 4107 573 3 746 3080 2665 3 3080 1927 2665 3 3080 1136 1927 3 2665 1927 832 
3 28 4108 124 3 4108 2077 124 3 4108 1091 2077 3 124 2077 27 3 568 4109 3828 
3 4109 2961 3828 3 4109 1057 2961 3 3828 2961 592 3 686 4110 2481 3 4110 3426 2481 
3 4110 1174 3426 3 2481 3426 970 3 459 4111 3774 3 4111 3666 3774 3 4111 1169 3666 
3 3774 3666 971 3 863 2589 2424 3 2589 1818 2424 3 2589 1094 1818 3 2424 1818 594 
3 1138 2210 4112 3 2210 2003 4112 3 2210 1161 2003 3 4112 2003 17 3 391 4113 3797 
3 4113 4066 3797 3 4113 1006 4066 3 3797 4066 377 3 30 1782 130 3 1782 4114 130 
3 1782 1116 4114 3 130 4114 129 3 497 3089 2944 3 3089 4115 2944 3 3089 1163 4115 
3 2944 4115 487 3 655 4116 3863 3 4116 4117 3863 3 4116 1069 4117 3 3863 4117 915 
3 656 4118 1365 3 4118 4084 1365 3 4118 1188 4084 3 1365 4084 990 3 331 4094 3379 
3 4094 4119 3379 3 4094 1081 4119 3 3379 4119 8 3 547 4027 3816 3 4027 4101 3816 
3 4027 743 4101 3 3816 4101 545 3 702 4120 3384 3 4120 1559 3384 3 4120 1095 1559 
3 3384 1559 922 3 597 4034 4121 3 4034 3938 4121 3 4034 598 3938 3 4121 3938 596 
3 1004 4092 3182 3 4092 4088 3182 3 4092 1121 4088 3 3182 4088 714 3 1031 4077 3680 
3 4077 4122 3680 3 4077 1173 4122 3 3680 4122 939 3 604 4021 3839 3 4021 4059 3839 
3 4021 1020 4059 3 3839 4059 602 3 8 4119 2954 3 4119 2186 2954 3 4119 1081 2186 
3 2954 2186 759 3 529 4123 3122 3 4123 2826 3122 3 4123 1168 2826 3 3122 2826 938 
3 1078 4124 2069 3 4124 3156 2069 3 4124 1129 3156 3 2069 3156 787 3 998 2042 4006 
3 2042 4125 4006 3 2042 1059 4125 3 4006 4125 427 3 427 4126 4022 3 4126 3998 4022 
3 4126 1106 3998 3 4022 3998 1001 3 556 4127 3885 3 4127 2780 3885 3 4127 1051 2780 
3 3885 2780 569 3 996 3703 3655 3 3703 3969 3655 3 3703 1120 3969 3 3655 3969 831 
3 585 4003 4055 3 4003 1299 4055 3 4003 1026 1299 3 4055 1299 730 3 660 3936 3066 
3 3936 3725 3066 3 3936 1124 3725 3 3066 3725 113 3 1062 4128 3884 3 4128 4129 3884 
3 4128 1133 4129 3 3884 4129 765 3 620 2017 3895 3 2017 4130 3895 3 2017 1028 4130 
3 3895 4130 387 3 741 4131 3551 3 4131 1273 3551 3 4131 1099 1273 3 3551 1273 742 
3 642 3790 3202 3 3790 4132 3202 3 3790 1189 4132 3 3202 4132 973 3 381 4106 3848 
3 4106 2016 3848 3 4106 1028 2016 3 3848 2016 978 3 1011 3713 3815 3 3713 4133 3815 
3 3713 1012 4133 3 3815 4133 724 3 393 4134 3902 3 4134 1570 3902 3 4134 1107 1570 
3 3902 1570 412 3 942 4031 3372 3 4031 2192 3372 3 4031 1101 2192 3 3372 2192 506 
3 737 4135 3505 3 4135 4136 3505 3 4135 810 4136 3 3505 4136 809 3 915 4117 3409 
3 4117 4016 3409 3 4117 1069 4016 3 3409 4016 991 3 627 4001 3090 3 4001 3640 3090 
3 4001 1206 3640 3 3090 3640 778 3 1042 4079 4137 3 4079 3225 4137 3 4079 1156 3225 
3 4137 3225 997 3 635 4138 3723 3 4138 3078 3723 3 4138 1035 3078 3 3723 3078 750 
3 614 3294 4139 3 3294 3270 4139 3 3294 788 3270 3 4139 3270 613 3 727 4054 3068 
3 4054 4071 3068 3 4054 1073 4071 3 3068 4071 599 3 221 3770 3678 3 3770 4140 3678 
3 3770 1041 4140 3 3678 4140 1036 3 1005 4141 3718 3 4141 4142 3718 3 4141 1159 4142 
3 3718 4142 838 3 375 4018 3685 3 4018 4139 3685 3 4018 614 4139 3 3685 4139 613 
3 925 3835 2890 3 3835 3935 2890 3 3835 1124 3935 3 2890 3935 873 3 994 4057 3913 
3 4057 4143 3913 3 4057 1123 4143 3 3913 4143 501 3 659 3735 3519 3 3735 1240 3519 
3 3735 1122 1240 3 3519 1240 774 3 553 4144 3696 3 4144 4127 3696 3 4144 1051 4127 
3 3696 4127 556 3 1088 2188 1763 3 2188 4145 1763 3 2188 1151 4145 3 1763 4145 719 
3 656 4017 3750 3 4017 4146 3750 3 4017 1069 4146 3 3750 4146 653 3 705 4147 3825 
3 4147 3976 3825 3 4147 1053 3976 3 3825 3976 738 3 979 4029 2352 3 4029 3947 2352 
3 4029 1148 3947 3 2352 3947 857 3 1054 3980 3993 3 3980 3944 3993 3 3980 1208 3944 
3 3993 3944 821 3 1103 2452 1385 3 2452 4148 1385 3 2452 1162 4148 3 1385 4148 775 
3 346 3997 2888 3 3997 3677 2888 3 3997 1143 3677 3 2888 3677 905 3 120 4009 3692 
3 4009 2432 3692 3 4009 1083 2432 3 3692 2432 516 3 571 4149 4150 3 4149 4121 4150 
3 4149 597 4121 3 4150 4121 596 3 392 4072 3878 3 4072 4151 3878 3 4072 1047 4151 
3 3878 4151 389 3 386 4152 3118 3 4152 4153 3118 3 4152 1204 4153 3 3118 4153 385 
3 567 3528 4073 3 3528 4137 4073 3 3528 1042 4137 3 4073 4137 997 3 751 4154 3909 
3 4154 4138 3909 3 4154 1035 4138 3 3909 4138 635 3 516 2431 3566 3 2431 3916 3566 
3 2431 1157 3916 3 3566 3916 1079 3 727 2072 2769 3 2072 3197 2769 3 2072 1187 3197 
3 2769 3197 1109 3 1055 4155 4098 3 4155 4156 4098 3 4155 1195 4156 3 4098 4156 816 
3 1012 3556 1812 3 3556 1665 1812 3 3556 1200 1665 3 1812 1665 588 3 201 3974 200 
3 3974 4103 200 3 3974 1203 4103 3 200 4103 63 3 763 2998 4030 3 2998 4157 4030 
3 2998 1142 4157 3 4030 4157 1101 3 56 1882 4158 3 1882 4128 4158 3 1882 1133 4128 
3 4158 4128 1062 3 783 3190 3755 3 3190 4159 3755 3 3190 1171 4159 3 3755 4159 649 
3 565 4160 3751 3 4160 4109 3751 3 4160 1057 4109 3 3751 4109 568 3 571 3900 4149 
3 3900 4161 4149 3 3900 1186 4161 3 4149 4161 597 3 461 1723 3727 3 1723 3130 3727 
3 1723 1092 3130 3 3727 3130 974 3 1035 4162 4164 3 4162 4163 4164 3 4162 1166 4163 
3 4164 4163 456 3 425 3424 3990 3 3424 3576 3990 3 3424 1067 3576 3 3990 3576 1066 
3 387 4130 3855 3 4130 4105 3855 3 4130 1028 4105 3 3855 4105 383 3 389 4151 3894 
3 4151 1477 3894 3 4151 1047 1477 3 3894 1477 620 3 569 4165 3886 3 4165 4160 3886 
3 4165 1057 4160 3 3886 4160 565 3 394 1994 3622 3 1994 4134 3622 3 1994 1107 4134 
3 3622 4134 393 3 947 4015 3952 3 4015 4004 3952 3 4015 1167 4004 3 3952 4004 948 
3 1014 4166 3765 3 4166 2001 3765 3 4166 1146 2001 3 3765 2001 634 3 560 4167 3380 
3 4167 3922 3380 3 4167 914 3922 3 3380 3922 550 3 871 4168 3255 3 4168 3923 3255 
3 4168 1135 3923 3 3255 3923 910 3 413 3350 3430 3 3350 1565 3430 3 3350 1117 1565 
3 3430 1565 921 3 527 3875 3014 3 3875 4047 3014 3 3875 1176 4047 3 3014 4047 273 
3 934 2607 3879 3 2607 4147 3879 3 2607 1053 4147 3 3879 4147 705 3 549 4169 3914 
3 4169 2458 3914 3 4169 1100 2458 3 3914 2458 554 3 999 4087 3734 3 4087 4152 3734 
3 4087 1204 4152 3 3734 4152 386 3 463 4058 2783 3 4058 3550 2783 3 4058 1205 3550 
3 2783 3550 901 3 564 4170 2983 3 4170 4155 2983 3 4170 1195 4155 3 2983 4155 1055 
3 993 4171 4172 3 4171 2187 4172 3 4171 1151 2187 3 4172 2187 758 3 698 1643 3282 
3 1643 3306 3282 3 1643 1105 3306 3 3282 3306 972 3 438 3776 3881 3 3776 4173 3881 
3 3776 1074 4173 3 3881 4173 372 3 689 4085 4050 3 4085 3345 4050 3 4085 1064 3345 
3 4050 3345 994 3 554 3882 3915 3 3882 4144 3915 3 3882 1051 4144 3 3915 4144 553 
3 737 4081 4135 3 4081 1470 4135 3 4081 1198 1470 3 4135 1470 810 3 651 4174 3749 
3 4174 4118 3749 3 4174 1188 4118 3 3749 4118 656 3 973 4132 4089 3 4132 4175 4089 
3 4132 1189 4175 3 4089 4175 1065 3 1007 3105 3867 3 3105 1976 3867 3 3105 1111 1976 
3 3867 1976 935 3 1082 4176 3447 3 4176 4170 3447 3 4176 1195 4170 3 3447 4170 564 
3 876 3022 3147 3 3022 4177 3147 3 3022 1146 4177 3 3147 4177 956 3 372 4173 3568 
3 4173 4178 3568 3 4173 1074 4178 3 3568 4178 370 3 991 4179 3410 3 4179 2028 3410 
3 4179 1192 2028 3 3410 2028 420 3 1058 4061 3837 3 4061 4131 3837 3 4061 1099 4131 
3 3837 4131 741 3 87 4036 86 3 4036 4082 86 3 4036 1190 4082 3 86 4082 7 
3 735 1895 3327 3 1895 3753 3327 3 1895 1128 3753 3 3327 3753 932 3 1142 4180 4181 
3 4180 4035 4181 3 4180 1190 4035 3 4181 4035 759 3 611 3917 3687 3 3917 3870 3687 
3 3917 1126 3870 3 3687 3870 718 3 854 4076 4182 3 4076 3315 4182 3 4076 1194 3315 
3 4182 3315 1034 3 571 4150 4044 3 4150 1281 4044 3 4150 596 1281 3 4044 1281 563 
3 751 4183 4154 3 4183 4162 4154 3 4183 1166 4162 3 4154 4162 1035 3 1042 3527 3985 
3 3527 4184 3985 3 3527 1108 4184 3 3985 4184 782 3 731 4185 4013 3 4185 4078 4013 
3 4185 1156 4078 3 4013 4078 734 3 1040 4186 1303 3 4186 3595 1303 3 4186 1153 3595 
3 1303 3595 797 3 938 2100 3288 3 2100 3244 3288 3 2100 1140 3244 3 3288 3244 289 
3 569 2051 4165 3 2051 3852 4165 3 2051 1165 3852 3 4165 3852 1057 3 129 4114 3731 
3 4114 1462 3731 3 4114 1116 1462 3 3731 1462 698 3 726 4187 3689 3 4187 4188 3689 
3 4187 1138 4188 3 3689 4188 842 3 724 4133 4045 3 4133 1811 4045 3 4133 1012 1811 
3 4045 1811 761 3 542 4002 3533 3 4002 4169 3533 3 4002 1100 4169 3 3533 4169 549 
3 412 1569 1338 3 1569 4186 1338 3 1569 1153 4186 3 1338 4186 1040 3 758 1850 4172 
3 1850 3210 4172 3 1850 1152 3210 3 4172 3210 993 3 467 2552 4190 3 2552 4189 4190 
3 2552 1211 4189 3 4190 4189 1166 3 956 4177 3960 3 4177 4166 3960 3 4177 1146 4166 
3 3960 4166 1014 3 764 3931 3007 3 3931 4043 3007 3 3931 1191 4043 3 3007 4043 1050 
3 950 4102 1898 3 4102 4028 1898 3 4102 1148 4028 3 1898 4028 432 3 854 4191 3694 
3 4191 3975 3694 3 4191 1141 3975 3 3694 3975 532 3 653 4146 3833 3 4146 4116 3833 
3 4146 1069 4116 3 3833 4116 655 3 675 2220 3498 3 2220 4192 3498 3 2220 1199 4192 
3 3498 4192 726 3 426 3756 3438 3 3756 3763 3438 3 3756 1181 3763 3 3438 3763 440 
3 1030 1460 3242 3 1460 4120 3242 3 1460 1095 4120 3 3242 4120 702 3 370 4178 3887 
3 4178 1838 3887 3 4178 1074 1838 3 3887 1838 867 3 456 1694 4164 3 1694 3076 4164 
3 1694 1111 3076 3 4164 3076 1035 3 747 1227 3333 3 1227 4108 3333 3 1227 1091 4108 
3 3333 4108 28 3 636 2261 2863 3 2261 3711 2863 3 2261 1185 3711 3 2863 3711 603 
3 738 4005 3826 3 4005 4093 3826 3 4005 1167 4093 3 3826 4093 510 3 1135 4193 3924 
3 4193 2341 3924 3 4193 1154 2341 3 3924 2341 911 3 773 4062 3573 3 4062 4111 3573 
3 4062 1169 4111 3 3573 4111 459 3 573 4107 3925 3 4107 3702 3925 3 4107 1120 3702 
3 3925 3702 578 3 595 4194 4060 3 4194 4171 4060 3 4194 1151 4171 3 4060 4171 993 
3 744 4195 3496 3 4195 3789 3496 3 4195 1189 3789 3 3496 3789 975 3 1059 1661 4125 
3 1661 4126 4125 3 1661 1106 4126 3 4125 4126 427 3 926 4104 1950 3 4104 3973 1950 
3 4104 1203 3973 3 1950 3973 814 3 719 4145 3676 3 4145 4194 3676 3 4145 1151 4194 
3 3676 4194 595 3 1024 3649 3788 3 3649 4196 3788 3 3649 1112 4196 3 3788 4196 798 
3 501 4143 3643 3 4143 4197 3643 3 4143 1123 4197 3 3643 4197 841 3 385 4153 3760 
3 4153 3950 3760 3 4153 1204 3950 3 3760 3950 388 3 715 4198 3487 3 4198 1352 3487 
3 4198 1172 1352 3 3487 1352 801 3 939 4122 3298 3 4122 4199 3298 3 4122 1173 4199 
3 3298 4199 844 3 54 4200 2295 3 4200 4019 2295 3 4200 1179 4019 3 2295 4019 861 
3 1108 4201 4184 3 4201 4080 4184 3 4201 1196 4080 3 4184 4080 782 3 1011 4202 3714 
3 4202 3937 3714 3 4202 1175 3937 3 3714 3937 628 3 713 1756 4039 3 1756 4124 4039 
3 1756 1129 4124 3 4039 4124 1078 3 765 4129 3840 3 4129 1730 3840 3 4129 1133 1730 
3 3840 1730 957 3 467 4190 1596 3 4190 4203 1596 3 4190 1166 4203 3 1596 4203 1056 
3 1065 4204 3809 3 4204 4110 3809 3 4204 1174 4110 3 3809 4110 686 3 1056 4203 3838 
3 4203 4183 3838 3 4203 1166 4183 3 3838 4183 751 3 487 4115 3302 3 4115 2836 3302 
3 4115 1163 2836 3 3302 2836 1015 3 842 4188 3525 3 4188 4205 3525 3 4188 1138 4205 
3 3525 4205 1119 3 940 4206 3832 3 4206 2123 3832 3 4206 1130 2123 3 3832 2123 941 
3 1062 4207 4158 3 4207 4067 4158 3 4207 1180 4067 3 4158 4067 56 3 726 4192 4208 
3 4192 2499 4208 3 4192 1199 2499 3 4208 2499 1098 3 1036 4209 3876 3 4209 4210 3876 
3 4209 1193 4210 3 3876 4210 608 3 650 3579 2357 3 3579 4174 2357 3 3579 1188 4174 
3 2357 4174 651 3 1015 2239 3861 3 2239 3996 3861 3 2239 1158 3996 3 3861 3996 722 
3 1041 4211 4140 3 4211 4209 4140 3 4211 1193 4209 3 4140 4209 1036 3 633 4212 3500 
3 4212 4011 3500 3 4212 1210 4011 3 3500 4011 512 3 855 2083 3956 3 2083 4213 3956 
3 2083 1147 4213 3 3956 4213 682 3 696 4214 4051 3 4214 4215 4051 3 4214 1115 4215 
3 4051 4215 1048 3 405 4216 3901 3 4216 4206 3901 3 4216 1130 4206 3 3901 4206 940 
3 1010 1683 4012 3 1683 4065 4012 3 1683 1134 4065 3 4012 4065 288 3 557 3577 3927 
3 3577 4201 3927 3 3577 1196 4201 3 3927 4201 1108 3 966 4217 3999 3 4217 3413 3999 
3 4217 1162 3413 3 3999 3413 443 3 1009 3351 3386 3 3351 4052 3386 3 3351 1164 4052 
3 3386 4052 421 3 841 4197 3404 3 4197 3823 3404 3 4197 1123 3823 3 3404 3823 1061 
3 761 1796 4046 3 1796 4214 4046 3 1796 1115 4214 3 4046 4214 696 3 1077 4218 2195 
3 4218 4123 2195 3 4218 1168 4123 3 2195 4123 529 3 982 2183 4099 3 2183 1357 4099 
3 2183 1139 1357 3 4099 1357 783 3 405 3972 4216 3 3972 4219 4216 3 3972 1132 4219 
3 4216 4219 1130 3 1016 1466 2460 3 1466 4220 2460 3 1466 1154 4220 3 2460 4220 633 
3 1130 4219 2937 3 4219 3807 2937 3 4219 1132 3807 3 2937 3807 768 3 838 4142 3592 
3 4142 3697 3592 3 4142 1159 3697 3 3592 3697 1019 3 644 3967 4069 3 3967 4221 4069 
3 3967 1208 4221 3 4069 4221 1112 3 1112 4221 4196 3 4221 3979 4196 3 4221 1208 3979 
3 4196 3979 798 3 1003 4222 3932 3 4222 1521 3932 3 4222 1147 1521 3 3932 1521 829 
3 770 1720 2818 3 1720 4223 2818 3 1720 1184 4223 3 2818 4223 995 3 730 3226 4037 
3 3226 4185 4037 3 3226 1156 4185 3 4037 4185 731 3 1022 2394 3684 3 2394 4096 3684 
3 2394 1149 4096 3 3684 4096 494 3 775 4148 1685 3 4148 4217 1685 3 4148 1162 4217 
3 1685 4217 966 3 1101 4157 2185 3 4157 4181 2185 3 4157 1142 4181 3 2185 4181 759 
3 1034 4224 4182 3 4224 4225 4182 3 4224 1170 4225 3 4182 4225 854 3 755 1908 1510 
3 1908 4179 1510 3 1908 1192 4179 3 1510 4179 991 3 788 4226 3269 3 4226 3899 3269 
3 4226 1186 3899 3 3269 3899 812 3 865 3275 3179 3 3275 4211 3179 3 3275 1193 4211 
3 3179 4211 1041 3 600 3843 4042 3 3843 3143 4042 3 3843 1209 3143 3 4042 3143 598 
3 1141 4227 2510 3 4227 2280 2510 3 4227 1170 2280 3 2510 2280 148 3 1098 2211 4208 
3 2211 4187 4208 3 2211 1138 4187 3 4208 4187 726 3 608 4210 4090 3 4210 3274 4090 
3 4210 1193 3274 3 4090 3274 1118 3 649 4159 3965 3 4159 4228 3965 3 4159 1171 4228 
3 3965 4228 1029 3 1052 3518 2311 3 3518 4198 2311 3 3518 1172 4198 3 2311 4198 715 
3 995 4223 4074 3 4223 2496 4074 3 4223 1184 2496 3 4074 2496 567 3 816 4156 4070 
3 4156 4229 4070 3 4156 1195 4229 3 4070 4229 743 3 1019 4230 3593 3 4230 4202 3593 
3 4230 1175 4202 3 3593 4202 1011 3 766 4020 3883 3 4020 4231 3883 3 4020 1179 4231 
3 3883 4231 1062 3 682 4213 4025 3 4213 4222 4025 3 4213 1147 4222 3 4025 4222 1003 
3 1166 4189 4163 3 4189 1857 4163 3 4189 1211 1857 3 4163 1857 456 3 810 1472 4232 
3 1472 3559 4232 3 1472 1183 3559 3 4232 3559 1182 3 879 3748 3411 3 3748 3868 3411 
3 3748 1127 3868 3 3411 3868 1126 3 748 3957 4068 3 3957 4218 4068 3 3957 1168 4218 
3 4068 4218 1077 3 1119 4205 4024 3 4205 4112 4024 3 4205 1138 4112 3 4024 4112 17 
3 1186 4233 4161 3 4233 2071 4161 3 4233 1187 2071 3 4161 2071 597 3 854 4225 4191 
3 4225 4227 4191 3 4225 1170 4227 3 4191 4227 1141 3 391 2222 4113 3 2222 3928 4113 
3 2222 1202 3928 3 4113 3928 1006 3 844 4199 3537 3 4199 3850 3537 3 4199 1173 3850 
3 3537 3850 1104 3 1048 4215 2914 3 4215 2425 2914 3 4215 1115 2425 3 2914 2425 574 
3 633 4220 4234 3 4220 4193 4234 3 4220 1154 4193 3 4234 4193 1135 3 744 3207 4235 
3 3207 4204 4235 3 3207 1174 4204 3 4235 4204 1065 3 1118 3981 4091 3 3981 3803 4091 
3 3981 1127 3803 3 4091 3803 609 3 1065 4175 4235 3 4175 4195 4235 3 4175 1189 4195 
3 4235 4195 744 3 809 3892 3628 3 3892 4236 3628 3 3892 1175 4236 3 3628 4236 992 
3 810 4232 4136 3 4232 3890 4136 3 4232 1182 3890 3 4136 3890 809 3 335 2281 2537 
3 2281 4224 2537 3 2281 1170 4224 3 2537 4224 1034 3 1029 4228 3857 3 4228 4237 3857 
3 4228 1171 4237 3 3857 4237 1102 3 54 2675 4200 3 2675 4238 4200 3 2675 1180 4238 
3 4200 4238 1179 3 817 3316 4097 3 3316 4086 4097 3 3316 1194 4086 3 4097 4086 1055 
3 871 3920 4168 3 3920 4239 4168 3 3920 1210 4239 3 4168 4239 1135 3 1102 4237 4240 
3 4237 3189 4240 3 4237 1171 3189 3 4240 3189 745 3 1135 4239 4234 3 4239 4212 4234 
3 4239 1210 4212 3 4234 4212 633 3 745 1702 4240 3 1702 3987 4240 3 1702 1178 3987 
3 4240 3987 1102 3 1179 4238 4231 3 4238 4207 4231 3 4238 1180 4207 3 4231 4207 1062 
3 6 4083 2997 3 4083 4180 2997 3 4083 1190 4180 3 2997 4180 1142 3 743 4229 4100 
3 4229 4176 4100 3 4229 1195 4176 3 4100 4176 1082 3 1017 4095 3930 3 4095 4141 3930 
3 4095 1159 4141 3 3930 4141 1005 3 992 4236 2820 3 4236 4230 2820 3 4236 1175 4230 
3 2820 4230 1019 3 788 3198 4226 3 3198 4233 4226 3 3198 1187 4233 3 4226 4233 1186 
3 39 1703 153 3 1703 1664 153 3 1703 745 1664 3 153 1664 38 3 93 94 4241 
3 94 95 4241 3 94 10 95 3 4241 95 11 3 11 1669 4241 3 1669 3334 4241 
3 1669 772 3334 3 4241 3334 93 3 13 2144 97 3 2144 3558 97 3 2144 508 3558 
3 97 3558 12 3 14 4242 98 3 4242 1929 98 3 4242 832 1929 3 98 1929 13 
3 15 2438 99 3 2438 4242 99 3 2438 832 4242 3 99 4242 14 3 183 2676 182 
3 2676 181 182 3 2676 54 181 3 182 181 55 3 71 3590 225 3 3590 1791 225 
3 3590 610 1791 3 225 1791 224 3 563 1280 3995 3 1280 4167 3995 3 1280 914 4167 
3 3995 4167 560 3 837 1283 3991 3 1283 4053 3991 3 1283 1073 4053 3 3991 4053 836 

CELL_TYPES 8240
5
5
5
5
5
5
5
5
5
5
5
5
5
5
5
5
5
5
5
5
5
5
5
5
5
5
5
5
5
5
5
5
5
5
5
5
5
5
5
5
5
5
5
5
5
5
5
5
5
5
5
5
5
5
5
5
5
5
5
5
5
5
5
5
5
5
5
5
5
5
5
5
5
5
5
5
5
5
5
5
5
5
5
5
5
5
5
5
5
5
5
5
5
5
5
5
5
5
5
5
5
5
5
5
5
5
5
5
5
5
5
5
5
5
5
5
5
5
5
5
5
5
5
5
5
5
5
5
5
5
5
5
5
5
5
5
5
5
5
5
5
5
5
5
5
5
5
5
5
5
5
5
5
5
5
5
5
5
5
5
5
5
5
5
5
5
5
5
5
5
5
5
5
5
5
5
5
5
5
5
5
5
5
5
5
5
5
5
5
5
5
5
5
5
5
5
5
5
5
5
5
5
5
5
5
5
5
5
5
5
5
5
5
5
5
5
5
5
5
5
5
5
5
5
5
5
5
5
5
5
5
5
5
5
5
5
5
5
5
5
5
5
5
5
5
5
5
5
5
5
5
5
5
5
5
5
5
5
5
5
5
5
5
5
5
5
5
5
5
5
5
5
5
5
5
5
5
5
5
5
5
5
5
5
5
5
5
5
5
5
5
5
5
5
5
5
5
5
5
5
5
5
5
5
5
5
5
5
5
5
5
5
5
5
5
5
5
5
5
5
5
5
5
5
5
5
5
5
5
5
5
5
5
5
5
5
5
5
5
5
5
5
5
5
5
5
5
5
5
5
5
5
5
5
5
5
5
5
5
5
5
5
5
5
5
5
5
5
5
5
5
5
5
5
5
5
5
5
5
5
5
5
5
5
5
5
5
5
5
5
5
5
5
5
5
5
5
5
5
5
5
5
5
5
5
5
5
5
5
5
5
5
5
5
5
5
5
5
5
5
5
5
5
5
5
5
5
5
5
5
5
5
5
5
5
5
5
5
5
5
5
5
5
5
5
5
5
5
5
5
5
5
5
5
5
5
5
5
5
5
5
5
5
5
5
5
5
5
5
5
5
5
5
5
5
5
5
5
5
5
5
5
5
5
5
5
5
5
5
5
5
5
5
5
5
5
5
5
5
5
5
5
5
5
5
5
5
5
5
5
5
5
5
5
5
5
5
5
5
5
5
5
5
5
5
5
5
5
5
5
5
5
5
5
5
5
5
5
5
5
5
5
5
5
5
5
5
5
5
5
5
5
5
5
5
5
5
5
5
5
5
5
5
5
5
5
5
5
5
5
5
5
5
5
5
5
5
5
5
5
5
5
5
5
5
5
5
5
5
5
5
5
5
5
5
5
5
5
5
5
5
5
5
5
5
5
5
5
5
5
5
5
5
5
5
5
5
5
5
5
5
5
5
5
5
5
5
5
5
5
5
5
5
5
5
5
5
5
5
5
5
5
5
5
5
5
5
5
5
5
5
5
5
5
5
5
5
5
5
5
5
5
5
5
5
5
5
5
5
5
5
5
5
5
5
5
5
5
5
5
5
5
5
5
5
5
5
5
5
5
5
5
5
5
5
5
5
5
5
5
5
5
5
5
5
5
5
5
5
5
5
5
5
5
5
5
5
5
5
5
5
5
5
5
5
5
5
5
5
5
5
5
5
5
5
5
5
5
5
5
5
5
5
5
5
5
5
5
5
5
5
5
5
5
5
5
5
5
5
5
5
5
5
5
5
5
5
5
5
5
5
5
5
5
5
5
5
5
5
5
5
5
5
5
5
5
5
5
5
5
5
5
5
5
5
5
5
5
5
5
5
5
5
5
5
5
5
5
5
5
5
5
5
5
5
5
5
5
5
5
5
5
5
5
5
5
5
5
5
5
5
5
5
5
5
5
5
5
5
5
5
5
5
5
5
5
5
5
5
5
5
5
5
5
5
5
5
5
5
5
5
5
5
5
5
5
5
5
5
5
5
5
5
5
5
5
5
5
5
5
5
5
5
5
5
5
5
5
5
5
5
5
5
5
5
5
5
5
5
5
5
5
5
5
5
5
5
5
5
5
5
5
5
5
5
5
5
5
5
5
5
5
5
5
5
5
5
5
5
5
5
5
5
5
5
5
5
5
5
5
5
5
5
5
5
5
5
5
5
5
5
5
5
5
5
5
5
5
5
5
5
5
5
5
5
5
5
5
5
5
5
5
5
5
5
5
5
5
5
5
5
5
5
5
5
5
5
5
5
5
5
5
5
5
5
5
5
5
5
5
5
5
5
5
5
5
5
5
5
5
5
5
5
5
5
5
5
5
5
5
5
5
5
5
5
5
5
5
5
5
5
5
5
5
5
5
5
5
5
5
5
5
5
5
5
5
5
5
5
5
5
5
5
5
5
5
5
5
5
5
5
5
5
5
5
5
5
5
5
5
5
5
5
5
5
5
5
5
5
5
5
5
5
5
5
5
5
5
5
5
5
5
5
5
5
5
5
5
5
5
5
5
5
5
5
5
5
5
5
5
5
5
5
5
5
5
5
5
5
5
5
5
5
5
5
5
5
5
5
5
5
5
5
5
5
5
5
5
5
5
5
5
5
5
5
5
5
5
5
5
5
5
5
5
5
5
5
5
5
5
5
5
5
5
5
5
5
5
5
5
5
5
5
5
5
5
5
5
5
5
5
5
5
5
5
5
5
5
5
5
5
5
5
5
5
5
5
5
5
5
5
5
5
5
5
5
5
5
5
5
5
5
5
5
5
5
5
5
5
5
5
5
5
5
5
5
5
5
5
5
5
5
5
5
5
5
5
5
5
5
5
5
5
5
5
5
5
5
5
5
5
5
5
5
5
5
5
5
5
5
5
5
5
5
5
5
5
5
5
5
5
5
5
5
5
5
5
5
5
5
5
5
5
5
5
5
5
5
5
5
5
5
5
5
5
5
5
5
5
5
5
5
5
5
5
5
5
5
5
5
5
5
5
5
5
5
5
5
5
5
5
5
5
5
5
5
5
5
5
5
5
5
5
5
5
5
5
5
5
5
5
5
5
5
5
5
5
5
5
5
5
5
5
5
5
5
5
5
5
5
5
5
5
5
5
5
5
5
5
5
5
5
5
5
5
5
5
5
5
5
5
5
5
5
5
5
5
5
5
5
5
5
5
5
5
5
5
5
5
5
5
5
5
5
5
5
5
5
5
5
5
5
5
5
5
5
5
5
5
5
5
5
5
5
5
5
5
5
5
5
5
5
5
5
5
5
5
5
5
5
5
5
5
5
5
5
5
5
5
5
5
5
5
5
5
5
5
5
5
5
5
5
5
5
5
5
5
5
5
5
5
5
5
5
5
5
5
5
5
5
5
5
5
5
5
5
5
5
5
5
5
5
5
5
5
5
5
5
5
5
5
5
5
5
5
5
5
5
5
5
5
5
5
5
5
5
5
5
5
5
5
5
5
5
5
5
5
5
5
5
5
5
5
5
5
5
5
5
5
5
5
5
5
5
5
5
5
5
5
5
5
5
5
5
5
5
5
5
5
5
5
5
5
5
5
5
5
5
5
5
5
5
5
5
5
5
5
5
5
5
5
5
5
5
5
5
5
5
5
5
5
5
5
5
5
5
5
5
5
5
5
5
5
5
5
5
5
5
5
5
5
5
5
5
5
5
5
5
5
5
5
5
5
5
5
5
5
5
5
5
5
5
5
5
5
5
5
5
5
5
5
5
5
5
5
5
5
5
5
5
5
5
5
5
5
5
5
5
5
5
5
5
5
5
5
5
5
5
5
5
5
5
5
5
5
5
5
5
5
5
5
5
5
5
5
5
5
5
5
5
5
5
5
5
5
5
5
5
5
5
5
5
5
5
5
5
5
5
5
5
5
5
5
5
5
5
5
5
5
5
5
5
5
5
5
5
5
5
5
5
5
5
5
5
5
5
5
5
5
5
5
5
5
5
5
5
5
5
5
5
5
5
5
5
5
5
5
5
5
5
5
5
5
5
5
5
5
5
5
5
5
5
5
5
5
5
5
5
5
5
5
5
5
5
5
5
5
5
5
5
5
5
5
5
5
5
5
5
5
5
5
5
5
5
5
5
5
5
5
5
5
5
5
5
5
5
5
5
5
5
5
5
5
5
5
5
5
5
5
5
5
5
5
5
5
5
5
5
5
5
5
5
5
5
5
5
5
5
5
5
5
5
5
5
5
5
5
5
5
5
5
5
5
5
5
5
5
5
5
5
5
5
5
5
5
5
5
5
5
5
5
5
5
5
5
5
5
5
5
5
5
5
5
5
5
5
5
5
5
5
5
5
5
5
5
5
5
5
5
5
5
5
5
5
5
5
5
5
5
5
5
5
5
5
5
5
5
5
5
5
5
5
5
5
5
5
5
5
5
5
5
5
5
5
5
5
5
5
5
5
5
5
5
5
5
5
5
5
5
5
5
5
5
5
5
5
5
5
5
5
5
5
5
5
5
5
5
5
5
5
5
5
5
5
5
5
5
5
5
5
5
5
5
5
5
5
5
5
5
5
5
5
5
5
5
5
5
5
5
5
5
5
5
5
5
5
5
5
5
5
5
5
5
5
5
5
5
5
5
5
5
5
5
5
5
5
5
5
5
5
5
5
5
5
5
5
5
5
5
5
5
5
5
5
5
5
5
5
5
5
5
5
5
5
5
5
5
5
5
5
5
5
5
5
5
5
5
5
5
5
5
5
5
5
5
5
5
5
5
5
5
5
5
5
5
5
5
5
5
5
5
5
5
5
5
5
5
5
5
5
5
5
5
5
5
5
5
5
5
5
5
5
5
5
5
5
5
5
5
5
5
5
5
5
5
5
5
5
5
5
5
5
5
5
5
5
5
5
5
5
5
5
5
5
5
5
5
5
5
5
5
5
5
5
5
5
5
5
5
5
5
5
5
5
5
5
5
5
5
5
5
5
5
5
5
5
5
5
5
5
5
5
5
5
5
5
5
5
5
5
5
5
5
5
5
5
5
5
5
5
5
5
5
5
5
5
5
5
5
5
5
5
5
5
5
5
5
5
5
5
5
5
5
5
5
5
5
5
5
5
5
5
5
5
5
5
5
5
5
5
5
5
5
5
5
5
5
5
5
5
5
5
5
5
5
5
5
5
5
5
5
5
5
5
5
5
5
5
5
5
5
5
5
5
5
5
5
5
5
5
5
5
5
5
5
5
5
5
5
5
5
5
5
5
5
5
5
5
5
5
5
5
5
5
5
5
5
5
5
5
5
5
5
5
5
5
5
5
5
5
5
5
5
5
5
5
5
5
5
5
5
5
5
5
5
5
5
5
5
5
5
5
5
5
5
5
5
5
5
5
5
5
5
5
5
5
5
5
5
5
5
5
5
5
5
5
5
5
5
5
5
5
5
5
5
5
5
5
5
5
5
5
5
5
5
5
5
5
5
5
5
5
5
5
5
5
5
5
5
5
5
5
5
5
5
5
5
5
5
5
5
5
5
5
5
5
5
5
5
5
5
5
5
5
5
5
5
5
5
5
5
5
5
5
5
5
5
5
5
5
5
5
5
5
5
5
5
5
5
5
5
5
5
5
5
5
5
5
5
5
5
5
5
5
5
5
5
5
5
5
5
5
5
5
5
5
5
5
5
5
5
5
5
5
5
5
5
5
5
5
5
5
5
5
5
5
5
5
5
5
5
5
5
5
5
5
5
5
5
5
5
5
5
5
5
5
5
5
5
5
5
5
5
5
5
5
5
5
5
5
5
5
5
5
5
5
5
5
5
5
5
5
5
5
5
5
5
5
5
5
5
5
5
5
5
5
5
5
5
5
5
5
5
5
5
5
5
5
5
5
5
5
5
5
5
5
5
5
5
5
5
5
5
5
5
5
5
5
5
5
5
5
5
5
5
5
5
5
5
5
5
5
5
5
5
5
5
5
5
5
5
5
5
5
5
5
5
5
5
5
5
5
5
5
5
5
5
5
5
5
5
5
5
5
5
5
5
5
5
5
5
5
5
5
5
5
5
5
5
5
5
5
5
5
5
5
5
5
5
5
5
5
5
5
5
5
5
5
5
5
5
5
5
5
5
5
5
5
5
5
5
5
5
5
5
5
5
5
5
5
5
5
5
5
5
5
5
5
5
5
5
5
5
5
5
5
5
5
5
5
5
5
5
5
5
5
5
5
5
5
5
5
5
5
5
5
5
5
5
5
5
5
5
5
5
5
5
5
5
5
5
5
5
5
5
5
5
5
5
5
5
5
5
5
5
5
5
5
5
5
5
5
5
5
5
5
5
5
5
5
5
5
5
5
5
5
5
5
5
5
5
5
5
5
5
5
5
5
5
5
5
5
5
5
5
5
5
5
5
5
5
5
5
5
5
5
5
5
5
5
5
5
5
5
5
5
5
5
5
5
5
5
5
5
5
5
5
5
5
5
5
5
5
5
5
5
5
5
5
5
5
5
5
5
5
5
5
5
5
5
5
5
5
5
5
5
5
5
5
5
5
5
5
5
5
5
5
5
5
5
5
5
5
5
5
5
5
5
5
5
5
5
5
5
5
5
5
5
5
5
5
5
5
5
5
5
5
5
5
5
5
5
5
5
5
5
5
5
5
5
5
5
5
5
5
5
5
5
5
5
5
5
5
5
5
5
5
5
5
5
5
5
5
5
5
5
5
5
5
5
5
5
5
5
5
5
5
5
5
5
5
5
5
5
5
5
5
5
5
5
5
5
5
5
5
5
5
5
5
5
5
5
5
5
5
5
5
5
5
5
5
5
5
5
5
5
5
5
5
5
5
5
5
5
5
5
5
5
5
5
5
5
5
5
5
5
5
5
5
5
5
5
5
5
5
5
5
5
5
5
5
5
5
5
5
5
5
5
5
5
5
5
5
5
5
5
5
5
5
5
5
5
5
5
5
5
5
5
5
5
5
5
5
5
5
5
5
5
5
5
5
5
5
5
5
5
5
5
5
5
5
5
5
5
5
5
5
5
5
5
5
5
5
5
5
5
5
5
5
5
5
5
5
5
5
5
5
5
5
5
5
5
5
5
5
5
5
5
5
5
5
5
5
5
5
5
5
5
5
5
5
5
5
5
5
5
5
5
5
5
5
5
5
5
5
5
5
5
5
5
5
5
5
5
5
5
5
5
5
5
5
5
5
5
5
5
5
5
5
5
5
5
5
5
5
5
5
5
5
5
5
5
5
5
5
5
5
5
5
5
5
5
5
5
5
5
5
5
5
5
5
5
5
5
5
5
5
5
5
5
5
5
5
5
5
5
5
5
5
5
5
5
5
5
5
5
5
5
5
5
5
5
5
5
5
5
5
5
5
5
5
5
5
5
5
5
5
5
5
5
5
5
5
5
5
5
5
5
5
5
5
5
5
5
5
5
5
5
5
5
5
5
5
5
5
5
5
5
5
5
5
5
5
5
5
5
5
5
5
5
5
5
5
5
5
5
5
5
5
5
5
5
5
5
5
5
5
5
5
5
5
5
5
5
5
5
5
5
5
5
5
5
5
5
5
5
5
5
5
5
5
5
5
5
5
5
5
5
5
5
5
5
5
5
5
5
5
5
5
5
5
5
5
5
5
5
5
5
5
5
5
5
5
5
5
5
5
5
5
5
5
5
5
5
5
5
5
5
5
5
5
5
5
5
5
5
5
5
5
5
5
5
5
5
5
5
5
5
5
5
5
5
5
5
5
5
5
5
5
5
5
5
5
5
5
5
5
5
5
5
5
5
5
5
5
5
5
5
5
5
5
5
5
5
5
5
5
5
5
5
5
5
5
5
5
5
5
5
5
5
5
5
5
5
5
5
5
5
5
5
5
5
5
5
5
5
5
5
5
5
5
5
5
5
5
5
5
5
5
5
5
5
5
5
5
5
5
5
5
5
5
5
5
5
5
5
5
5
5
5
5
5
5
5
5
5
5
5
5
5
5
5
5
5
5
5
5
5
5
5
5
5
5
5
5
5
5
5
5
5
5
5
5
5
5
5
5
5
5
5
5
5
5
5
5
5
5
5
5
5
5
5
5
5
5
5
5
5
5
5
5
5
5
5
5
5
5
5
5
5
5
5
5
5
5
5
5
5
5
5
5
5
5
5
5
5
5
5
5
5
5
5
5
5
5
5
5
5
5
5
5
5
5
5
5
5
5
5
5
5
5
5
5
5
5
5
5
5
5
5
5
5
5
5
5
5
5
5
5
5
5
5
5
5
5
5
5
5
5
5
5
5
5
5
5
5
5
5
5
5
5
5
5
5
5
5
5
5
5
5
5
5
5
5
5
5
5
5
5
5
5
5
5
5
5
5
5
5
5
5
5
5
5
5
5
5
5
5
5
5
5
5
5
5
5
5
5
5
5
5
5
5
5
5
5
5
5
5
5
5
5
5
5
5
5
5
5
5
5
5
5
5
5
5
5
5
5
5
5
5
5
5
5
5
5
5
5
5
5
5
5
5
5
5
5
5
5
5
5
5
5
5
5
5
5
5
5
5
5
5
5
5
5
5
5
5
5
5
5
5
5
5
5
5
5
5
5
5
5
5
5
5
5
5
5
5
5
5
5
5
5
5
5
5
5
5
5
5
5
5
5
5
5
5
5
5
5
5
5
5
5
5
5
5
5
5
5
5
5
5
5
5
5
5
5
5
5
5
5
5
5
5
5
5
5
5
5
5
5
5
5
5
5
5
5
5
5
5
5
5
5
5
5
5
5
5
5
5
5
5
5
5
5
5
5
5
5
5
5
5
5
5
5
5
5
5
5
5
5
5
5
5
5
5
5
5
5
5
5
5
5
5
5
5
5
5
5
5
5
5
5
5
5
5
5
5
5
5
5
5
5
5
5
5
5
5
5
5
5
5
5
5
5
5
5
5
5
5
5
5
5
5
5
5
5
5
5
5
5
5
5
5
5
5
5
5
5
5
5
5
5
5
5
5
5
5
5
5
5
5
5
5
5
5
5
5
5
5
5
5
5
5
5
5
5
5
5
5
5
5
5
5
5
5
5
5
5
5
5
5
5
5
5
5
5
5
5
5
5
5
5
5
5
5
5
5
5
5
5
5
5
5
5
5
5
5
5
5
5
5
5
5
5
5
5
5
5
5
5
5
5
5
5
5
5
5
5
5
5
5
5
5
5
5
5
5
5
5
5
5
5
5
5
5
5
5
5
5
5
5
5
5
5
5
5
5
5
5
5
5
5
5
5
5
5
5
5
5
5
5
5
5
5
5
5
5
5
5
5
5
5
5
5
5
5
5
5
5
5
5
5
5
5
5
5
5
5
5
5
5
5
5
5
5
5
5
5
5
5
5
5
5
5
5
5
5
5
5
5
5
5
5
5
5
5
5
5
5
5
5
5
5
5
5
5
5
5
5
5
5
5
5
5
5
5
5
5
5
5
5
5
5
5
5
5
5
5
5
5
5
5
5
5
5
5
5
5
5
5
5
5
5
5
5
5
5
5
5
5
5
5
5
5
5
5
5
5
5
5
5
5
5
5
5
5
5
5
5
5
5
5
5
5
5
5
5
5
5
5
5
5
5
5
5
5
5
5
5
5
5
5
5
5
5
5
5
5
5
5
5
5
5
5
5
5
5
5
5
5
5
5
5
5
5
5
5
5
5
5
5
5
5
5
5
5
5
5
5
5
5
5
5
5
5
5
5
5
5
5
5
5
5
5
5
5
5
5
5
5
5
5
5
5
5
5
5
5
5
5
5
5
5
5
5
5
5
5
5
5
5
5
5
5
5
5
5
5
5
5
5
5
5
5
5
5
5
5
5
5
5
5
5
5
5
5
5
5
5
5
5
5
5
5
5
5
5
5
5
5
5
5
5
5
5
5
5
5
5
5
5
5
5
5
5
5
5
5
5
5
5
5
5
5
5
5
5
5
5
5
5
5
5
5
5
5
5
5
5
5
5
5
5
5
5
5
5
5
5
5
5
5
5
5
5
5
5
5
5
5
5
5
5
5
5
5
5
5
5
5
5
5
5
5
5
5
5
5
5
5
5
5
5
5
5
5
5
5
5
5
5
5
5
5
5
5
5
5
5
5
5
5
5
5
5
5
5
5
5
5
5
5
5
5
5
5
5
5
5
5
5
5
5
5
5
5
5
5
5
5
5
5
5
5
5
5
5
5
5
5
5
5
5
5
5
5
5
5
5
5
5
5
5
5
5
5
5
5
5
5
5
5
5
5
5
5
5
5
5
5
5
5
5
5
5
5
5
5
5
5
5
5
5
5
5
5
5
5
5
5
5
5
5
5
5
5
5
5
5
5
5
5
5
5
5
5
5
5
5
5
5
5
5
5
5
5
5
5
5
5
5
5
5
5
5
5
5
5
5
5
5
5
5
5
5
5
5
5
5
5
5
5
5
5
5
5
5
5
5
5
5
5
5
5
5
5
5
5
5
5
5
5
5
5
5
5
5
5
5
5
5
5
5
5
5
5
5
5
5
5
5
5
5
5
5
5
5
5
5
5
5
5
5
5
5
5
5
5
5
5
5
5
5
5
5
5
5
5
5
5
5
5
5
5
5
5
5
5
5
5
5
5
5
5
5
5
5
5
5
5
5
5
5
5
5
5
5
5
5
5
5
5
5
5
5
5
5
5
5
5
5
5
5
5
5
5
5
5
5
5
5
5
5
5
5
5
5
5
5
5
5
5
5
5
5
5
5
5
5
5
5
5
5
5
5
5
5
5
5
5
5
5
5
5
5
5
5
5
5
5
5
5
5
5
5
5
5
5
5
5
5
5
5
5
5
5
5
5
5
5
5
5
5
5
5
5
5
5
5
5
5
5
5
5
5
5
5
5
5
5
5
5
5
5
5
5
5
5
5
5
5
5
5
5
5
5
5
5
5
5
5
5
5
5
5
5
5
5
5
5
5
5
5
5
5
5
5
5
5
5
5
5
5
5
5
5
5
5
5
5
5
5
5
5
5
5
5
5
5
5
5
5
5
5
5
5
5
5
5
5
5
5
5
5
5
5
5
5
5
5
5
5
5
5
5
5
5
5
5
5
5
5
5
5
5
5
5
5
5
5
5
5
5
5
5
5
5
5
5
5
5
5
5
5
5
5
5
5
5
5
5
5
5
5
5
5
5
5
5
5
5
5
5
5
5
5
5
5
5
5
5
5
5
5
5
5
5
5
5
5
5
5
5
5
5
5
5
5
5
5
5
5
5
5
5
5
5
5
5
5
5
5
5
5
5
5
5
5
5
5
5
5
5
5
5
5
5
5
5
5
5
5
5
5
5
5
5
5
5
5
5
5
5
5
5
5
5
5
5
5
5
5
5
5
5
5
5
5
5
5
5
5
5
5
5
5
5
5
5
5
5
5
5
5
5
5
5
5
5
5
5
5
5
5
5
5
5
5
5
5
5
5
5
5
5
5
5
5
5
5
5
5
5
5
5
5
5
5
5
5
5
5
5
5
5
5
5
5
5
5
5
5
5
5
5
5
5
5
5
5
5
5
5
5
5
5
5
5
5
5
5
5
5
5
5
5
5
5
5
5
5
5
5
5
5
5
5
5
5
5
5
5
5
5
5
5
5
5
5
5
5
5
5
5
5
5
5
5
5
5
5
5
5
5
5
5
5
5
5
5
5
5
5
5
5
5
5
5
5
5
5
5
5
5
5
5
5
5
5
5
5
5
5
5
5
5
5
5
5
5
5
5
5
5
5
5
5
5
5
5
5
5
5
5
5
5
5
5
5
5
5
5
5
5
5
5
5
5
5
5
5
5
5
5
5
5
5
5
5
5
5
5
5
5
5
5
5
5
5
5
5
5
5
5
5
5
5
5
5
5
5
5
5
5
5
5
5
5
5
5
5
5
5
5
5
5
5
5
5
5
5
5
5
5
5
5
5
5
5
5
5
5
5
5
5
5
5
5
5
5
5
5
5
5
5
5
5
5
5
5
5
5
5
5
5
5
5
5
5
5
5
5
5
5
5
5
5
5
5
5
5
5
5
5
5
5
5
5
5
5
5
5
5
5
5
5
5
5
5
5
5
5
5
5
5
5
5
5
5
5
5
5
5
5
5
5
5
5
5
5
5
5
5
5
5
5
5
5
5
5
5
5
5
5
5
5
5
5
5
5
5
5
5
5
5
5
5
5
5
5
5
5
5
5
5
5
5
5
5
5
5
5
5
5
5
5
5
5
5
5
5
5
5
5
5
5
5
5
5
5
5
5
5
5
5
5
5
5
5
5
5
5
5
5
5
5
5
5
5
5
5
5
5
5
5
5
5
5
5
5
5
5
5
5
5
5
5
5
5
5
5
5
5
5
5
5
5
5
5
5
5
5
5
5
5
5
5
5
5
5
5
5
5
5
5
5
5
5
5
5
5
5
5
5
5
5
5
5
5
5
5
5
5
5
5
5
5
5
5
5
5
5
5
5
5
5
5
5
5
5
5
5
5
5
5
5
5
5
5
5
5
5
5
5
5
5
5
5
5
5
5
5
5
5
5
5
5
5
5
5
5
5
5
5
5
5
5
5
5
5
5
5
5
5
5
5
5
5
5
5
5
5
5
5
5
5
5
5
5
5
5
5
5
5
5
5
5
5
5
5
5
5
5
5
5
5
5
5
5
5
5
5
5
5
5
5
5
5
5
5
5
5
5
5
5
5
5
5
5
5
5
5
5
5
5
5
5
5
5
5
5
5
5
5
5
5
5
5
5
5
5
5
5
5
5
5
5
5
5
5
5
5
5
5
5
5
5
5
5
5
5
5
5
5
5
5
5
5
5
5
5
5
5
5
5
5
5
5
5
5
5
5
5
5
5
5
5
5
5
5
5
5
5
5
5
5
5
5
5
5
5
5
5
5
5
5
5
5
5
5
5
5
5
5
5
5
5
5
5
5
5
5
5
5
5
5
5
5
5
5
5
5
5
5
5
5
5
5
5
5
5
5
5
5
5
5
5
5
5
5
5
5
5
5
5
5
5
5
5
5
5
5
5
5
5
5
5
5
5
5
5
5
5
5
5
5
5
5
5
5
5
5
5
5
5
5
5
5
5
5
5
5
5
5
5
5
5
5
5
5
5
5
5
5
5
5
5
5
5
5
5
5
5
5
5
5
5
5
5
5
5
5
5
5
5
5
5
5
5
5
5
5
5
5
5
5
5
5
5
5
5
5
5
5
5
5
5
5
5
5
5
5
5
5
5
5
5
5
5
5
5
5
5
5
5
5
5
5
5
5
5
5
5
5
5
5
5
5
5
5
5
5
5
5
5
5
5
5
5
5
5
5
5
5
5
5
5
5
5
5
5
5
5
5
5
5
5
5
5
5
5
5
5
5
5
5
5
5
5
5
5
5
5
5
5
5
5
5
5
5
5
5
5
5
5
5
5
5
5
5
5
5
5
5
5
5
5
5
5
5
5
5
5
5
5
5
5
5
5
5
5
5
5
5
5
5
5
5
5
5
5
5
5
5
5
5
5
5
5
5
5
5
5
5
5
5
5
5
5
5
5
5
5
5
5
5
5
5
5
5
5
5
5
5
5
5
5
5
5
5
5
5
5
5
5
5
5
5
5
5
5
5
5
5
5
5
5
5
5
5
5
5
5
5
5
5
5
5
5
5
5
5
5
5
5
5
5
5
5
5
5
5
5
5
5
5
5
5
5
5
5
5
5
5
5
5
5
5
5
5
5
5
5
5
5
5
5
5
5
5
5
5
5
5
5
5
5
5
5
5
5
5
5
5
5
5
5
5
5
5
5
5
5
5
5
5
5
5
5
5
5
5
5
5
5
5
5
5
5
5
5
5
5
5
5
5
5
5
5
5
5
5
5
5
5
5
5
5
5
5
5
5
5
5
5
5
5
5
5
5
5
5
5
5
5
5
5
5
5
5
5
5
5
5
5
5
5
5
5
5
5
5
5
5
5
5
5
5
5
5
5
5
5
5
5
5
5
5
5
5
5
5
5
5
5
5
5
5
5
5
5
5
5
5
5
5
5
5
5
5
5
5
5
5
5
5
5
5
5
5
5
5
5
5
5
5
5
5
5
5
5
5
5
5
5
5
5
5
5
5
5
5
5
5
5
5
5
5
5
5
5
5
5
5
5
5
5
5
5
5
5
5
5
5
5
5
5
5
5
5
5
5
5
5
5
5
5
5
5
5
5
5
5
5
5
5
5
5
5
5
5
5
5
5
5
5
5
5
5
5
5
5
5
5
5
5
5
5
5
5
5
5
5
5
5
5
5
5
5
5
5
5
5
5
5
5
5
5
5
5
5
5
5
5
5
5
5
5
5
5
5
5
5
5
5
5
5
5
5
5
5
5
5
5
5
5
5
5
5
5
5
5
5
5
5
5
5
5
5
5
5
5
5
5
5
5
5
5
5
5
5
5
5
5
5
5
5
5
5
5
5
5
5
5
5
5
5
5
5
5
5
5
5
5
5
5
5
5
5
5
5
5
5
5
5
5
5
5
5
5
5
5
5
5
5
5
5
5
5
5
5
5
5
5
5
5
5
5
5
5
5
5
5
5
5
5
5
5
5
5
5
5
5
5
5
5
5
5
5
5
5
5
5
5
5
5
5
5
5
5
5
5
5
5
5
5
5
5
5
5
5
5
5
5
5
5
5
5
5
5
5
5
5
5
5
5
5
5
5
5
5
5
5
5
5
5
5
5
5
5
5
5
5
5
5
5
5
5
5
5
5
5
5
5
5
5
5
5
5
5
5
5
5
5
5
5
5
5
5
5
5
5
5
5
5
5
5
5
5
5
5
5
5
5
5
5
5
5
5
5
5
5
5
5
5
5
5
5
5
5
5
5
5
5
5
5
5
5
5
5
5
5
5
5
5
5
5
5
5
5
5
5
5
5
5
5
5
5
5
5
5
5
5
5
5
5
5
5
5
5
5
5
5
5
5
5
5
5
5
5
5
5
5
5
5
5
5
5
5
5
5
5
5
5
5
5
5
5
5
5
5
5
5
5
5
5
5
5
5
5
5
5
5
5
5
5
5
5
5
5
5
5
5
5
5
5
5
5
5
5
5
5
5
5
5
5
5
5
5
5
5
5
5
5
5
5
5
5
5
5
5
5
5
5
5
5
5
5
5
5
5
5
5
5
5
5
5
5
5
5
5
5
5
5
5
5
5
5
5
5
5
5
5
5
5
5
5
5
5
5
5
5
5
5
5
5
5
5
5
5
5
5
5
5
5
5
5
5
5
5
5
5
5
5
5
5
5
5
5
5
5
5
5
5
5
5
5
5
5
5
5
5
5
5
5
5
5
5
5
5
5
5
5
5
5
5
5
5
5
5
5
5
5
5
5
5
5
5
5
5
5
5
5
5
5
5
5
5
5
5
5
5
5
5
5
5
5
5
5
5
5
5
5
5
5
5
5
5
5
5
5
5
5
5
5
5
5
5
5
5
5
5
5
5
5
5
5
5
5
5
5
5
5
5
5
5
5
5
5
5
5
5
5
5
5
5
5
5
5
5
5
5
5
5
5
5
5
5
5
5
5
5
5
5
5
5
5
5
5
5
5
5
5
5
5
5
5
5
5
5
5
5
5
5
5
5
5
5
5
5
5
5
5
5
5
5
5
5
5
5
5
5
5
5
5
5
5
5
5
5
5
5
5
5
5
5
5
5
5
5
5
5
5
5
5
5
5
5
5
5
5
5
5
5
5
5
5
5
5
5
5
5
5
5
5
5
5
5
5
5
5
5
5
5
5
5
5
5
5
5
5
5
5
5
5
5
5
5
5
5
5
5
5
5
5
5
5
5
5
5
5
5
5
5
5
5
5
5
5
5
5
5
5
5
5
5
5
5
5
5
5
5
5
5
5
5
5
5
5
5
5
5
5
5
5
5
5
5
5
5
5
5
5
5
5
5
5
5
5
5
5
5
5
5
5
5
5
5
5
5
5
5
5
5
5
5
5
5
5
5
5
5
5
5
5
5
5
5
5
5
5
5
5
5
5
5
5
5
5
5
5
5
5
5
5
5
5
5
5
5
5
5
5
5
5
5
5
5
5
5
5
5
5
5
5
5
5
5
5
5
5
5
5
5
5
5
5
5
5
5
5
5
5
5
5
5
5
5
5
5
5
5
5
5
5
5
5
5
5
5
5
5
5
5
5
5
5
5
5
5
5
5
5
5
5
5
5
5
5
5
5
5
5
5
5
5
5
5
5
5
5
5
5
5
5
5
5
5
5
5
5
5
5
5
5
5
5
5
5
5
5
5
5
5
5
5
5
5
5
5
5
5
5
5
5
5
5
5
5
5
5
5
5
5
5
5
5
5
5
5
5
5
5
5
5
5
5
5
5
5
5
5
5
5
5
5
5
5
5
5
5
5
5
5
5
5
5
5
5
5
5
5
5
5
5
5
5
5
5
5
5
5
5
5
5
5
5
5
5
5
5
5
5
5
5
5
5
5
5
5
5
5
5
5
5
5
5
5
5
5
5
5
5
5
5
5
5
5
5
5
5
5
5
5
5
5
5
5
5
5
5
5
5
5
5
5
5
5
5
5
5
5
5
5
5
5
5
5
5
5
5
5
5
5
5
5
5
5
5
5
5
5
5
5
5
5
5
5
5
5
5
5
5
5
5
5
5
5
5
5
5
5
5
5
5
5
5
5
5
5
5
5
5
5
5
5
5
5
5
5
5
5
5
5
5
5
5
5
5
5
5
5
5
5
5
5
5
5
5
5
5
5
5
5
5
5
5
5
5
5
5
5
5
5
5
5
5
5
5
5
5
5
5
5
5
5
5
5
5
5
5
5
5
5
5
5
5
5
5
5
5
5
5
5
5
5
5
5
5
5
5
5
5
5
5
5
5
5
5
5
5
5
5
5
5
5
5
5
5
5
5
5
5
5
5
5
5
5
5
5
5
5
5
5
5
5
5
5
5
5
5
5
5
5
5
5
5
5
5
5
5
5
5
5
5
5
5
5
5
5
5
5
5
5
5
5
5
5
5
5
5
5
5
5
5
5
5
5
5
5
5
5
5
5
5
5
5
5
5
5
5
5
5
5
5
5
5
5
5
5
5
5
5
5
5
5
5
5
5
5
5
5
5
5
5
5
5
5
5
5
5
5
5
5
5
5
5
5
5
5
5
5
5
5
5
5
5
5
5
5
5
5
5
5
5
5
5
5
5
5
5
5
5
5
5
5
5
5
5
5
5
5
5
5
5
5
5
5
5
5
5
5
5
5
5
5
5
5
5
5
5
5
5
5
5
5
5
5
5
5
5
5
5
5
5
5
5
5
5
5
5
5
5
5
5
5
5
5
5
5
5
5
5
5
5
5
5
5
5
5
5
5
5
5
5
5
5
5
5
5
5
5
5
5
5
5
5
5
5
5
5
5
5
5
5
5
5
5
5
5
5
5
5
5
5
5
5
5
5
5
5
5
5
5
5
5
5
5
5
5
5
5
5
5
5
5
5
5
5
5
5
5
5
5
5
5
5
5
5
5
5
5
5
5
5
5
5
5
5
5
5
5
5
5
5
5
5
5
5
5
5
5
5
5
5
5
5
5
5
5
5
5
5
5
5
5
5
5
5
5
5
5
5
5
5
5
5
5
5
5
5
5
5
5
5
5
5
5
5
5
5
5
5
5
5
5
5
5
5
5
5
5
5
5
5
5
5
5
5
5
5
5
5
5
5
5
5
5
5
5
5
5
5
5
5
5
5
5
5
5
5
5
5
5
5
5
5
5
5
5
5
5
5
5
5
5
5
5
5
5
5
5
5
5
5
5
5
5
5
5
5
5
5
5
5
5
5
5
5
5
5
5
5
5
5
5
5
5
5
5
5
5
5
5
5
5
5
5
5
5
5
5
5
5
5
5
5
5
5
5
5
5
5
5
5
5
5
5
5
5
5
5
5
5
5
5
5
5
5
5
5
5
5
5
5
5
5
5
5
5
5
5
5
5
5
5
5
5
5
5
5
5
5
5
5
5
5
5
5
5
5
5
5
5
5
5
5
5
5
5
5
5
5
5
5
5
5
5
5
5
5
5
5
5
5
5
5
5
5
5
5
5
5
5
5
5
5
5
5
5
5
5
5
5
5
5
5
5
5
5
5
5
5
5
5
5
5
5
5
5
5
5
5
5
5
5
5
5
5
5
5
5
5
5
5
5
5
5
5
5
5
5
5
5
5
5
5
5
5
5
5
5
5
5
5
5
5
5
5
5
5
5
5
5
5
5
5
5
5
5
5
5
5
5
5
5
5
5
5
5
5
5
5
5
5
5
5
5
5
5
5
5
5
5
5
5
5
5
5
5
5
5
5
5
5
5
5
5
5
5
5
5
5
5
5
5
5
5
5
5
5
5
5
5
5
5
5
5
5
5
5
5
5
5
5
5
5
5
5
5
5
5
5
5
5
5
5
5
5
5
5
5
5
5
5
5
5
5
5
5
5
5
5
5
5
5
5
5
5
5
5
5
5
5
5
5
5
5
5
5
5
5
5
5
5
5
5
5
5
5
5
5
5
5
5
5
5
5
5
5
5
5
5
5
5
5
5
5
5
5
5
5
5
5
5
5
5
5
5
5
5
5
5
5
5
5
5
5
5
5
5
5
5
5
5
5
5
5
5
5
5
5
5
5
5
5
5
5
5
5
5
POINT_DATA 4243
SCALARS NORMAL double 3
LOOKUP_TABLE default
-24.5238 -23.7255 0 
-24.0476 -22.2549 0 
-23.3333 -21.0784 0 
-24.5238 -20.6863 0 
-24.881 -18.7255 0 
-25.5952 -17.1569 0 
-26.4286 -15.6863 0 
-27.5 -15 0 
-26.3095 -12.9412 0 
-28.3333 -12.549 0 
-30.2381 -13.2353 0 
-30.3571 -11.2745 0 
-30.3571 -10.098 0 
-31.9048 -9.21569 0 
-32.5 -9.60784 0 
-33.2143 -7.94118 0 
-31.7857 -6.27451 0 
-30.119 -5.68627 0 
-30.119 -3.92157 0 
-26.7857 -3.33333 0 
-25.5952 -4.01961 0 
-22.7381 -2.54902 0 
-19.881 -2.54902 0 
-16.1905 -1.56863 0 
-15.3571 -0.0980392 0 
-15.5952 2.2549 0 
-13.9286 2.7451 0 
-13.6905 4.5098 0 
-12.381 4.41176 0 
-12.9762 6.86275 0 
-13.3333 9.01961 0 
-8.45238 10.1961 0 
-4.7619 11.1765 0 
-2.61905 9.41176 0 
-1.30952 7.7451 0 
0.238095 7.84314 0 
1.07143 6.66667 0 
3.57143 4.70588 0 
5.95238 4.01961 0 
7.7381 3.23529 0 
7.85714 0.784314 0 
8.21429 0.0980392 0 
10.5952 7.10543e-15 0 
11.1905 1.17647 0 
13.3333 -0.588235 0 
14.0476 -1.17647 0 
13.9286 -2.15686 0 
11.7857 -2.15686 0 
9.28571 -3.13725 0 
8.21429 -1.96078 0 
7.02381 -2.54902 0 
6.78571 -4.31373 0 
5.71429 -5.88235 0 
3.92857 -7.05882 0 
4.16667 -8.43137 0 
6.07143 -9.01961 0 
3.80952 -10.5882 0 
3.57143 -12.549 0 
-3.55271e-15 -13.8235 0 
-3.69048 -14.6078 0 
-4.40476 -17.451 0 
-4.64286 -18.9216 0 
-2.38095 -20.098 0 
-2.38095 -21.5686 0 
-4.04762 -23.6275 0 
-4.7619 -25.5882 0 
-3.21429 -27.6471 0 
-6.07143 -28.4314 0 
-10.2381 -27.549 0 
-13.9286 -27.1569 0 
-16.5476 -28.7255 0 
-19.2857 -27.1569 0 
-21.3095 -26.8627 0 
-22.0238 -25.7843 0 
-24.2857 -26.1765 0 
-24.1667 -25.3922 0 
-25.2381 -26.0784 0 
-24.5238 -23.7255 0 
-3.55271e-15 7.10543e-15 0 
-24.2857 -22.9902 0 
-23.6905 -21.6667 0 
-23.9286 -20.8824 0 
-24.7024 -19.7059 0 
-25.2381 -17.9412 0 
-26.0119 -16.4216 0 
-26.9643 -15.3431 0 
-27.2024 -14.4853 0 
-26.9048 -13.9706 0 
-26.6071 -13.4559 0 
-26.8155 -12.8431 0 
-27.3214 -12.7451 0 
-27.8274 -12.6471 0 
-28.8095 -12.7206 0 
-29.2857 -12.8922 0 
-29.7619 -13.0637 0 
-30.2976 -12.2549 0 
-30.3571 -10.6863 0 
-31.131 -9.65686 0 
-32.2024 -9.41176 0 
-32.8571 -8.77451 0 
-32.8571 -7.52451 0 
-32.5 -7.10784 0 
-32.1429 -6.69118 0 
-30.9524 -5.98039 0 
-30.119 -4.80392 0 
-29.2857 -3.77451 0 
-28.4524 -3.62745 0 
-27.619 -3.48039 0 
-26.1905 -3.67647 0 
-24.881 -3.65196 0 
-24.1667 -3.28431 0 
-23.4524 -2.91667 0 
-22.0238 -2.54902 0 
-21.3095 -2.54902 0 
-20.5952 -2.54902 0 
-18.9583 -2.30392 0 
-18.0357 -2.05882 0 
-17.1131 -1.81373 0 
-15.7738 -0.833333 0 
-15.4167 0.490196 0 
-15.4762 1.07843 0 
-15.5357 1.66667 0 
-14.7619 2.5 0 
-13.8095 3.62745 0 
-13.0357 4.46078 0 
-12.5298 5.02451 0 
-12.6786 5.63725 0 
-12.8274 6.25 0 
-13.0655 7.40196 0 
-13.1548 7.94118 0 
-13.244 8.48039 0 
-12.5198 9.21569 0 
-11.7063 9.41176 0 
-10.8929 9.60784 0 
-10.0794 9.80392 0 
-9.26587 10 0 
-7.52976 10.4412 0 
-6.60714 10.6863 0 
-5.68452 10.9314 0 
-4.22619 10.7353 0 
-3.69048 10.2941 0 
-3.15476 9.85294 0 
-2.29167 8.9951 0 
-1.96429 8.57843 0 
-1.6369 8.16176 0 
-0.535714 7.79412 0 
0.654762 7.2549 0 
1.69643 6.17647 0 
2.32143 5.68627 0 
2.94643 5.19608 0 
4.16667 4.53431 0 
4.7619 4.36275 0 
5.35714 4.19118 0 
6.84524 3.62745 0 
7.76786 2.62255 0 
7.79762 2.0098 0 
7.82738 1.39706 0 
8.03571 0.441176 0 
8.80952 0.0735294 0 
9.40476 0.0490196 0 
10 0.0245098 0 
10.8929 0.588235 0 
11.7262 0.735294 0 
12.2619 0.294118 0 
12.7976 -0.147059 0 
13.6905 -0.882353 0 
13.9881 -1.66667 0 
13.3929 -2.15686 0 
12.8571 -2.15686 0 
12.3214 -2.15686 0 
11.1607 -2.40196 0 
10.5357 -2.64706 0 
9.91071 -2.89216 0 
8.75 -2.54902 0 
7.61905 -2.2549 0 
6.90476 -3.43137 0 
6.25 -5.09804 0 
5.26786 -6.17647 0 
4.82143 -6.47059 0 
4.375 -6.76471 0 
4.04762 -7.7451 0 
5.11905 -8.72549 0 
5.50595 -9.41176 0 
4.94048 -9.80392 0 
4.375 -10.1961 0 
3.69048 -11.5686 0 
2.67857 -12.8676 0 
1.78571 -13.1863 0 
0.892857 -13.5049 0 
-0.922619 -14.0196 0 
-1.84524 -14.2157 0 
-2.76786 -14.4118 0 
-3.86905 -15.3186 0 
-4.04762 -16.0294 0 
-4.22619 -16.7402 0 
-4.52381 -18.1863 0 
-4.07738 -19.2157 0 
-3.5119 -19.5098 0 
-2.94643 -19.8039 0 
-2.38095 -20.8333 0 
-2.79762 -22.0833 0 
-3.21429 -22.598 0 
-3.63095 -23.1127 0 
-4.22619 -24.1176 0 
-4.40476 -24.6078 0 
-4.58333 -25.098 0 
-4.375 -26.1029 0 
-3.9881 -26.6176 0 
-3.60119 -27.1324 0 
-3.92857 -27.8431 0 
-4.64286 -28.0392 0 
-5.35714 -28.2353 0 
-6.76587 -28.2843 0 
-7.46032 -28.1373 0 
-8.15476 -27.9902 0 
-8.84921 -27.8431 0 
-9.54365 -27.6961 0 
-11.1607 -27.451 0 
-12.0833 -27.3529 0 
-13.006 -27.2549 0 
-14.5833 -27.549 0 
-15.2381 -27.9412 0 
-15.8929 -28.3333 0 
-17.2321 -28.3333 0 
-17.9167 -27.9412 0 
-18.6012 -27.549 0 
-19.7917 -27.0833 0 
-20.2976 -27.0098 0 
-20.8036 -26.9363 0 
-21.6667 -26.3235 0 
-22.5893 -25.8824 0 
-23.1548 -25.9804 0 
-23.7202 -26.0784 0 
-24.2262 -25.7843 0 
-24.7024 -25.7353 0 
-25.0595 -25.4902 0 
-24.881 -24.902 0 
-24.7024 -24.3137 0 
-25.0595 -25.4902 0 
-24.881 -24.902 0 
-24.7024 -24.3137 0 
-5.4042 -16.4938 0 
-3.12073 -13.0691 0 
-18.6369 -3.45587 0 
-14.6923 -1.50679 0 
-23.8112 -17.3267 0 
3.8477 -6.03306 0 
3.04385 -6.6324 0 
2.96907 -5.59995 0 
2.23085 -6.13278 0 
2.14574 -5.28208 0 
1.46974 -5.72965 0 
1.42733 -4.96294 0 
0.812397 -5.37177 0 
2.02993 -4.55805 0 
0.735801 -4.65333 0 
0.168707 -5.05044 0 
0.0877953 -4.3496 0 
-0.465384 -4.74256 0 
-0.508801 -4.06108 0 
-1.09843 -4.43819 0 
-1.1435 -3.6786 0 
-1.74731 -4.12603 0 
-1.84405 -3.40501 0 
-2.40478 -3.81694 0 
-2.48672 -3.12355 0 
-3.08249 -3.5104 0 
-3.15117 -2.66153 0 
-3.77581 -3.16402 0 
-3.87279 -2.37468 0 
-4.48571 -2.83713 0 
-4.43425 -3.66007 0 
-4.54053 -2.02553 0 
-2.31079 7.5703 0 
-5.20364 -3.29713 0 
-5.14204 -4.18157 0 
-3.93268 -1.59742 0 
-4.56888 -1.24421 0 
-3.93738 -0.83736 0 
-4.58543 -0.492912 0 
-3.97907 -0.113146 0 
-4.62031 0.229547 0 
-5.24067 -0.179928 0 
-5.26848 0.600065 0 
0.033272 -3.68514 0 
-4.01653 0.597902 0 
-5.99821 -3.7767 0 
-5.90858 -4.78364 0 
-1.67166 -4.89041 0 
-12.9605 -25.8164 0 
-6.81668 -4.33747 0 
-6.74527 -5.36617 0 
0.814978 -6.1459 0 
-5.9371 0.157956 0 
-5.95916 1.00286 0 
-24.2717 -4.77084 0 
-5.1041 -23.8118 0 
-3.3729 -1.16746 0 
-5.78793 -5.82008 0 
-6.65854 -6.43546 0 
-7.64366 -5.98629 0 
-7.56791 -7.11 0 
-8.62956 -6.63164 0 
-8.53761 -7.82749 0 
3.78435 3.56501 0 
-2.00115 -2.69029 0 
-9.68849 -7.29691 0 
-9.58242 -8.59582 0 
-6.68719 0.559987 0 
-6.70676 1.42248 0 
-5.9489 1.8644 0 
-6.70824 2.30559 0 
-10.8115 -8.02762 0 
-10.6887 -9.41871 0 
-11.9777 -8.80963 0 
-11.8549 -10.2547 0 
-13.1752 -9.63197 0 
-13.0436 -11.0968 0 
-14.3727 -10.4774 0 
-14.2361 -11.9419 0 
-15.5759 -11.3198 0 
-15.4449 -12.7759 0 
-16.7636 -12.1528 0 
-14.1061 -13.4172 0 
-15.3165 -14.2469 0 
-13.9828 -14.8845 0 
-15.1841 -15.7198 0 
-13.8553 -16.3419 0 
-15.0559 -17.1758 0 
-5.91765 2.76031 0 
-26.6517 -11.9473 0 
-25.6087 -12.1385 0 
-6.7233 3.23032 0 
-13.7286 -17.792 0 
-14.9424 -18.627 0 
0.833785 5.27619 0 
-7.49796 1.82262 0 
-5.6654 -6.87266 0 
-19.6714 -26.1854 0 
-9.46745 -10.0541 0 
-5.88318 3.71193 0 
-9.71174 -6.10189 0 
-25.9559 -11.113 0 
-24.8449 -11.3145 0 
-11.4917 5.24099 0 
-6.74306 4.2128 0 
-12.7149 -15.5211 0 
-16.244 -18.0135 0 
-16.1436 -19.4382 0 
-5.08152 3.22302 0 
-16.8793 -10.7206 0 
-18.0719 -11.5587 0 
-13.6175 -19.2418 0 
-14.4163 -25.6385 0 
-17.4165 -18.8322 0 
-17.3046 -20.2232 0 
-9.21036 -26.493 0 
-3.30627 0.249021 0 
-3.43231 0.962156 0 
-2.82436 0.714037 0 
-2.89874 1.3181 0 
-2.35414 1.0266 0 
-2.29519 0.509849 0 
-1.87445 0.777272 0 
-1.84183 0.306467 0 
-1.85142 1.29054 0 
-1.49857 0.53446 0 
-1.47326 0.158285 0 
-1.19205 0.327915 0 
-1.18979 0.0301244 0 
-1.42559 -0.170387 0 
-1.11763 -0.259072 0 
-1.38805 -0.472923 0 
-1.10402 -0.585228 0 
-0.948726 0.193919 0 
-0.944172 0.459548 0 
-0.866296 -0.421845 0 
-0.836091 -0.696929 0 
-0.627871 -0.539789 0 
-0.594472 -0.790138 0 
-0.394144 -0.634977 0 
-0.369493 -0.868223 0 
-0.190768 -0.737829 0 
-0.163692 -0.946175 0 
-0.00304357 -0.817495 0 
0.0307322 -1.02212 0 
0.187124 -0.921056 0 
-0.137743 -1.16734 0 
0.0758282 -1.25241 0 
-0.107459 -1.41306 0 
0.144217 -1.50345 0 
-0.788477 -1.02288 0 
-0.0720049 -1.68927 0 
0.20666 -1.79112 0 
0.438024 -1.57331 0 
-0.0328209 -0.626873 0 
-1.36284 -0.796005 0 
-25.5867 -5.48693 0 
-6.88661 -3.31292 0 
-5.84539 4.7255 0 
-18.1769 -10.1415 0 
-14.4999 -9.05226 0 
-17.94 -12.9941 0 
-19.3104 -12.4081 0 
-19.1335 -13.8222 0 
2.23253 -7.05728 0 
6.95544 1.33481 0 
-24.4988 -12.404 0 
-4.52424 -13.3603 0 
-24.342 -6.23332 0 
-0.0299639 -1.99125 0 
-0.340872 -1.87592 0 
0.275954 -2.10816 0 
-12.0057 -7.40939 0 
-4.09066 -12.0316 0 
-2.81118 -11.6772 0 
-12.3986 -18.415 0 
-12.2821 -19.8736 0 
-11.0792 -19.0474 0 
-10.9556 -20.4779 0 
-0.435237 -0.411789 0 
-7.4348 -8.25388 0 
-6.76913 5.26117 0 
-11.2245 4.058 0 
-5.82205 5.79955 0 
-4.96945 5.19534 0 
-23.7427 -11.5631 0 
-3.01221 -4.26028 0 
-18.5541 -19.6225 0 
-18.4151 -20.9483 0 
-9.79205 -19.6939 0 
-9.66226 -21.0736 0 
-9.86886 -18.2913 0 
-0.276897 -2.26299 0 
-16.0331 -20.8467 0 
-15.3357 -2.79196 0 
-13.9178 -2.65836 0 
-13.3142 -1.46343 0 
-1.6866 -0.662696 0 
-1.64061 -1.04933 0 
-23.3704 -12.7472 0 
-3.71351 -10.7508 0 
-2.52222 -10.4168 0 
7.39845 0.0832605 0 
-12.5543 -2.54197 0 
-11.9733 -1.34477 0 
-11.0591 -2.43715 0 
-10.6711 -1.20447 0 
-11.386 -0.211971 0 
-18.6812 -18.2476 0 
-22.802 -22.4324 0 
-25.5955 -6.88111 0 
-1.69763 6.7472 0 
-0.369492 -5.35549 0 
-24.0893 -10.4145 0 
-22.799 -10.7434 0 
5.56527 -3.28285 0 
-5.45378 -12.3206 0 
-6.65027 -0.336309 0 
-7.44305 0.0491924 0 
-23.0187 -5.55925 0 
-7.59834 3.66593 0 
-13.5424 -24.4674 0 
-11.7594 -11.6479 0 
-19.7912 -19.0526 0 
-19.9349 -17.6871 0 
-14.4781 -3.96057 0 
5.7945 -1.94806 0 
-3.37027 -9.54174 0 
-2.2041 -9.24832 0 
-1.3653 -10.0799 0 
-1.09244 -8.93958 0 
-1.9027 -8.16827 0 
-0.194876 -9.7496 0 
-27.0476 -10.9192 0 
-8.54378 -20.312 0 
-8.49067 -21.6547 0 
-9.53949 -22.4171 0 
-8.1946 -23.1064 0 
-6.7969 6.38553 0 
-5.73916 7.13644 0 
-7.7979 5.80122 0 
-4.85331 -6.16953 0 
-7.75388 -3.88931 0 
-7.81857 -2.61958 0 
-0.658178 -2.13183 0 
-14.9308 -24.3362 0 
-7.3424 -20.9655 0 
-3.49541 1.6668 0 
-2.89424 2.04384 0 
-26.3439 -10.0619 0 
-27.4745 -9.85514 0 
-23.1448 -6.98481 0 
-21.7954 -6.38627 0 
-11.814 -3.56448 0 
-4.55746 -9.83966 0 
3.65394 -5.11869 0 
-7.61064 -19.5025 0 
-2.17407 0.0372997 0 
-4.46616 -20.2378 0 
-5.25755 -1.66576 0 
-2.01508 -0.876429 0 
-1.99019 -1.30172 0 
-1.57199 -1.46994 0 
-10.1868 -0.124402 0 
-10.8733 0.885986 0 
-24.1414 -13.5989 0 
-22.9312 -13.9529 0 
-30.3938 -8.84853 0 
-0.880613 -7.86155 0 
-0.607492 -2.52693 0 
-1.6568 -7.15219 0 
-22.1263 -21.2164 0 
-21.4653 -22.2649 0 
-14.0733 -23.1443 0 
-2.62935 -7.4156 0 
-14.548 0.573377 0 
-5.93559 -13.7793 0 
-6.84954 -12.6174 0 
-7.31228 -14.0396 0 
-8.24171 -12.8955 0 
-8.70352 -14.2472 0 
-8.73276 -3.38086 0 
-18.8214 -16.8745 0 
-20.0807 -16.3121 0 
-21.9787 -7.95815 0 
-20.5628 -7.21865 0 
-2.69749 6.57217 0 
-2.11631 5.77078 0 
-12.7058 -23.4383 0 
-23.0814 -25.0048 0 
-3.91835 8.95703 0 
2.82822 3.85041 0 
3.08081 2.89481 0 
3.90567 2.58482 0 
3.26031 2.07505 0 
2.54133 2.31508 0 
2.71405 1.60744 0 
2.11948 1.77737 0 
2.2601 1.21907 0 
1.75365 1.34986 0 
1.8634 0.874366 0 
2.326 0.703948 0 
1.91488 0.319742 0 
1.41563 1.01423 0 
1.3016 1.45131 0 
1.01211 1.11445 0 
0.87459 1.51533 0 
1.12135 0.74578 0 
2.41447 0.192334 0 
0.781053 0.828134 0 
0.876346 0.539537 0 
2.04537 -0.180208 0 
2.52442 -0.319884 0 
2.95671 0.0397925 0 
2.13915 -0.668076 0 
2.64659 -0.865294 0 
2.25156 -1.19716 0 
0.58807 0.603235 0 
0.674098 0.35741 0 
0.500248 0.821396 0 
4.00302 1.77027 0 
0.306514 0.608428 0 
0.191959 0.913772 0 
1.92033 2.37023 0 
2.76758 -1.4421 0 
2.22752 -1.80305 0 
1.68336 -0.489345 0 
2.88654 -2.06661 0 
3.22552 -1.01543 0 
-0.00513751 0.638471 0 
-0.121687 0.978741 0 
0.929516 0.2648 0 
0.726758 0.124921 0 
0.533497 0.192734 0 
0.530013 -0.0164169 0 
4.67943 2.22257 0 
4.7455 1.42009 0 
0.775227 -0.105553 0 
0.581658 -0.244094 0 
2.37746 -2.47612 0 
3.03155 -2.7372 0 
1.78508 -2.27231 0 
0.375366 -0.173215 0 
0.403579 -0.37696 0 
0.60929 -0.479208 0 
0.220757 -0.264528 0 
1.88544 -2.87223 0 
0.146204 0.429995 0 
-0.166828 0.458954 0 
1.33302 -2.65606 0 
1.41525 -3.22526 0 
3.598 -2.26776 0 
-0.699787 0.312327 0 
-0.740846 0.0528525 0 
-7.84751 6.97814 0 
0.140561 1.2617 0 
-0.30617 1.35223 0 
-0.025833 1.71721 0 
-0.52458 1.82809 0 
-0.187351 2.28582 0 
-0.776309 2.4005 0 
-0.359428 2.91498 0 
-1.03647 3.04079 0 
-0.573151 3.65513 0 
-1.423 3.77012 0 
-0.757583 4.36898 0 
0.350751 2.63595 0 
-15.7288 -25.3552 0 
-16.2742 -24.1752 0 
-18.5481 -26.449 0 
-19.0063 -25.3747 0 
-8.8691 6.36616 0 
-0.665431 0.582751 0 
-0.903157 0.726741 0 
-26.764 -6.13731 0 
-4.45676 -7.19394 0 
0.222139 -0.0989852 0 
0.0799948 -0.219759 0 
-9.68883 0.939832 0 
-0.344596 -1.29643 0 
-0.159359 -2.69095 0 
-0.516641 0.153947 0 
1.24436 -2.14479 0 
-16.5126 -15.1084 0 
-3.53698 2.40915 0 
-2.88641 2.82608 0 
-22.0773 -12.9388 0 
-0.0144524 0.250785 0 
-9.33243 -1.05938 0 
-9.37664 -23.7719 0 
-8.43754 -24.3113 0 
-6.39099 -11.2856 0 
-22.6231 -20.0618 0 
-4.17754 1.99583 0 
3.76105 -3.02998 0 
-1.43545 2.43186 0 
-3.57896 3.21931 0 
-2.88875 3.85829 0 
-10.2541 1.88246 0 
4.08517 0.965201 0 
4.81997 0.627986 0 
-22.1069 -24.5041 0 
-7.75725 -15.4038 0 
-8.64728 5.22408 0 
-2.3991 -6.46931 0 
-20.6559 -8.73456 0 
-9.15403 -15.6004 0 
-10.1033 -14.5062 0 
5.38911 1.85218 0 
0.103547 -0.357605 0 
-0.0129029 -0.285893 0 
-0.0198055 -0.174085 0 
-0.118591 -0.235435 0 
-0.112302 -0.109896 0 
-0.224891 -0.184818 0 
-0.118998 -0.355455 0 
-0.231104 -0.0632668 0 
-0.344015 -0.131991 0 
-7.40985 -0.846422 0 
-20.5049 -3.88405 0 
-16.8998 -9.24523 0 
-6.51116 -27.0815 0 
-12.1802 0.782104 0 
-4.64774 -22.7662 0 
-5.83048 -22.9656 0 
0.897398 -3.01229 0 
3.1838 -3.51982 0 
-28.099 -10.7401 0 
-21.6503 -14.2648 0 
4.16873 0.180406 0 
4.89701 -0.183929 0 
5.59393 0.283413 0 
-20.7846 -21.1153 0 
-20.3109 -22.4848 0 
-26.7442 -7.45519 0 
-15.9113 -4.13598 0 
-15.0224 -5.32207 0 
-16.3869 -5.64899 0 
-13.4426 -5.28824 0 
-5.41611 -8.00146 0 
-8.32243 -16.7926 0 
-0.476936 -10.9399 0 
0.751419 -10.6104 0 
0.954063 -9.17808 0 
-20.0914 -25.223 0 
-19.3938 -24.2753 0 
-1.9351 -1.75509 0 
-1.49978 -1.92405 0 
-2.39254 -1.5829 0 
-19.3295 -8.01531 0 
0.0591032 -0.112167 0 
-0.686393 -1.69575 0 
-3.66211 4.03962 0 
0.31707 -0.0113947 0 
0.193176 0.0341828 0 
0.282571 0.120122 0 
-14.1588 -6.64572 0 
-12.0851 7.56564 0 
-19.2106 -6.53185 0 
-4.31066 -4.55987 0 
0.984878 -3.58494 0 
-6.19874 -23.9959 0 
-13.4884 -20.6871 0 
-21.1865 -17.1096 0 
-0.544451 -2.9597 0 
-3.11324 5.63346 0 
-3.77339 6.62125 0 
-25.6152 -8.23199 0 
-1.04361 5.93092 0 
-9.19032 1.95837 0 
-9.73627 2.85711 0 
-28.5928 -9.65658 0 
1.96284 -3.47617 0 
-22.602 -15.2366 0 
-23.2778 -9.47226 0 
-0.74741 -6.87367 0 
-0.0299885 -7.4861 0 
-17.9257 -25.4436 0 
-8.98015 7.64837 0 
-10.0663 6.9592 0 
-6.88886 -2.27332 0 
-5.46223 -21.9106 0 
-10.5328 -15.9139 0 
0.161352 0.15447 0 
-18.0795 -7.3526 0 
-27.8608 -6.702 0 
-0.814246 1.47558 0 
0.399708 -0.603952 0 
0.620734 -0.735256 0 
0.870085 -0.609484 0 
0.866624 -0.888297 0 
0.584122 -1.05713 0 
0.875206 -1.22509 0 
1.17106 -1.03627 0 
1.19904 -1.42722 0 
-0.138326 0.00809007 0 
-0.24912 0.0713276 0 
-1.0024 -2.77216 0 
-2.33842 -2.09352 0 
-2.81212 -1.9934 0 
-8.6592 -4.46808 0 
-9.74523 -3.93977 0 
1.16527 1.91577 0 
-20.9589 -23.3322 0 
6.40798 2.80599 0 
-31.4212 -7.30977 0 
-12.0543 3.09136 0 
-10.5667 -23.1576 0 
-10.7434 -24.5961 0 
3.95003 -3.83437 0 
4.37383 -2.44467 0 
4.19444 -1.64587 0 
-3.36001 -6.80028 0 
-3.22045 -5.76623 0 
-0.19584 -0.546865 0 
-0.657077 -0.311921 0 
5.62405 -0.430129 0 
-7.17889 9.08677 0 
-25.9687 -14.0419 0 
-8.49406 1.1743 0 
0.238638 0.26044 0 
-0.838672 -0.177145 0 
-24.8808 -15.7938 0 
9.97906 -0.947046 0 
1.9956 -10.195 0 
2.24706 -8.84506 0 
-22.9636 -23.8146 0 
1.43334 -8.218 0 
1.5186 0.587861 0 
1.48113 0.183256 0 
-2.50892 4.80718 0 
-29.1496 -11.787 0 
-8.2948 -0.481824 0 
-8.24611 -1.4204 0 
7.26284 -1.35801 0 
-5.61538 -18.014 0 
-9.82918 -2.92611 0 
-20.7023 -13.2487 0 
-20.6161 -11.7783 0 
0.245389 -0.476134 0 
1.61057 -1.72749 0 
1.53685 -1.21911 0 
5.39361 2.60164 0 
-18.9913 -15.3672 0 
-27.9199 -8.88385 0 
-29.1075 -8.52854 0 
1.29992 -4.20882 0 
-0.652737 0.881228 0 
-5.63654 -19.6877 0 
-10.657 -26.2179 0 
-4.22827 -8.53038 0 
12.3195 -1.07895 0 
-3.3662 -0.466852 0 
-2.77232 -0.762681 0 
-2.89156 -0.198616 0 
0.853153 -2.49598 0 
0.38751 -2.7975 0 
-10.4609 4.8833 0 
0.837236 -2.03946 0 
-8.58339 3.014 0 
-21.9383 -9.49707 0 
-20.624 -10.1848 0 
-20.3008 -14.7693 0 
3.39081 1.33727 0 
0.185722 -0.683995 0 
0.460314 0.398176 0 
-5.3319 9.5539 0 
-5.03349 8.23765 0 
-0.137818 0.124141 0 
-0.231095 0.187002 0 
2.791 -4.82489 0 
-0.341793 0.702026 0 
4.66449 -5.48063 0 
-4.25487 -21.7033 0 
0.687099 2.01789 0 
1.02528 2.48542 0 
0.909627 3.20981 0 
-3.92892 7.8068 0 
-24.5243 -9.07266 0 
-2.21111 3.32424 0 
-9.29531 3.68082 0 
3.41714 0.586687 0 
0.0451009 4.29615 0 
6.41133 -0.0618922 0 
4.2753 -0.68161 0 
-5.1819 -26.7095 0 
-5.95344 -25.8644 0 
-7.078 -26.0537 0 
-1.70961 -12.6755 0 
1.19112 0.407201 0 
1.1639 0.0874068 0 
-32.1309 -8.22766 0 
-1.48024 0.975911 0 
-19.3986 -10.9509 0 
8.80212 -0.836427 0 
-1.34836 1.42049 0 
-1.72308 1.83975 0 
0.0866954 0.0687902 0 
-0.00986258 -0.0818063 0 
-21.9228 -11.6592 0 
-2.00554 -0.418434 0 
-27.9821 -5.35733 0 
-0.397925 5.16929 0 
-6.56117 -1.28069 0 
-6.56935 -22.0528 0 
-0.407014 0.40955 0 
11.2425 -1.22462 0 
-1.55688 -6.28714 0 
-1.15238 -1.62486 0 
-1.22196 -1.20784 0 
-17.6903 -16.0061 0 
-17.8222 -14.4773 0 
2.2132 3.16532 0 
1.91519 4.04533 0 
0.495368 -12.0148 0 
-6.83913 -16.9849 0 
-7.79941 -18.0431 0 
-17.1987 -21.584 0 
-18.2911 -22.2813 0 
-16.0747 -22.0132 0 
3.05798 -7.89128 0 
-24.4369 -7.60624 0 
-0.519335 -0.0309773 0 
-0.117108 -8.54368 0 
-17.4549 -26.5453 0 
-14.8211 -20.0592 0 
-1.76319 -0.0732276 0 
-2.96189 -8.45019 0 
-0.0501509 -3.15166 0 
-19.6436 -20.346 0 
-20.7993 -19.7675 0 
-16.6333 -13.6259 0 
-21.7044 -4.8777 0 
-12.1003 -21.2868 0 
-6.05478 -2.81171 0 
-5.26833 1.37728 0 
-11.0915 -17.3826 0 
-17.1441 -22.9391 0 
-18.3132 -23.5701 0 
-7.7316 -11.5664 0 
-7.3547 -10.2847 0 
-9.21896 -11.6118 0 
-6.00805 -9.92729 0 
-16.3637 -16.5641 0 
-14.7253 -21.7153 0 
-10.581 -10.86 0 
-5.00968 4.19084 0 
-5.04797 -14.9831 0 
-13.3502 -7.99128 0 
-15.5608 -6.70847 0 
-0.709203 6.89316 0 
-5.03574 -11.0259 0 
-17.5362 -17.423 0 
-12.5835 -13.9034 0 
2.85548 0.990243 0 
-10.8818 2.94134 0 
-9.63677 -13.1418 0 
-11.0269 -13.5361 0 
6.26462 0.801573 0 
-12.7024 -0.35306 0 
-12.9302 -12.4588 0 
-27.6511 -11.7583 0 
-20.761 -26.0305 0 
-29.2261 -10.6418 0 
-12.5027 -16.9595 0 
-19.4201 -9.46904 0 
-13.091 -3.79534 0 
-15.6739 -9.88038 0 
-9.34688 -25.0991 0 
-20.9832 -18.4761 0 
-22.1911 -17.9556 0 
0.0757975 -0.501772 0 
-5.03392 2.22089 0 
0.564447 1.13397 0 
-0.328438 -0.274613 0 
-5.51447 -24.8168 0 
0.46265 -3.33013 0 
-4.86684 6.28047 0 
-10.8651 -6.71099 0 
-10.9404 -5.50779 0 
-12.0596 -6.04655 0 
-6.931 -23.0919 0 
-10.7495 -21.8443 0 
-20.4914 -5.65754 0 
-22.9445 -4.1132 0 
-3.4417 -20.7561 0 
-2.12533 4.14597 0 
-21.3408 -15.6816 0 
-2.23354 -5.57764 0 
-0.487539 -0.212651 0 
-8.92703 -2.26223 0 
0.799081 -1.60846 0 
-26.7819 -8.78798 0 
-0.522156 -3.46386 0 
5.5144 -4.82271 0 
-10.68 8.28012 0 
-8.28378 -9.26385 0 
-12.1564 -24.6031 0 
-5.8919 -0.686703 0 
1.51029 -6.53478 0 
0.736257 -7.00825 0 
-23.8348 -14.907 0 
0.342742 -1.28654 0 
-11.5374 1.86886 0 
-11.4423 -14.9211 0 
-12.9539 2.06647 0 
-1.0595 -2.03022 0 
-1.40716 -2.43896 0 
-2.20267 2.43933 0 
-9.64073 -16.9589 0 
-15.816 -8.46695 0 
-25.2334 -10.2579 0 
-4.99622 -5.19537 0 
-4.16231 -5.44971 0 
-1.48181 4.85189 0 
-4.64353 0.935348 0 
1.73901 -11.5132 0 
3.55896 -0.361601 0 
-0.909859 -1.32602 0 
-6.51665 -7.5716 0 
-7.70456 -4.9357 0 
-3.55606 -7.67845 0 
-13.1741 -22.1315 0 
-5.22141 -2.47916 0 
2.51017 -3.19133 0 
7.79602 -0.611529 0 
5.48322 1.08415 0 
-26.861 -4.66033 0 
-6.39556 -15.4398 0 
-19.291 -23.0578 0 
-7.49996 0.895767 0 
-11.8269 6.42308 0 
-21.1573 -24.9813 0 
-7.65735 4.72613 0 
-21.9476 -23.3968 0 
2.5323 -3.98487 0 
0.054786 -6.55357 0 
-0.538606 -1.0384 0 
-8.74824 -18.9359 0 
5.09553 -1.09348 0 
0.54012 -3.95538 0 
4.60634 3.03608 0 
-2.97794 8.27537 0 
-7.93902 -26.8434 0 
0.389012 -0.84349 0 
-4.33627 3.59723 0 
-7.56714 2.69547 0 
-23.9443 -24.3831 0 
-4.29086 2.77757 0 
-0.0541752 -0.483799 0 
-0.261161 -0.409513 0 
-0.0589998 0.0515558 0 
-6.89248 7.64584 0 
-2.3928 -1.0988 0 
1.38332 -0.181498 0 
1.05103 -0.165922 0 
1.20377 -0.481268 0 
-2.3411 -4.53815 0 
0.356663 -1.05956 0 
-12.2078 -4.76249 0 
-3.70215 -3.9806 0 
-16.8212 -2.95238 0 
-1.64082 -11.2697 0 
-22.455 -16.5724 0 
0.108632 -0.0315705 0 
-1.05297 -0.870972 0 
4.3655 -4.5923 0 
-5.28201 -9.00897 0 
-6.30764 -8.67075 0 
-0.984898 -5.17944 0 
0.05554 0.160445 0 
0.102222 0.276022 0 
0.295432 0.40589 0 
-4.06598 1.28576 0 
-6.19105 -21.0233 0 
-23.7081 -19.7999 0 
0.0431013 -0.046694 0 
-0.0622724 -0.0287166 0 
0.0135499 0.0720201 0 
0.116328 3.45944 0 
-10.6793 -12.2572 0 
-10.7184 -3.45267 0 
3.32737 -4.32409 0 
-10.7739 6.06923 0 
-17.8962 -5.93179 0 
0.848509 -0.347588 0 
0.220245 -5.72964 0 
-0.310826 -1.06331 0 
6.10443 1.53181 0 
-6.68413 -25.0586 0 
-5.23463 -0.942881 0 
-9.06756 0.106032 0 
-2.36088 1.63996 0 
0.977149 4.08055 0 
4.61416 -3.22399 0 
-15.3658 -26.6173 0 
0.411325 1.62266 0 
-0.375027 0.01185 0 
-14.6691 -7.74702 0 
0.128169 -2.40527 0 
-16.4301 -27.3357 0 
1.41627 -0.814786 0 
-18.1249 -8.66615 0 
-19.0556 -4.98992 0 
-1.83632 -2.18038 0 
0.607835 -1.3501 0 
-0.361159 -1.544 0 
0.406489 0.0984033 0 
-7.9826 -25.4338 0 
9.55183 -1.87802 0 
2.98244 -0.504484 0 
-23.3994 -8.23353 0 
-0.929403 -3.19866 0 
-10.2022 3.8076 0 
1.50335 2.83294 0 
4.94602 -1.9122 0 
3.41864 -1.59775 0 
-8.622 -5.552 0 
-2.90321 -4.99847 0 
-6.68044 -18.7234 0 
-2.46826 -0.304107 0 
3.04275 -9.74494 0 
0.0955673 6.20553 0 
-2.86209 -1.43004 0 
-20.572 -24.3131 0 
-4.23956 4.60236 0 
-4.04702 5.52627 0 
-17.4133 -4.46855 0 
-0.211688 -0.293583 0 
-19.4479 -21.6011 0 
-1.19555 0.641591 0 
13.2972 -1.43148 0 
-1.07756 1.88418 0 
-1.6538 -0.359533 0 
-0.604848 -1.32058 0 
-25.6229 -9.27099 0 
-11.8065 -22.5932 0 
1.50066 -3.71281 0 
-13.9907 -0.371259 0 
-1.40702 -3.02824 0 
-25.229 -13.2718 0 
1.62239 1.80386 0 
-14.3053 1.55644 0 
-16.7414 -7.44553 0 
-2.68726 0.233723 0 
-4.66836 7.21652 0 
-8.29162 2.13437 0 
-8.98463 8.95298 0 
-3.36601 4.78144 0 
-8.42123 -10.5697 0 
-13.0647 3.50841 0 
-8.47199 4.17227 0 
-15.359 -23.1484 0 
-0.665093 -0.115537 0 
-7.3412 -24.1696 0 
-29.5594 -9.51145 0 
-30.2858 -7.81707 0 
-28.9943 -7.35998 0 
-9.8038 -4.99423 0 
2.78286 0.510634 0 
-24.8471 -14.5064 0 
6.71657 2.0552 0 
6.31945 -1.13215 0 
-6.0699 -1.98029 0 
-11.097 7.11122 0 
-3.59746 -4.72893 0 
0.506488 -1.91643 0 
1.81472 -0.967574 0 
-0.997277 1.04601 0 
-0.707876 -5.92968 0 
5.13251 -4.01166 0 
-9.72487 5.68558 0 
-10.0116 -1.94453 0 
6.98101 0.622711 0 
0.36949 0.245961 0 
-12.329 8.577 0 
-13.0034 -6.67624 0 
-16.8779 -25.3391 0 
-29.1089 -4.77657 0 
0.93065 0.04344 0 
-23.5168 -15.9673 0 
-7.38491 -1.68808 0 
-2.3308 -0.69209 0 
-21.7672 -3.63807 0 
-3.39491 -1.93701 0 
-18.4091 -24.58 0 
-17.4666 -24.3112 0 
1.13611 -1.78041 0 
1.92101 -3.99978 0 
1.45652 -7.421 0 
-2.58596 -2.53736 0 
2.14916 -7.92748 0 
2.78894 -10.9884 0 
-1.53491 -5.54028 0 
-21.8225 -19.2852 0 
-31.2451 -8.18366 0 
-4.01057 -6.27594 0 
-29.1031 -6.09235 0 
5.42445 3.36521 0 
-11.7201 -25.7173 0 
2.43652 4.60466 0 
-25.753 -14.942 0 
-11.6927 -16.1457 0 
-7.58324 -22.2326 0 
-21.6056 -10.6935 0 
-4.63786 1.56302 0 
-0.6664 -12.1447 0 
-8.87472 -17.7726 0 
-10.9495 -4.37755 0 
-23.6745 -23.2796 0 
-7.97673 8.06242 0 
-6.06315 8.36265 0 
0.498085 -2.2938 0 
-23.1728 -18.8591 0 
11.5077 -0.30112 0 
1.10556 -0.76602 0 
-13.4134 0.683692 0 
-5.20217 -20.9126 0 
0.0542012 0.00919421 0 
-0.979319 -0.014534 0 
-30.5532 -6.67196 0 
7.03762 -0.616064 0 
-6.66059 -20.0169 0 
-7.10934 -9.27472 0 
3.76462 -1.08567 0 
5.2228 -2.58471 0 
-0.958042 -2.40003 0 
-11.5428 -23.7008 0 
-8.15989 0.348694 0 
1.69681 4.7386 0 
6.00374 2.15932 0 
-22.6485 -8.79025 0 
-5.84766 -1.36786 0 
-20.0668 -23.5585 0 
-0.0306312 0.139169 0 
-3.12624 7.3279 0 
-5.60184 -27.5654 0 
7.22519 2.55286 0 
3.20193 -8.83969 0 
3.83227 -9.48163 0 
-22.8268 -11.9207 0 
-0.121074 0.273081 0 
-0.255825 0.323882 0 
1.70161 -0.0696105 0 
-1.64424 3.00861 0 
-0.401808 1.02295 0 
-0.620792 1.16844 0 
-0.000204182 -0.392558 0 
-21.3782 -24.0515 0 
-26.5701 -14.7708 0 
10.619 -1.77072 0 
-0.321596 -0.500786 0 
-16.4501 -26.2683 0 
1.48901 3.50338 0 
1.44732 2.28165 0 
1.8805 -1.39262 0 
0.135518 -0.146847 0 
-0.33912 0.192926 0 
-27.7914 -7.80786 0 
-0.0149166 0.397545 0 
0.613233 -8.0212 0 
-0.99431 -1.11122 0 
-3.32295 -21.6565 0 
0.192831 -1.10573 0 
-11.8525 -12.7455 0 
-21.3296 -12.4063 0 
-28.4075 -11.5329 0 
-9.51495 4.60218 0 
0.227087 2.08989 0 
-21.6825 -20.2921 0 
6.16182 -2.74703 0 
0.221448 -0.181757 0 
0.298752 -0.1361 0 
0.298061 -0.218871 0 
12.8264 -0.833593 0 
12.2907 -0.392416 0 
0.39436 -0.723721 0 
0.287367 -0.763743 0 
0.292715 -0.643974 0 
-17.4331 -8.05584 0 
-16.8206 -8.34538 0 
-17.5123 -8.95569 0 
0.0491025 -2.19826 0 
-0.0743641 -2.33413 0 
-0.15343 -2.12712 0 
-13.0093 2.78744 0 
-12.5595 3.29988 0 
-12.5041 2.57891 0 
2.52124 -3.5881 0 
2.24757 -3.73052 0 
2.2365 -3.33375 0 
-19.9179 -13.5355 0 
-20.0064 -12.8284 0 
-19.222 -13.1152 0 
-3.12738 4.31986 0 
-2.93747 4.79431 0 
-2.69884 4.33274 0 
0.288068 -0.882273 0 
0.186423 -0.802525 0 
-7.81551 -1.55424 0 
-7.60174 -2.15383 0 
-8.03234 -2.01999 0 
-3.1285 -1.68353 0 
-3.3839 -1.55224 0 
-3.11749 -1.29875 0 
0.346218 -0.0923046 0 
0.423542 -0.0139058 0 
0.452689 -0.0948157 0 
5.61435 -5.35253 0 
6.15006 -4.56822 0 
-7.07641 -15.4218 0 
-6.61735 -16.2124 0 
-7.29819 -16.1943 0 
-0.553401 0.360939 0 
-0.461828 0.281749 0 
-0.608214 0.233137 0 
-4.23367 -6.73494 0 
-3.68529 -6.53811 0 
-3.90839 -6.99711 0 
0.92002 -4.0821 0 
0.762499 -3.77016 0 
1.1424 -3.89688 0 
0.215555 -0.580065 0 
0.322548 -0.540043 0 
-1.1197 4.61044 0 
-0.939868 5.01059 0 
-0.577754 4.76914 0 
-0.25431 0.58049 0 
-0.173465 0.670248 0 
-0.0859828 0.548712 0 
-10.3766 -4.68589 0 
-10.3474 -4.15866 0 
-9.77452 -4.467 0 
-4.34252 -7.86216 0 
-4.82219 -8.26592 0 
-4.93644 -7.5977 0 
-7.58078 -16.8887 0 
-8.03984 -16.0982 0 
0.352504 1.19784 0 
0.378203 1.02387 0 
0.16626 1.08774 0 
-1.25651 2.15802 0 
-1.40032 1.86197 0 
-1.57927 2.1358 0 
-19.6461 -15.0683 0 
-19.7172 -14.2958 0 
-19.0624 -14.5947 0 
-24.5238 -25.1471 0 
5.97175 -0.781142 0 
5.70749 -1.11282 0 
5.35979 -0.761804 0 
-2.08737 -2.13695 0 
-1.91874 -2.43534 0 
-2.16979 -2.39191 0 
-26.8234 -3.99683 0 
-27.6567 -4.14389 0 
-17.4105 -7.39907 0 
-18.1022 -8.00938 0 
0.859297 -0.478536 0 
1.02614 -0.414428 0 
1.03693 -0.545376 0 
-0.0155949 -2.54811 0 
0.25784 -2.60139 0 
0.114076 -2.74422 0 
-7.49896 1.3592 0 
-7.99701 1.03503 0 
-7.99601 1.49846 0 
7.40629 1.05956 0 
7.37653 1.67231 0 
-3.10352 -1.96521 0 
-2.83711 -1.71172 0 
-20.6592 -12.5135 0 
-19.9633 -12.0932 0 
0.36178 0.0435043 0 
0.468251 0.0409932 0 
-3.09892 0.0252024 0 
-3.12888 -0.332734 0 
-3.33624 -0.108916 0 
-11.2053 1.37742 0 
-10.8957 1.87566 0 
-10.5637 1.38422 0 
6.05698 -1.5401 0 
6.67163 -1.84059 0 
6.40916 -2.24854 0 
-0.0872873 -0.0693061 0 
-0.0360675 -0.0552615 0 
-0.0610824 -0.095851 0 
-0.642474 -0.425855 0 
-0.546157 -0.361855 0 
-0.531554 -0.475789 0 
-1.80357 4.49893 0 
-1.4524 4.31101 0 
-1.77416 3.95805 0 
0.63796 -4.30436 0 
1.01786 -4.43108 0 
-3.45804 -7.23936 0 
-4.00641 -7.43619 0 
0.202061 -2.25671 0 
0.122995 -2.0497 0 
-6.16558 -14.6096 0 
-6.85392 -14.7397 0 
-6.62394 -13.9095 0 
1.46712 0.801044 0 
1.31998 0.66682 0 
1.26849 0.880003 0 
-1.26271 5.39141 0 
-0.720765 5.55011 0 
-0.572308 -0.262286 0 
-0.461388 -0.31222 0 
-3.51406 4.41053 0 
-3.27543 3.94895 0 
-22.2934 -9.14366 0 
-22.3136 -8.3742 0 
-21.9585 -8.72761 0 
-20.1908 -15.5407 0 
-19.536 -15.8396 0 
5.40903 2.98343 0 
5.91621 3.0856 0 
5.9008 2.70382 0 
0.122075 -0.0892088 0 
0.0973105 -0.129507 0 
0.0838674 -0.0718688 0 
-8.39284 1.65434 0 
-7.89479 1.9785 0 
-0.0865867 -0.419627 0 
-0.125008 -0.515332 0 
-0.157419 -0.45116 0 
-0.645621 -1.50817 0 
-0.483004 -1.43229 0 
-0.523776 -1.61987 0 
-8.3728 -2.44091 0 
-8.58657 -1.84132 0 
5.44502 -1.52077 0 
-9.89999 -11.2359 0 
-10.0242 -10.457 0 
-9.3432 -10.8329 0 
0.349702 -1.17305 0 
0.470392 -1.05834 0 
0.463432 -1.17183 0 
3.48805 0.112543 0 
3.25784 -0.160904 0 
3.18693 0.31324 0 
0.949767 -0.256755 0 
1.1274 -0.323595 0 
6.79114 -1.24508 0 
7.14332 -1.95351 0 
0.524192 0.500705 0 
0.383414 0.503302 0 
0.447292 0.605831 0 
1.15623 0.576491 0 
1.03373 0.473369 0 
0.998847 0.642659 0 
-23.6607 -25.6863 0 
0.16868 -2.97458 0 
-0.104755 -2.92131 0 
-0.536223 0.49615 0 
-0.682609 0.447539 0 
-25.0261 -7.91911 0 
-24.4806 -8.33945 0 
-25.0698 -8.65232 0 
-10.0451 -24.8476 0 
-10.0019 -25.6585 0 
-10.7002 -25.407 0 
-16.2515 -23.0437 0 
-15.8166 -23.6618 0 
-16.7091 -23.5571 0 
-21.2971 -9.11582 0 
-21.3173 -8.34636 0 
0.226359 0.519212 0 
0.0705335 0.534233 0 
0.150688 0.623449 0 
-10.9449 -4.94267 0 
-10.3721 -5.25101 0 
1.06032 0.336 0 
0.902931 0.402168 0 
0.0196488 -0.143126 0 
0.069549 -0.165963 0 
0.0300947 -0.196922 0 
0.377873 0.402033 0 
0.300973 0.507159 0 
-0.0311362 -0.0143583 0 
-0.0606361 0.0114196 0 
-0.0294999 0.0257779 0 
-2.31713 4.47658 0 
-2.50704 4.00213 0 
-10.0868 -16.4364 0 
-10.3661 -17.1707 0 
-10.8122 -16.6483 0 
0.178137 -0.205688 0 
0.178828 -0.122916 0 
-12.2457 1.96766 0 
-11.7958 2.48011 0 
-24.2945 -19.2627 0 
-24.1159 -20.2431 0 
-0.014834 -0.127946 0 
-0.0660539 -0.14199 0 
0.8287 0.683836 0 
0.9512 0.786957 0 
-15.7168 -22.5808 0 
-16.6094 -22.4762 0 
0.130759 -0.592884 0 
0.160593 -0.488953 0 
-8.27046 -0.951111 0 
-8.78927 -1.23989 0 
-8.81362 -0.770603 0 
-1.96863 -0.0179639 0 
-1.88437 -0.245831 0 
-2.0898 -0.190567 0 
-3.67264 -0.289999 0 
-3.64267 0.0679376 0 
-4.62512 9.25546 0 
-4.51119 9.92401 0 
-3.80441 9.62557 0 
-21.3924 -25.9074 0 
-21.0353 -26.4466 0 
-3.89217 -8.10442 0 
-27.4216 -5.00883 0 
-28.2172 -4.49239 0 
-7.6619 -24.8017 0 
-7.01267 -24.6141 0 
-7.33337 -25.2462 0 
-12.207 8.07132 0 
-11.5045 8.42856 0 
-11.3825 7.92288 0 
-24.0269 -18.7923 0 
-23.4405 -19.3295 0 
-16.5641 -6.54726 0 
-17.3188 -6.68866 0 
-17.1415 -5.79039 0 
-0.285108 0.189964 0 
-0.297473 0.258404 0 
-0.24346 0.255442 0 
-22.5942 -24.7544 0 
-22.0654 -25.1442 0 
-22.5526 -25.3945 0 
-0.474722 -1.3085 0 
-0.352877 -1.42021 0 
0.845194 -2.26772 0 
1.0408 -2.09212 0 
1.04875 -2.32038 0 
0.546739 3.76999 0 
0.943388 3.64518 0 
0.512977 3.33463 0 
-19.7803 -4.43698 0 
-19.7735 -5.32373 0 
-20.4982 -4.7708 0 
-3.27304 -2.29927 0 
-2.98165 -2.32746 0 
-1.85814 0.541869 0 
-2.06851 0.408158 0 
-2.08482 0.64356 0 
-9.27862 -25.796 0 
-9.93366 -26.3554 0 
-22.3748 -22.9146 0 
-22.4556 -23.6057 0 
-22.8828 -23.1235 0 
3.43258 3.22991 0 
2.95452 3.37261 0 
3.30628 3.70771 0 
0.775222 0.448474 0 
0.631084 0.480323 0 
0.732208 0.571386 0 
-2.69904 -2.26538 0 
-2.86856 -2.59944 0 
-0.414691 -0.523383 0 
-0.511008 -0.587383 0 
-9.12973 -1.66081 0 
-2.29355 -2.61383 0 
-2.46219 -2.31544 0 
-0.228501 -0.478189 0 
-0.19008 -0.382484 0 
-20.5016 -14.009 0 
-30.3398 -8.3328 0 
-29.6967 -8.1728 0 
-29.7506 -8.68853 0 
2.06677 2.76778 0 
2.37726 2.7402 0 
2.23083 2.34266 0 
-4.34768 -23.1968 0 
-3.93101 -22.6821 0 
-1.188 -12.4101 0 
-0.3332 -12.9841 0 
-0.854804 -13.2495 0 
-5.72176 -15.2114 0 
-5.49178 -14.3812 0 
-2.99676 0.241372 0 
-2.78941 0.0175535 0 
1.06673 0.930116 0 
1.21387 1.06434 0 
-9.2 -0.476675 0 
-8.68118 -0.187896 0 
-0.872947 -1.86299 0 
-1.10594 -1.82754 0 
-0.919389 -1.66031 0 
-23.492 -18.0929 0 
-24.3461 -18.0261 0 
-21.0979 -5.26762 0 
-21.1047 -4.38087 0 
-1.48592 0.346372 0 
-1.65755 0.232376 0 
-1.6702 0.420463 0 
-19.5709 -3.66996 0 
-20.1929 -3.21653 0 
-19.259 -3.00244 0 
-3.4056 -13.8385 0 
-2.48298 -13.6424 0 
-8.94434 -10.3119 0 
-8.82009 -11.0907 0 
-10.3731 7.61966 0 
-9.83005 7.96424 0 
-9.52323 7.30378 0 
3.86385 -0.0905977 0 
3.79294 0.383546 0 
-1.07039 0.260917 0 
-1.06926 0.112021 0 
-1.19092 0.17902 0 
-18.4778 -14.1498 0 
-18.4067 -14.9223 0 
-7.1361 -23.6308 0 
-7.7679 -23.638 0 
-7.5628 -23.0991 0 
0.684562 0.715684 0 
1.09308 -2.57602 0 
1.28869 -2.40042 0 
-12.5315 -6.36139 0 
-13.223 -5.98224 0 
-12.7511 -5.6674 0 
0.502286 -2.10512 0 
0.387019 -2.20098 0 
0.391221 -2.01229 0 
3.58299 2.32993 0 
3.17056 2.48493 0 
3.49324 2.73982 0 
-1.34531 0.431187 0 
-1.33266 0.2431 0 
-1.09029 4.06955 0 
-2.32467 0.768225 0 
-2.55977 0.611943 0 
-2.58925 0.870319 0 
-14.7161 -23.1463 0 
-15.0421 -22.4318 0 
-14.3993 -22.4298 0 
0.207658 -0.0324012 0 
0.255123 0.0113941 0 
0.269604 -0.0551899 0 
-0.0679952 0.335313 0 
-0.0146845 0.324165 0 
-0.0677632 0.261933 0 
-4.66239 2.49923 0 
-4.2342 2.3867 0 
-4.60573 2.10836 0 
2.85805 -3.75235 0 
2.84699 -3.35558 0 
-5.0469 10.3652 0 
1.35486 0.497531 0 
5.37026 -1.93013 0 
5.02078 -1.50284 0 
-1.68651 0.655866 0 
-2.57776 -0.035192 0 
-2.43066 0.135511 0 
-2.32117 -0.133404 0 
-4.47592 8.59734 0 
-5.1827 8.89577 0 
0.220818 0.417943 0 
-7.58274 3.1807 0 
-8.07527 2.85473 0 
-8.09087 3.33997 0 
-23.3191 -23.5471 0 
-23.2383 -22.856 0 
-29.3334 -9.01999 0 
-29.9766 -9.17999 0 
0.166831 7.02433 0 
-0.306818 6.54935 0 
-0.235554 7.36815 0 
-1.33153 0.0942046 0 
-15.0247 -0.802414 0 
-15.4414 -1.53771 0 
2.98718 1.84124 0 
2.62769 1.96126 0 
2.90082 2.19506 0 
0.312168 -0.320744 0 
0.389472 -0.275087 0 
1.63951 0.944296 0 
1.58464 1.18204 0 
1.80852 1.11211 0 
7.41908 0.703512 0 
6.96822 0.978762 0 
-13.5811 -6.66098 0 
-13.1768 -7.33376 0 
-13.7545 -7.3185 0 
0.165385 -0.0652778 0 
0.150904 0.00130617 0 
2.64701 3.03007 0 
2.81107 2.60495 0 
2.00687 1.28447 0 
1.93656 1.56362 0 
2.18979 1.49822 0 
-4.10736 -13.9841 0 
-3.82248 -13.2147 0 
-23.9181 -7.91989 0 
-23.9618 -8.6531 0 
-10.8885 7.69567 0 
-11.591 7.33843 0 
0.896583 0.971293 0 
-7.88937 -24.2405 0 
-8.31607 -23.7088 0 
1.57761 5.48123 0 
0.952607 5.97143 0 
-20.7107 -15.9968 0 
-20.8208 -15.2255 0 
-23.1181 -25.4926 0 
-4.7861 -14.1717 0 
-5.22992 -13.5698 0 
-20.64 -9.45967 0 
-21.2812 -9.84092 0 
0.107756 -0.183303 0 
0.150376 -0.242144 0 
-0.286921 0.434252 0 
-0.374403 0.555788 0 
-3.40896 -5.24758 0 
-3.25034 -4.8637 0 
-3.06183 -5.38235 0 
5.68841 3.69241 0 
6.18018 3.4128 0 
0.0656439 0.41377 0 
-0.010027 0.518008 0 
-29.7916 -10.9581 0 
-29.1878 -11.2144 0 
-29.7534 -11.5307 0 
-2.1143 0.901937 0 
2.41676 1.6924 0 
2.33041 2.04623 0 
-0.111794 -0.682351 0 
-0.0179323 -0.722184 0 
-0.0969056 -0.777662 0 
-0.761687 -0.366883 0 
-0.747084 -0.480817 0 
0.630127 0.158828 0 
0.603797 0.275072 0 
0.700428 0.241166 0 
0.0246203 -0.0969868 0 
-1.12139 -5.73498 0 
-1.2599 -5.35986 0 
-0.846387 -5.55456 0 
7.52943 -0.984767 0 
8.00515 -1.28616 0 
7.73856 -1.65939 0 
0.478512 -0.208654 0 
0.555836 -0.130256 0 
3.49327 -7.47505 0 
3.05091 -7.26184 0 
3.48621 -6.84561 0 
5.95911 -4.16269 0 
5.34889 -3.64725 0 
6.17549 -3.79829 0 
-18.8463 -4.22289 0 
-0.858839 -2.08103 0 
-0.672285 -1.91379 0 
3.84501 3.07491 0 
2.48707 1.41326 0 
7.48164 2.89408 0 
6.81659 2.67942 0 
7.07304 3.02064 0 
4.68412 3.69941 0 
4.19535 3.30054 0 
4.27313 3.96388 0 
-3.92364 8.38191 0 
-4.48121 8.02222 0 
-19.3695 -22.3294 0 
-18.8695 -21.9412 0 
-18.7911 -22.6695 0 
0.233073 -0.370331 0 
0.174468 -0.41687 0 
0.162152 -0.311067 0 
-1.67735 0.876591 0 
-1.48941 0.755185 0 
-11.2096 2.4051 0 
-10.5679 2.4119 0 
1.80825 0.125066 0 
1.59137 0.0568229 0 
1.69801 0.251499 0 
-8.52769 3.59313 0 
-8.03516 3.9191 0 
-10.5354 -2.19084 0 
-9.92041 -2.43532 0 
-10.4442 -2.68163 0 
0.0215507 -0.023347 0 
0.0166194 -0.0642501 0 
-0.00493129 -0.0409032 0 
2.26398 -11.2508 0 
3.18019 -11.7687 0 
2.65522 -12.0311 0 
-13.4966 3.12675 0 
-13.4413 2.40578 0 
-12.8252 -5.02537 0 
-12.1337 -5.40452 0 
-14.0097 -7.86915 0 
-14.414 -7.19637 0 
-0.0163542 -0.229989 0 
0.033546 -0.252826 0 
-4.7966 -10.4328 0 
-5.52189 -10.4766 0 
-5.28275 -9.88348 0 
-7.69967 -27.4903 0 
-7.22509 -26.9625 0 
-6.98574 -27.6094 0 
-5.1397 -19.3046 0 
-5.62596 -18.8509 0 
-5.12912 -18.4678 0 
0.66766 -2.16663 0 
0.671862 -1.97795 0 
3.75115 0.775944 0 
3.40397 0.961978 0 
3.73799 1.15124 0 
2.22666 -3.99233 0 
1.94192 -3.73798 0 
-8.21007 -24.8726 0 
-0.23174 0.840383 0 
-0.063412 0.808606 0 
-0.373067 0.301238 0 
-0.427881 0.173437 0 
-9.83229 8.61655 0 
-8.98239 8.30068 0 
-21.1108 -11.2359 0 
-21.1148 -10.4392 0 
-20.6201 -10.9816 0 
-1.00936 7.31913 0 
-0.294992 -0.590921 0 
-0.193304 -0.642347 0 
-0.292456 -0.686403 0 
-17.9879 -6.6422 0 
-20.0113 -10.5678 0 
-20.0073 -11.3646 0 
-9.46933 -2.10338 0 
-9.67203 -1.50195 0 
2.64525 -7.47428 0 
2.63819 -6.84484 0 
-14.1725 -26.3977 0 
-13.6884 -25.7275 0 
-13.4445 -26.4867 0 
-12.0177 8.99438 0 
-12.8312 8.79831 0 
-11.2346 -14.2286 0 
-12.0129 -14.4122 0 
-11.8052 -13.7198 0 
-4.36922 -14.7955 0 
-4.75514 -8.76968 0 
-5.34906 -8.50521 0 
-18.0015 -26.4972 0 
-17.6858 -27.2432 0 
-18.2324 -27.1951 0 
-0.33142 0.366716 0 
0.595978 -1.20361 0 
0.475289 -1.31832 0 
0.332461 0.325925 0 
0.304064 0.2532 0 
0.267035 0.333165 0 
-4.4513 -22.2347 0 
-3.73458 -22.1507 0 
-0.326545 -6.24163 0 
-0.243815 -5.82966 0 
0.137516 -6.1416 0 
3.69691 1.55377 0 
4.04409 1.36774 0 
-1.04847 -0.136803 0 
-0.908996 -0.0958393 0 
-0.97815 -0.218108 0 
-0.494308 -0.712557 0 
-0.611172 -0.664963 0 
-1.77742 -13.4456 0 
0.17043 0.268231 0 
0.124213 0.353009 0 
0.192421 0.345217 0 
0.42508 -3.06382 0 
0.20625 -3.2409 0 
-0.731981 -0.618359 0 
-0.851194 -0.559387 0 
-0.702969 -0.0313424 0 
-0.751882 -0.146341 0 
-0.789759 -0.062146 0 
-1.2924 -1.00192 0 
-1.43129 -1.12858 0 
-1.50173 -0.922667 0 
-0.852484 -0.299495 0 
-0.991962 -0.340459 0 
-3.87989 -5.08932 0 
-3.69138 -5.60797 0 
2.88003 -5.21242 0 
3.22247 -4.97179 0 
3.3115 -5.35932 0 
3.19982 4.27814 0 
3.67789 4.13544 0 
6.47377 -3.53038 0 
6.59281 -2.64802 0 
-0.860082 0.0191593 0 
1.51472 -2.20855 0 
1.55905 -2.46418 0 
-1.70849 -0.21638 0 
-1.82967 -0.388984 0 
-3.06926 -0.614767 0 
-3.07261 -0.965072 0 
-3.36955 -0.817157 0 
-1.33789 0.808751 0 
-1.34706 0.588025 0 
-5.71336 -11.1558 0 
-6.19952 -10.6064 0 
-10.2738 -3.18939 0 
-10.8887 -2.94491 0 
-5.69753 8.95827 0 
-6.62102 8.72471 0 
-6.25539 9.32033 0 
-11.8588 1.32548 0 
-11.5267 0.834045 0 
-13.9497 -21.9234 0 
-13.6237 -22.6379 0 
-12.5219 -26.5847 0 
5.86354 -3.01494 0 
-15.4 -21.8643 0 
2.06175 1.04672 0 
-0.237765 -3.87311 0 
0.0605336 -4.01737 0 
-0.210503 -4.20534 0 
8.29907 -0.723978 0 
8.50821 -1.39861 0 
4.68542 -0.887545 0 
4.64499 -1.36968 0 
4.23487 -1.16374 0 
-3.65514 -1.00241 0 
-3.65279 -1.38244 0 
-3.93503 -1.21739 0 
-2.28732 -5.0579 0 
-2.00638 -4.71428 0 
-1.9526 -5.23402 0 
1.691 0.731113 0 
0.496906 0.295455 0 
0.567206 0.377793 0 
-11.3701 -26.7854 0 
-10.4475 -26.8835 0 
1.36795 -1.32316 0 
1.57371 -1.4733 0 
1.40481 -1.57735 0 
3.29923 -10.7883 0 
-0.503612 0.642388 0 
-19.8794 -22.0429 0 
-19.801 -22.7713 0 
-12.218 -13.3244 0 
-11.4397 -13.1408 0 
10.9188 -0.612311 0 
10.6108 -1.08583 0 
10.2872 -0.473523 0 
-0.0735482 -8.01489 0 
-0.49886 -8.20262 0 
-0.455301 -7.67383 0 
1.37334 -1.75395 0 
1.16758 -1.60381 0 
-16.1511 -7.077 0 
-15.9738 -6.17873 0 
-9.7548 -17.6251 0 
-10.4802 -17.8369 0 
1.32252 0.135332 0 
1.17751 0.247304 0 
1.33613 0.295229 0 
-25.6547 -15.74 0 
-25.238 -16.4753 0 
-7.50851 -26.4486 0 
-6.79458 -26.5676 0 
-0.35787 -0.567881 0 
-0.258718 -0.523826 0 
-11.3921 -16.7641 0 
-11.1128 -16.0298 0 
-5.96952 10.1201 0 
-4.68619 3.0003 0 
-5.05772 2.72196 0 
-0.696663 -1.17173 0 
-0.757354 -1.3233 0 
-0.849168 -1.17445 0 
1.49987 0.385559 0 
-17.2866 -13.31 0 
-17.2277 -14.0516 0 
-17.8811 -13.7357 0 
-2.75581 0.47388 0 
-3.06532 0.481529 0 
-0.28013 -0.803026 0 
-0.381818 -0.7516 0 
-21.5906 -25.3828 0 
-20.9592 -25.5059 0 
-31.688 -8.20566 0 
-31.575 -8.69967 0 
-32.0178 -8.72167 0 
-0.538684 -5.64258 0 
-0.677195 -5.26746 0 
-7.53476 -14.7217 0 
-3.6638 -1.76722 0 
-30.4195 -7.24452 0 
-29.7737 -7.01597 0 
-29.6401 -7.58852 0 
1.44853 -5.34629 0 
1.78654 -5.12251 0 
1.80774 -5.50586 0 
2.18829 -5.70743 0 
2.5574 -5.44102 0 
2.59996 -5.86637 0 
-4.31548 -27.3284 0 
-0.0746231 -5.54256 0 
0.414902 0.322068 0 
-6.2323 -26.4729 0 
-5.56767 -26.2869 0 
-5.84653 -26.8955 0 
-3.95393 -20.497 0 
-3.84828 -21.2297 0 
-4.36051 -20.9706 0 
-0.218128 -2.47697 0 
-3.65179 -0.652106 0 
-2.24394 -2.90692 0 
-1.9226 -3.04765 0 
-2.16539 -3.26428 0 
4.12695 0.572804 0 
1.36363 -4.58588 0 
1.66492 -4.38343 0 
1.72863 -4.76049 0 
-5.64565 -2.22973 0 
-5.66373 -1.82303 0 
-5.23948 -2.07246 0 
-3.95823 -0.475253 0 
-3.2687 9.1844 0 
3.00646 -6.11618 0 
3.40838 -5.81651 0 
3.44578 -6.33273 0 
-23.8611 -22.7672 0 
-24.0992 -23.5025 0 
-0.11433 -0.586869 0 
-6.15849 -19.2056 0 
-6.14791 -18.3687 0 
-0.985161 -0.503537 0 
-1.11083 -0.42215 0 
5.32346 -4.41718 0 
1.69782 -1.9999 0 
1.91904 -1.76527 0 
2.0063 -2.03768 0 
-0.720317 0.18259 0 
-0.844786 0.123386 0 
-0.824257 0.253123 0 
-16.2787 -7.95624 0 
-16.3579 -8.85609 0 
-7.5303 -25.7438 0 
-6.88107 -25.5562 0 
1.76236 -12.3497 0 
3.97953 -1.36577 0 
4.01996 -0.883642 0 
-18.2345 -4.72924 0 
-17.6547 -5.20017 0 
-18.4759 -5.46085 0 
0.652784 -1.76244 0 
0.472256 -1.74487 0 
0.618553 -1.59088 0 
4.74296 -5.97561 0 
5.18939 -5.68149 0 
-7.88796 -10.4272 0 
-8.3525 -9.91676 0 
-7.81924 -9.77428 0 
-4.4077 1.77943 0 
-4.83589 1.89196 0 
-30.3361 -6.17912 0 
-31.1695 -6.47324 0 
0.875275 -2.75414 0 
1.11521 -2.83417 0 
-6.51572 -25.9591 0 
0.688017 2.56069 0 
0.856191 2.25165 0 
0.518925 2.32692 0 
2.78476 1.29884 0 
2.55779 1.10466 0 
-11.9534 -21.94 0 
-12.4903 -22.3624 0 
-12.6372 -21.7092 0 
-0.424716 -1.05085 0 
-0.327711 -1.17987 0 
-0.441601 -1.16741 0 
-1.80251 0.11662 0 
-2.00795 0.171883 0 
-16.573 -14.3672 0 
-17.1674 -14.7929 0 
0.583498 6.4361 0 
2.59074 0.847096 0 
2.29305 0.96151 0 
0.0896725 -0.429689 0 
-2.83194 -0.480649 0 
-0.378416 -0.456287 0 
-18.5368 -13.4082 0 
-6.89301 9.88652 0 
-3.59508 -8.49029 0 
-3.16608 -8.99597 0 
-3.79927 -9.03606 0 
-23.5207 -20.4392 0 
-7.81563 9.64142 0 
-0.604773 -8.74163 0 
-0.986525 -8.40056 0 
1.91125 -0.578711 0 
1.86436 -0.334777 0 
2.09226 -0.424142 0 
-2.56838 -5.28806 0 
-2.62216 -4.76831 0 
-6.22725 -17.4995 0 
-6.12167 -16.7394 0 
-5.50979 -17.2539 0 
-1.20791 -0.833489 0 
-1.13747 -1.03941 0 
-3.12834 0.838097 0 
-3.36929 0.605588 0 
3.66179 -0.723638 0 
3.49507 -1.05055 0 
3.39224 -0.688518 0 
-0.832828 -3.57123 0 
-0.515479 -3.76247 0 
-0.826151 -3.86984 0 
-1.39698 -1.33889 0 
-1.6063 -1.25963 0 
-21.7642 -11.1764 0 
-21.2695 -11.7188 0 
-0.926935 2.14234 0 
-1.10588 2.41618 0 
-0.100299 -0.0103133 0 
-0.125314 -0.0509028 0 
-8.08176 9.01988 0 
-8.71851 9.57453 0 
1.60923 -2.76414 0 
1.83526 -2.57227 0 
1.24277 -3.64887 0 
1.40029 -3.96082 0 
-0.211326 0.391418 0 
-0.463481 1.26033 0 
-0.717519 1.32201 0 
-0.560208 1.4139 0 
1.1937 -8.69804 0 
1.8402 -8.53153 0 
1.60056 -9.01157 0 
-13.3776 4.0091 0 
-1.60684 -6.71966 0 
-1.15214 -6.58041 0 
-1.20211 -7.01293 0 
-11.1885 -25.9676 0 
-11.2317 -25.1567 0 
-0.0855158 -12.0797 0 
0.247684 -12.9192 0 
2.08783 -4.92006 0 
11.9136 -0.690036 0 
11.8848 -0.00350141 0 
-4.91238 -27.3744 0 
-4.585 -26.6636 0 
-1.03112 -1.47544 0 
-0.798126 -1.51088 0 
-5.90115 7.74954 0 
-5.54832 8.30015 0 
-5.38632 7.68705 0 
-23.8094 -23.8313 0 
-23.4539 -24.0988 0 
-0.415777 -0.172321 0 
-0.503437 -0.121814 0 
-0.431675 -0.081484 0 
-11.9383 -25.1602 0 
-11.4499 -24.5996 0 
0.464676 5.74086 0 
-14.6739 -0.234649 0 
-14.3415 -0.939023 0 
-1.27526 -3.35342 0 
-1.16821 -3.11345 0 
-1.03645 -3.43863 0 
0.511125 4.18835 0 
0.0807144 3.8778 0 
-17.7562 -15.2417 0 
-17.1015 -15.5573 0 
-8.59648 -25.9634 0 
-7.96081 -26.1386 0 
-8.57469 -26.6682 0 
-5.06913 -4.68847 0 
-5.4524 -4.9895 0 
-5.52531 -4.4826 0 
0.774099 -5.01255 0 
1.08157 -4.80814 0 
1.11987 -5.16735 0 
1.03488 -7.7211 0 
0.674745 -7.51472 0 
1.09639 -7.21463 0 
0.275943 1.44218 0 
0.487886 1.37832 0 
3.95434 2.17755 0 
3.63166 1.92266 0 
-2.0534 -8.7083 0 
-1.49757 -8.55392 0 
-1.64827 -9.09395 0 
-1.77975 -7.66023 0 
-1.26871 -7.50687 0 
-1.39166 -8.01491 0 
-23.624 -25.1985 0 
-1.08456 0.00779519 0 
-1.15371 -0.114474 0 
-18.7352 -11.2548 0 
-18.7877 -10.5462 0 
-18.1244 -10.8501 0 
-2.67991 -0.251362 0 
-0.82198 0.385938 0 
-0.946449 0.326734 0 
-30.8195 -8.51609 0 
-31.1493 -9.03211 0 
-24.346 -16.5602 0 
-24.7032 -17.2418 0 
-2.91133 -21.1624 0 
-2.91133 -20.4271 0 
11.3491 0.437675 0 
11.0514 -0.15056 0 
-0.628743 0.1034 0 
1.85029 -5.93121 0 
-0.083368 -0.881835 0 
-0.17723 -0.842002 0 
2.52071 3.50786 0 
-14.3051 -2.08258 0 
-14.6267 -2.72516 0 
-15.014 -2.14937 0 
2.08127 -2.37421 0 
2.30249 -2.13959 0 
-24.9292 -5.12889 0 
-25.591 -4.75327 0 
-24.9335 -4.39522 0 
-4.30745 -12.6959 0 
-3.60569 -12.5503 0 
-19.4093 -10.21 0 
-18.7985 -9.80529 0 
2.63735 -6.38259 0 
-4.25313 -1.04078 0 
-4.25078 -1.42082 0 
-0.814011 -7.36761 0 
-26.1986 -8.50998 0 
-26.763 -8.12159 0 
-26.1797 -7.84359 0 
-0.964023 0.0896923 0 
-0.176412 4.73272 0 
0.21793 5.22274 0 
0.439443 4.78617 0 
-18.3363 -2.75735 0 
0.247961 -3.50764 0 
-0.00843947 -3.4184 0 
5.09317 3.86398 0 
5.01539 3.20064 0 
-25.0381 -13.8891 0 
-25.4079 -14.2742 0 
-25.5989 -13.6569 0 
-7.57781 8.5746 0 
-8.48068 8.5077 0 
0.783648 -8.59964 0 
1.02329 -8.1196 0 
1.71674 0.453802 0 
-24.4943 -14.0527 0 
-24.6852 -13.4354 0 
1.14054 -12.6005 0 
-12.2561 -23.0157 0 
-12.9399 -22.7849 0 
-1.96288 2.13954 0 
-1.81906 2.4356 0 
-3.25898 -8.06432 0 
1.88914 0.597054 0 
-1.18717 -1.41635 0 
-1.36219 -1.5474 0 
-27.8556 -8.34586 0 
-27.2866 -8.29792 0 
-27.3509 -8.83591 0 
0.492618 -0.310527 0 
0.457093 2.05389 0 
0.288919 2.36292 0 
-20.0221 -9.8269 0 
-29.8281 -6.38216 0 
-29.0487 -6.72616 0 
-4.72852 -21.3079 0 
-4.83416 -20.5752 0 
-3.45092 -11.8544 0 
-2.96595 -12.3731 0 
-8.66474 -25.2664 0 
-1.06811 0.393732 0 
-23.0677 -21.7554 0 
-23.4248 -22.3437 0 
-27.2678 -7.63153 0 
-0.952085 -1.21862 0 
-0.891393 -1.06705 0 
3.32556 1.70616 0 
-5.01007 -17.7325 0 
3.05918 -4.57449 0 
3.49066 -4.72139 0 
-2.78719 -9.39503 0 
-2.36316 -9.83257 0 
-2.94625 -9.97928 0 
-0.571727 -1.17949 0 
-0.663541 -1.03064 0 
-2.53634 -2.83045 0 
0.642454 -2.9049 0 
0.620332 -2.64674 0 
-4.22087 6.91889 0 
-4.29864 7.51166 0 
-3.85116 7.21403 0 
-5.41935 -20.3001 0 
-5.69661 -20.9679 0 
-5.91379 -20.3555 0 
-2.23463 0.273574 0 
-7.69656 -9.26929 0 
-7.23202 -9.77971 0 
-3.11787 -10.5838 0 
-2.6667 -11.047 0 
-3.26235 -11.214 0 
-5.89988 -15.9668 0 
-1.97799 -6.37822 0 
-2.02795 -6.81075 0 
1.42746 -1.93614 0 
-2.16822 3.73511 0 
-1.81705 3.54718 0 
-3.6614 0.423461 0 
-3.9978 0.242378 0 
3.88814 -6.54594 0 
3.84643 -4.4582 0 
4.00972 -4.8555 0 
-11.5741 -5.13514 0 
-11.5 -5.77717 0 
-1.92346 2.72397 0 
-1.53985 2.72023 0 
-4.90448 -16.9724 0 
0.0917712 -0.288682 0 
-2.31632 -6.02348 0 
-1.89521 -5.93239 0 
-1.62553 -3.21663 0 
-1.49378 -3.54181 0 
-25.0162 -7.24368 0 
-25.6054 -7.55655 0 
-4.65344 -4.87762 0 
-4.72635 -4.37072 0 
8.88306 -1.9194 0 
9.41877 -2.50764 0 
-15.9749 -13.9364 0 
-15.9146 -14.6777 0 
-13.9794 -25.053 0 
-13.2514 -25.1419 0 
1.87349 -0.124909 0 
1.98012 0.0697672 0 
2.00912 5.21244 0 
1.2653 5.0074 0 
9.10344 -0.393704 0 
8.50821 -0.369194 0 
-2.04198 1.73986 0 
-2.28178 2.03965 0 
-24.9688 -6.55722 0 
-25.5911 -6.18402 0 
-24.9643 -5.86013 0 
-20.792 -20.4414 0 
-20.2215 -20.0568 0 
-20.2141 -20.7307 0 
-11.3222 -1.27462 0 
-10.8651 -1.82081 0 
-11.5162 -1.89096 0 
3.61232 -8.16132 0 
0.313957 -4.15249 0 
0.411798 -4.50147 0 
0.628386 0.0542522 0 
0.531755 0.0881586 0 
1.04671 0.176103 0 
0.248063 -8.28244 0 
0.418477 -8.86088 0 
-2.31262 5.28898 0 
-2.81108 5.22032 0 
-2.61478 5.70212 0 
13.3153 -1.00986 0 
12.8084 -1.25521 0 
0.0764503 -0.655434 0 
0.091339 -0.750745 0 
-13.8007 -5.96698 0 
-23.3386 -8.8529 0 
-23.9011 -9.27246 0 
-7.72763 5.26367 0 
-8.15231 4.97511 0 
-8.22259 5.51265 0 
-8.84219 1.56633 0 
-9.09145 1.05707 0 
-9.43958 1.4491 0 
-6.02649 -3.2942 0 
-5.62921 -3.05442 0 
-5.60092 -3.53691 0 
4.33457 -6.25183 0 
-3.90208 -11.3912 0 
-16.4382 -15.8363 0 
-17.027 -16.2851 0 
-0.115447 -0.172665 0 
-0.0691984 -0.20476 0 
-1.53362 3.38937 0 
-1.92767 3.16642 0 
-3.54189 -10.1463 0 
3.13631 0.788465 0 
3.12314 1.16376 0 
-18.3408 -15.6866 0 
-4.28225 -0.303029 0 
-4.26141 -0.665136 0 
-1.27161 -0.21473 0 
-1.30769 -0.0701312 0 
-19.3545 -11.6795 0 
3.6387 -4.07923 0 
4.15777 -4.21334 0 
-22.682 -18.4074 0 
-23.0012 -17.6412 0 
-0.0908724 0.42825 0 
3.05243 1.47236 0 
-4.23661 -1.81148 0 
-3.90274 -1.98605 0 
-4.20666 -2.20011 0 
0.324484 -0.426547 0 
-9.7222 1.92041 0 
-9.97146 1.41115 0 
-8.17944 -19.2192 0 
-8.27383 -18.4895 0 
-7.70503 -18.7728 0 
-10.2811 0.912909 0 
-9.93781 0.407715 0 
-10.53 0.380792 0 
0.0453223 -0.321749 0 
-14.1169 2.15077 0 
-14.9503 1.90567 0 
-1.99537 4.82954 0 
-0.407988 -0.243632 0 
-0.381837 -0.343201 0 
0.0214883 -0.564323 0 
-15.115 -7.22775 0 
-15.2426 -8.10698 0 
-15.6884 -7.58771 0 
-6.29129 -27.7564 0 
-14.1547 -20.3732 0 
-14.2193 -19.6505 0 
-13.553 -19.9645 0 
-7.13689 -1.9807 0 
-7.35371 -2.44645 0 
-17.4018 -25.3913 0 
-17.1664 -25.9422 0 
-17.6903 -25.9944 0 
-9.75961 -0.591892 0 
-10.0018 -1.13192 0 
-10.4289 -0.664435 0 
-5.24476 -11.6733 0 
-5.92238 -11.8031 0 
-25.0736 -9.17183 0 
-25.6191 -8.75149 0 
-6.14856 -19.8523 0 
-6.67052 -19.3702 0 
-2.62644 1.17235 0 
-2.86155 1.01607 0 
1.14107 -5.55071 0 
1.15686 1.28288 0 
1.35861 1.23277 0 
-5.56628 -0.433315 0 
-5.9145 -0.264374 0 
-5.58889 -0.0109859 0 
-0.0434981 -0.555336 0 
-10.8339 -3.91511 0 
-10.2318 -3.69622 0 
-7.92938 2.41492 0 
-8.43751 2.57418 0 
-17.7449 -21.9326 0 
-18.3531 -21.6148 0 
-17.8069 -21.2662 0 
-13.1837 1.37508 0 
-13.8594 1.12007 0 
-13.6296 1.81146 0 
-24.2192 -4.02758 0 
-10.7864 -0.168186 0 
-11.0285 -0.708219 0 
-1.09641 0.843801 0 
-0.950217 0.886376 0 
-1.04935 0.684166 0 
6.36539 -0.597023 0 
6.01769 -0.246011 0 
-28.4494 -8.1682 0 
-28.5137 -8.70619 0 
-0.481982 -0.82918 0 
-0.351015 -1.70996 0 
-0.513633 -1.78584 0 
6.83601 1.69501 0 
7.2571 2.0325 0 
-0.715282 -0.743533 0 
-26.1698 -7.16815 0 
-4.85093 7.72709 0 
-5.20376 7.17648 0 
-0.517988 0.061485 0 
-0.63009 0.0109376 0 
0.451494 0.219347 0 
6.69617 0.280409 0 
7.18973 0.352986 0 
6.90489 0.0106841 0 
-6.68137 -10.106 0 
-6.87284 -10.7851 0 
-13.9807 0.628534 0 
-14.4267 1.06491 0 
-22.7298 -21.1474 0 
-22.4642 -21.8244 0 
-11.8067 -2.48956 0 
-12.2638 -1.94337 0 
-32.3154 -7.66775 0 
-32.6726 -8.08442 0 
-23.5128 -24.6939 0 
-23.0225 -24.4097 0 
-5.44643 3.95138 0 
-5.0456 3.70693 0 
-5.48235 3.46748 0 
-18.6912 -11.9834 0 
-8.88365 3.92654 0 
-8.93935 3.34741 0 
-17.2516 -20.9036 0 
-17.8598 -20.5857 0 
-12.4015 6.64291 0 
-12.2527 6.03017 0 
6.72448 -0.338978 0 
6.67853 -0.874109 0 
-8.51723 -20.9834 0 
-9.07646 -21.3642 0 
-9.10302 -20.6928 0 
-19.5458 -20.9736 0 
-20.1162 -21.3582 0 
2.86979 0.275213 0 
3.1 0.54866 0 
-23.1656 -19.9308 0 
-22.9782 -20.5701 0 
-22.5353 -24.1593 0 
-4.9719 -26.1489 0 
-14.6736 -24.9874 0 
-14.2366 -24.4018 0 
-0.0657471 -0.260664 0 
-0.447181 -0.00956365 0 
-0.359521 -0.0600704 0 
-0.970058 -0.641079 0 
0.128251 -4.70002 0 
0.452254 -4.85189 0 
-6.75979 -17.8541 0 
-15.3792 -21.281 0 
-16.0539 -21.4299 0 
-5.49141 2.04264 0 
-5.15112 1.79909 0 
-5.60862 1.62084 0 
-2.90537 6.10282 0 
-2.4069 6.17147 0 
4.2561 -5.75685 0 
-19.3424 -23.6665 0 
-18.8021 -23.314 0 
-18.8535 -23.9227 0 
-9.94911 -11.9345 0 
-10.6301 -11.5586 0 
2.13145 -2.67418 0 
-7.54315 -10.9256 0 
-7.06129 -11.426 0 
3.75082 -5.57588 0 
-18.4846 -20.2854 0 
-17.9293 -19.9228 0 
1.15632 -3.11878 0 
1.37413 -2.94066 0 
-7.94309 -20.6387 0 
-7.91654 -21.3101 0 
1.69249 -0.279478 0 
-7.31927 -17.514 0 
-8.06092 -17.4178 0 
-28.3928 -7.58392 0 
-29.0509 -7.94426 0 
-28.8168 -11.0874 0 
-28.7786 -11.66 0 
-2.51422 -6.94246 0 
-2.14308 -7.28389 0 
2.46837 -5.05348 0 
-16.7241 -19.8307 0 
-17.3605 -19.5277 0 
-16.78 -19.1352 0 
3.00397 4.65527 0 
2.37897 5.14547 0 
4.41534 1.19265 0 
4.37426 1.59518 0 
-14.0033 -1.48511 0 
-13.616 -2.0609 0 
-0.151179 5.68741 0 
-14.7732 -20.8873 0 
-15.4271 -20.453 0 
-11.3581 4.64949 0 
-11.8027 4.23488 0 
-11.9363 4.82637 0 
-0.155992 -9.14664 0 
0.379593 -9.46384 0 
-9.16792 -20.003 0 
-9.72715 -20.3838 0 
-14.8817 -19.3431 0 
-14.2799 -18.9344 0 
-5.61375 1.19007 0 
-5.26841 0.988672 0 
-5.61382 0.801463 0 
-6.47069 -3.06231 0 
-6.44241 -3.54481 0 
-1.32608 -1.77445 0 
-1.53588 -1.69699 0 
-10.3089 -20.7758 0 
-10.3738 -20.0859 0 
-0.244442 -3.5745 0 
0.905467 4.67837 0 
-4.5547 -1.63487 0 
2.12133 -9.52003 0 
1.47483 -9.68654 0 
-0.487092 -4.40182 0 
-0.188794 -4.54608 0 
-2.583 -8.84926 0 
-12.3378 -0.848913 0 
-12.0442 -0.282516 0 
-11.6796 -0.778369 0 
1.52762 1.40058 0 
-5.64503 -9.46813 0 
-4.91974 -9.42432 0 
-0.184715 -0.0275884 0 
-0.171703 -0.0865812 0 
5.97816 -2.34754 0 
-12.6438 -1.4041 0 
-12.9342 -2.0027 0 
-4.43194 -6.22273 0 
-4.65504 -6.68173 0 
-6.47182 -2.54251 0 
-6.88773 -2.79312 0 
-1.90697 6.25899 0 
-2.19756 6.65968 0 
-3.29023 -6.28325 0 
-2.80977 -6.11777 0 
-2.87956 -6.63479 0 
-4.39286 -9.18502 0 
-3.96387 -9.6907 0 
-1.20471 -2.9002 0 
-1.40709 -2.7336 0 
-1.20478 -2.60556 0 
-1.54589 -5.91371 0 
-1.13238 -6.10841 0 
-10.9763 5.06214 0 
-10.8427 4.47065 0 
-19.0294 -20.6472 0 
-19.0989 -19.9842 0 
-11.1931 8.84594 0 
2.77086 -2.96427 0 
3.10768 -3.12851 0 
-1.06591 -1.26693 0 
-19.7174 -19.6993 0 
-19.1727 -19.3375 0 
-7.29057 -12.0919 0 
-6.62027 -11.9515 0 
-8.75819 5.79512 0 
-8.3335 6.08369 0 
-22.0272 -23.9504 0 
-2.4323 -8.30923 0 
-9.62718 -0.00918452 0 
-0.576316 -0.164094 0 
-0.592214 -0.0732573 0 
-7.07629 -22.1427 0 
-7.46282 -21.599 0 
-6.95588 -21.5091 0 
-14.1069 -21.2012 0 
-12.4413 0.214522 0 
-11.7831 0.285067 0 
-7.23993 -18.3833 0 
-10.4356 -19.3707 0 
-11.0174 -19.7627 0 
-7.35259 -2.96625 0 
-16.8901 -17.7182 0 
-16.9499 -16.9936 0 
-16.3038 -17.2888 0 
0.852741 -9.89422 0 
0.278272 -10.18 0 
0.403381 0.714912 0 
0.544159 0.712315 0 
-0.72578 -3.33126 0 
-11.1296 0.337008 0 
-17.6133 -16.7145 0 
-23.6081 -4.44202 0 
-22.9816 -4.83622 0 
-23.6452 -5.16504 0 
-1.79906 5.31133 0 
-1.57996 5.85085 0 
-28.6625 -10.6909 0 
-28.9094 -10.1492 0 
-28.3459 -10.1983 0 
-17.7286 -23.2546 0 
-18.3021 -22.9257 0 
-17.7176 -22.6102 0 
-9.72423 -27.021 0 
-9.02978 -27.1681 0 
-9.15983 2.93555 0 
-8.88686 2.48618 0 
-9.4633 2.40774 0 
0.675619 -2.39489 0 
-19.2362 -18.6501 0 
-18.6177 -18.935 0 
-8.74097 2.04637 0 
-6.15166 -12.469 0 
-8.34264 -22.3806 0 
-8.86704 -22.7617 0 
-9.01508 -22.0359 0 
-18.6252 -12.7011 0 
-18.006 -12.2764 0 
1.74554 -1.56005 0 
2.05401 -1.59784 0 
-16.0391 -13.2009 0 
-15.3807 -13.5114 0 
-11.9017 -26.5351 0 
-0.388699 -7.17989 0 
-17.9853 -19.2274 0 
-0.474019 6.06822 0 
-6.06234 -2.396 0 
-5.63809 -2.64544 0 
-0.747874 -0.244533 0 
-21.8208 -16.841 0 
-21.8979 -16.127 0 
-21.2636 -16.3956 0 
-4.98956 4.69309 0 
-5.42754 4.45817 0 
-5.40742 4.96042 0 
-12.664 -8.40045 0 
-12.678 -7.70033 0 
-11.9917 -8.10951 0 
-20.6349 -22.9085 0 
-21.2121 -22.7985 0 
-20.8881 -22.3748 0 
-2.62756 1.8419 0 
-2.54846 2.24159 0 
-4.57715 -0.868561 0 
-5.32062 -5.9948 0 
-5.25936 -6.52109 0 
-5.72666 -6.34637 0 
-31.776 -7.76871 0 
-31.9606 -7.2088 0 
-17.3518 -12.5734 0 
-17.4178 -11.8558 0 
-13.9604 -4.62441 0 
-14.2325 -5.30516 0 
-14.7503 -4.64132 0 
-20.2953 -19.41 0 
-1.44942 -0.00605102 0 
4.38637 -9.64278 0 
3.99947 -8.9565 0 
4.55357 -9.11765 0 
-0.143951 0.366018 0 
-5.86429 4.21872 0 
-5.35767 -25.7263 0 
-15.7739 -16.142 0 
-15.8483 -15.4141 0 
-1.12097 -4.05839 0 
-0.803616 -4.24964 0 
-14.5834 -15.3021 0 
-15.2503 -14.9833 0 
-14.6497 -14.5657 0 
-24.3894 -6.91978 0 
-8.78081 0.640168 0 
-9.3782 0.522932 0 
-11.6188 -20.1758 0 
-11.6806 -19.4605 0 
-8.90709 -24.0416 0 
-8.78562 -23.4391 0 
1.65035 -3.04875 0 
-10.6349 -10.1393 0 
-11.218 -10.5573 0 
-11.2718 -9.8367 0 
-1.23876 1.01096 0 
10.5773 -2.20889 0 
11.2023 -1.96379 0 
-3.72442 0.780029 0 
-9.99518 2.36979 0 
-5.39575 5.49745 0 
-5.83372 5.26253 0 
-24.1988 -15.8805 0 
-23.664 -16.647 0 
-16.0884 -20.1424 0 
-16.6689 -20.5349 0 
10.9307 -1.49767 0 
11.5141 -1.69074 0 
-10.2768 -7.00395 0 
-10.2884 -6.40644 0 
-9.70011 -6.6994 0 
-11.5786 -4.57002 0 
-2.26602 -7.79194 0 
-15.4823 -19.7487 0 
-15.543 -19.0326 0 
-14.906 -11.6309 0 
-14.9743 -10.8986 0 
-14.3044 -11.2097 0 
-3.52758 7.56735 0 
-3.44981 6.97458 0 
-16.1043 -12.4643 0 
-16.1698 -11.7363 0 
-15.5104 -12.0479 0 
-11.0531 3.49967 0 
-11.468 3.01635 0 
-11.6394 3.57468 0 
-1.37062 6.33906 0 
-12.0852 5.43912 0 
-21.7958 -21.7407 0 
-22.1337 -22.3486 0 
-22.689 -8.09584 0 
-23.2721 -7.60917 0 
-22.5617 -7.47148 0 
-17.1734 -27.6384 0 
-16.4888 -28.0306 0 
-1.79568 -3.76552 0 
-1.44541 -3.90232 0 
-12.9869 -11.7778 0 
-13.5831 -12.2003 0 
-13.6398 -11.5194 0 
-0.266592 -0.907199 0 
2.12044 0.511845 0 
2.0947 0.789157 0 
-20.5477 -21.8 0 
-1.17282 1.23325 0 
-1.4143 1.1982 0 
-0.445834 0.0828986 0 
-12.1912 -20.5802 0 
-12.7944 -20.987 0 
-12.8852 -20.2803 0 
-2.62029 -0.533394 0 
-10.0781 -9.73642 0 
-16.1938 -18.7258 0 
-15.5932 -18.3202 0 
-11.7389 -18.7312 0 
-12.3403 -19.1443 0 
-4.98901 -12.8404 0 
-4.77222 -12.1761 0 
-1.22887 -9.50972 0 
-1.7847 -9.66409 0 
-24.3069 -5.50208 0 
-14.0444 -14.1508 0 
-14.7113 -13.832 0 
-16.8302 -18.4228 0 
-15.7631 -2.18029 0 
-16.6159 -21.2154 0 
-0.905762 1.26079 0 
-1.0813 1.44803 0 
-2.79562 -7.9329 0 
-23.7908 -7.29553 0 
-23.7434 -6.60907 0 
-20.6093 -7.97661 0 
-21.2707 -7.5884 0 
-2.44575 -3.47024 0 
-2.12442 -3.61098 0 
-15.7098 -16.87 0 
-15.12 -16.4478 0 
3.10398 -0.759959 0 
3.2707 -0.433043 0 
-9.60087 -21.7453 0 
-12.3448 -12.0533 0 
-12.4015 -11.3724 0 
-10.9027 -6.10939 0 
-10.3261 -5.80484 0 
-11.528 -20.8824 0 
-21.8871 -7.17221 0 
-22.4701 -6.68554 0 
-0.286154 -3.30776 0 
-26.1798 -6.50921 0 
-26.1754 -5.81212 0 
-13.179 -16.6507 0 
-13.1156 -17.3758 0 
-13.7919 -17.067 0 
1.19023 -1.9626 0 
-5.47578 2.4906 0 
-5.93328 2.31235 0 
-11.7451 -17.8988 0 
-11.0854 -18.215 0 
-17.4756 -11.1397 0 
-16.8215 -11.4367 0 
-14.4556 -16.7589 0 
-14.5197 -16.0309 0 
-23.0817 -6.27203 0 
-23.6803 -5.89629 0 
-14.3355 -18.2095 0 
-14.9992 -17.9014 0 
-14.3923 -17.4839 0 
-9.75777 -5.54806 0 
-5.22608 -15.7385 0 
-4.54779 -15.5063 0 
-4.72591 -16.2616 0 
-2.49122 0.371786 0 
-13.7081 -10.7871 0 
-13.774 -10.0547 0 
-13.1094 -10.3644 0 
1.43223 0.000879263 0 
1.27361 -0.0470455 0 
-0.022725 0.0617879 0 
0.00677494 0.03601 0 
-24.234 -24.0543 0 
-24.4126 -24.6425 0 
-14.5021 -23.7403 0 
-13.8078 -23.8059 0 
-11.8496 -24.1519 0 
-11.1431 -24.1484 0 
-29.3927 -10.0766 0 
-29.0761 -9.58401 0 
-4.60287 -0.131683 0 
-4.29969 0.0582004 0 
-10.474 -18.6694 0 
-18.0489 -18.5399 0 
-11.1702 -11.2539 0 
-11.8072 -10.9513 0 
-6.42582 -20.5201 0 
-1.66583 1.13323 0 
-1.86294 1.03391 0 
-20.038 -9.1018 0 
-20.6336 -16.7108 0 
-13.236 -2.60017 0 
-15.0726 -25.4968 0 
-15.3298 -24.8457 0 
-14.7755 -13.0966 0 
-2.54993 3.59127 0 
-2.54876 3.07516 0 
-2.88758 3.34218 0 
6.18452 1.16669 0 
6.52993 1.43331 0 
6.61003 1.06819 0 
-13.2831 -14.3939 0 
-12.6492 -14.7122 0 
-13.3488 -15.2028 0 
-18.9315 -21.2747 0 
-5.39207 -5.50772 0 
-5.84825 -5.30186 0 
-2.20689 2.88179 0 
-16.2276 -11.0202 0 
0.801807 0.311105 0 
-4.13549 -10.2952 0 
-5.95403 1.43363 0 
-12.9498 -19.5577 0 
-1.23596 2.73632 0 
-0.90639 2.72065 0 
-13.7845 -3.87796 0 
-13.2668 -4.54179 0 
-5.73395 -25.3406 0 
-5.13819 -25.2025 0 
-12.4493 -10.6758 0 
-0.643657 -9.34459 0 
-2.79849 8.84357 0 
-3.44814 8.6162 0 
-9.83046 -18.9926 0 
-13.919 -15.6132 0 
-13.3895 -23.2913 0 
-13.1241 -23.9529 0 
-6.27109 -0.511506 0 
-6.29369 -0.0891764 0 
-8.73823 -16.1965 0 
-8.45564 -15.5021 0 
-11.4366 -3.00081 0 
-12.1841 -3.05322 0 
-7.98665 -12.231 0 
-7.54562 -12.7565 0 
-19.863 -18.3698 0 
-19.308 -17.9673 0 
-14.5906 -5.9839 0 
-12.6088 -16.2403 0 
-13.2851 -15.9315 0 
-22.3244 -4.49545 0 
-22.3615 -5.21848 0 
9.17698 -1.35723 0 
-13.5182 -12.938 0 
-14.1711 -12.6796 0 
-16.0015 -24.7652 0 
-15.6025 -24.2557 0 
-15.6249 -10.6001 0 
-15.0233 -10.1789 0 
-21.125 -21.6901 0 
-0.357074 0.102388 0 
0.139936 0.0514865 0 
0.124024 0.11163 0 
0.177264 0.0943265 0 
-5.49959 2.99167 0 
-5.90042 3.23612 0 
-13.3448 -13.6603 0 
-7.14554 -19.113 0 
-4.23648 -5.00479 0 
-4.57926 -5.32254 0 
-15.65 -17.5946 0 
0.828137 0.19486 0 
-11.4086 -7.7185 0 
-11.3946 -8.41862 0 
0.469993 0.145569 0 
-4.31842 0.413724 0 
-13.2627 -8.81162 0 
-12.5765 -9.2208 0 
-10.8525 -21.1611 0 
-11.4249 -21.5655 0 
-2.99468 -7.10794 0 
-18.9063 -16.1208 0 
-19.451 -16.5933 0 
0.401643 -0.490456 0 
-2.54454 2.63271 0 
-20.0078 -16.9996 0 
-19.3781 -17.2808 0 
-13.0081 -18.8284 0 
-18.0251 -3.96221 0 
-26.7541 -6.79625 0 
-14.198 -3.30947 0 
-14.9069 -3.37627 0 
-9.29698 6.02587 0 
-9.89558 6.32239 0 
-9.4677 6.66268 0 
-13.3312 -21.4093 0 
-17.1714 -22.2616 0 
1.44493 -7.8195 0 
-26.2238 -5.07363 0 
-26.2281 -4.33997 0 
-27.5733 -10.8296 0 
-27.7868 -10.2976 0 
-27.2611 -10.3872 0 
-8.07721 -19.9073 0 
-7.47652 -20.234 0 
5.92927 0.542493 0 
6.33797 0.36984 0 
6.00263 0.110761 0 
-21.4955 -14.9732 0 
-20.9756 -14.5171 0 
-6.32783 1.64344 0 
-6.33296 1.21267 0 
-27.3493 -11.3388 0 
-27.8751 -11.2492 0 
-26.1391 -13.4916 0 
-26.4367 -14.0063 0 
-5.06108 -7.0333 0 
-12.4507 -17.6872 0 
-13.0636 -18.1035 0 
4.49435 0.404196 0 
4.45257 0.796594 0 
3.50832 -1.93276 0 
3.80654 -1.62181 0 
3.89622 -1.95682 0 
-22.8413 -3.33111 0 
-23.5556 -3.69876 0 
-9.3781 -2.59417 0 
-9.62868 -15.0533 0 
-9.40343 -14.3767 0 
-8.92877 -14.9238 0 
-3.98903 -19.8738 0 
-4.55451 -19.5797 0 
0.501385 -3.64276 0 
0.286696 -3.82026 0 
-6.39257 -13.1984 0 
-5.69469 -13.05 0 
0.09204 -0.869275 0 
0.490552 -5.2111 0 
11.3751 -0.762872 0 
0.237874 0.0771524 0 
0.29982 0.0543637 0 
-7.77699 -13.4676 0 
-7.08091 -13.3285 0 
1.71184 2.60159 0 
1.85827 2.99913 0 
-8.73033 -12.2537 0 
-8.47528 -11.5891 0 
-8.23039 -14.8255 0 
-8.89221 -24.7052 0 
-9.36176 -24.4355 0 
-9.84344 -15.7572 0 
-10.3181 -15.2101 0 
2.01991 2.0738 0 
-16.6985 -12.8893 0 
-8.0079 -14.1434 0 
4.71247 1.82133 0 
4.34123 1.99642 0 
-26.0908 -15.3141 0 
-25.3169 -15.3679 0 
2.22992 0.00606292 0 
2.16468 0.256038 0 
-8.47261 -13.5714 0 
-3.63385 -2.15585 0 
-3.51198 -2.51811 0 
-10.1445 -22.1307 0 
-10.2059 -21.4589 0 
-13.0083 -0.908246 0 
9.76545 -1.41253 0 
9.39059 -0.891737 0 
-9.45806 -23.0945 0 
0.723764 -3.45754 0 
-2.81721 -1.09636 0 
-0.346312 -6.71362 0 
0.0123988 -7.01984 0 
-2.50414 7.07123 0 
-2.00421 7.15875 0 
-4.50781 -5.80962 0 
-4.92477 -5.68245 0 
-12.5151 -9.94333 0 
-18.7513 -17.561 0 
5.08945 -5.15167 0 
-2.57527 -2.04346 0 
-4.9531 1.47015 0 
-3.45343 8.04108 0 
-18.1788 -17.1487 0 
-18.1087 -17.8353 0 
0.0138443 -0.91981 0 
-0.0664801 -0.98415 0 
-19.9461 -7.61698 0 
-19.9927 -8.37494 0 
-1.81016 7.6577 0 
-2.13754 8.07436 0 
-6.60572 -0.808501 0 
-6.98551 -1.06356 0 
-7.03006 -0.591365 0 
-10.5651 -14.0212 0 
-10.3318 -13.339 0 
-9.87005 -13.824 0 
-14.4363 -9.76483 0 
-13.8376 -9.34211 0 
-9.17014 -13.6945 0 
-0.499525 -2.00388 0 
-13.673 -18.5169 0 
-10.6581 -22.501 0 
-10.0531 -22.7874 0 
12.0526 -1.61791 0 
12.5883 -1.61791 0 
-11.4354 -7.06019 0 
-10.8383 -7.3693 0 
-8.93924 -13.0187 0 
-17.5281 -10.4311 0 
-21.7064 -22.8308 0 
-13.5044 -3.22685 0 
-16.6367 -21.7986 0 
-12.8226 -3.16866 0 
-21.4555 -21.1659 0 
-6.31879 -25.4615 0 
-6.0993 -24.9377 0 
-21.7499 -5.63199 0 
-22.407 -5.97276 0 
-1.61823 0.0425286 0 
-14.8405 -12.3589 0 
-18.2558 -16.4403 0 
-17.4763 -18.1276 0 
-16.2766 -10.3005 0 
1.37351 -10.4027 0 
-20.9072 -3.21653 0 
-4.5632 -11.5288 0 
-0.669413 1.65184 0 
-0.415375 1.59016 0 
-15.0869 -9.46632 0 
-9.42786 -12.3768 0 
-3.11683 -3.08597 0 
-2.81895 -2.89254 0 
-2.7846 -3.31698 0 
-4.37463 -10.8883 0 
4.87334 -3.61783 0 
4.54127 -3.92302 0 
4.2821 -3.52918 0 
-30.7655 -8.00037 0 
-31.3332 -7.74671 0 
-30.8535 -7.56342 0 
-24.3068 -9.74356 0 
-23.6836 -9.94336 0 
-2.727 -5.67194 0 
-24.4671 -10.8645 0 
-23.916 -10.9888 0 
-24.2938 -11.4388 0 
-5.05135 -19.9628 0 
-7.13562 -19.7597 0 
-21.3898 -13.0937 0 
-21.1763 -13.7567 0 
-21.8638 -13.6018 0 
-29.9583 -9.80474 0 
-29.7916 -10.3699 0 
0.630189 2.92288 0 
0.967455 2.84761 0 
5.53858 0.683782 0 
5.87392 0.942862 0 
-10.3414 -1.5745 0 
-8.92462 7.00727 0 
-22.7238 -12.843 0 
-22.5043 -13.4459 0 
-23.1508 -13.35 0 
-8.03696 -21.9437 0 
4.74901 -4.30198 0 
-14.6472 -26.8871 0 
-14.8911 -26.1279 0 
-12.7568 -13.1811 0 
-11.9163 -9.53215 0 
-10.25 -7.66226 0 
-22.2908 -14.1089 0 
-2.41517 -12.8723 0 
-3.4768 -20.133 0 
-20.3872 -18.7643 0 
-20.459 -18.0816 0 
-1.50358 7.24615 0 
0.818158 -1.82396 0 
0.108928 -0.97159 0 
-21.1791 -6.80246 0 
-11.7971 -17.171 0 
-28.0337 -9.75586 0 
-12.4311 -24.0207 0 
-12.8494 -24.5353 0 
-13.9251 -8.52177 0 
-14.8598 -6.67709 0 
-15.2916 -6.01527 0 
4.58616 -0.43277 0 
4.22202 -0.250602 0 
4.53287 -0.00176183 0 
-8.06467 4.4492 0 
-8.55963 4.69818 0 
-1.70408 -2.85927 0 
-1.70416 -2.56463 0 
5.03427 2.03738 0 
5.06731 1.63614 0 
-10.06 -24.184 0 
-10.655 -23.8769 0 
-9.97167 -23.4648 0 
-19.9845 -26.5976 0 
-19.4786 -26.6711 0 
0.0934108 0.776121 0 
0.249237 0.7611 0 
0.100627 1.90355 0 
0.319206 1.85628 0 
0.192746 1.66994 0 
-5.21252 -2.88815 0 
-4.95593 1.15631 0 
-4.956 0.767707 0 
1.20006 -3.4051 0 
0.941138 -3.29862 0 
-1.94376 -10.2483 0 
-24.6613 -10.3362 0 
-24.8788 -9.66528 0 
-9.17065 -6.36676 0 
-9.15903 -6.96427 0 
1.61047 -4.1043 0 
1.97547 -4.27891 0 
-9.52493 -9.32497 0 
-10.1356 -9.00726 0 
-4.28791 4.09979 0 
-3.95083 4.32099 0 
-3.99919 3.81842 0 
3.91713 -0.521606 0 
-12.0786 -15.2211 0 
2.81917 0.750438 0 
-27.9922 -12.1537 0 
-27.4863 -12.2517 0 
-6.97304 -1.48439 0 
-6.72502 -1.77701 0 
-8.39411 -27.3433 0 
-4.7676 6.7485 0 
-4.32012 6.45086 0 
-18.6451 -6.94223 0 
-18.7045 -7.68396 0 
-19.2701 -7.27358 0 
2.33179 -0.49398 0 
2.28489 -0.250046 0 
-19.3748 -8.74217 0 
-16.9425 -26.9405 0 
-3.44332 6.12736 0 
-3.23544 6.59671 0 
-22.5285 -15.9045 0 
-21.9714 -15.4591 0 
-10.9876 -15.4175 0 
-10.7728 -14.7136 0 
-9.51579 3.26896 0 
-9.39738 -16.2796 0 
0.221962 0.137296 0 
6.20586 2.48265 0 
5.69867 2.38048 0 
-23.5363 -13.7759 0 
-23.7559 -13.1731 0 
-31.6034 -6.79214 0 
-11.3332 -9.11417 0 
-2.10278 1.15857 0 
-0.78009 -9.91473 0 
-0.809035 1.10722 0 
-0.636764 1.02483 0 
-0.825007 0.963619 0 
9.69191 -0.449013 0 
4.78274 1.02404 0 
-21.6321 -24.7427 0 
-6.85165 -3.8252 0 
-6.40745 -4.05709 0 
-28.2533 -11.1365 0 
-20.1888 -23.0216 0 
-20.5129 -23.4454 0 
-26.9866 -12.3462 0 
-26.4806 -12.4442 0 
-6.47781 8.00424 0 
-6.31582 7.39114 0 
-0.303065 -0.0257084 0 
-0.312073 0.0415888 0 
-0.240112 0.00403039 0 
-1.88423 -5.55896 0 
-3.8243 -2.76935 0 
-3.46349 -2.91278 0 
-5.65142 -23.9038 0 
-6.01461 -23.4808 0 
-5.46729 -23.3887 0 
-3.16553 1.14013 0 
-16.2869 -9.56281 0 
-16.8896 -9.98291 0 
4.29255 2.4037 0 
1.15467 -0.623644 0 
0.987823 -0.687752 0 
-15.7046 -5.48553 0 
-7.50136 -7.68194 0 
-7.98621 -8.04068 0 
-8.05276 -7.46874 0 
-17.5384 -9.69339 0 
0.549212 1.82028 0 
-9.30855 -18.6136 0 
-9.27015 -19.3149 0 
-6.2666 -5.59312 0 
-6.32693 -5.0749 0 
-9.78721 -3.43294 0 
-9.28097 -3.15349 0 
-9.239 -3.66032 0 
-11.4624 -6.37877 0 
-20.5293 -26.5201 0 
-6.44144 -24.5272 0 
-5.8566 -24.4063 0 
-12.3403 -25.7669 0 
-8.87561 -9.65899 0 
-4.75443 -24.2098 0 
-4.57586 -23.7196 0 
-4.95961 -24.7123 0 
4.57023 -1.77904 0 
-7.78622 -3.25444 0 
-7.32025 -3.60111 0 
-19.8814 -25.7042 0 
-19.5489 -25.2988 0 
-19.3389 -25.78 0 
-20.8913 -19.1218 0 
-8.32697 0.761499 0 
-8.61373 0.227363 0 
-6.16197 -6.65406 0 
-6.22324 -6.12777 0 
13.6129 -1.79417 0 
13.6724 -1.30397 0 
-1.24604 -0.529075 0 
-1.25284 -0.365998 0 
2.632 -2.27137 0 
2.55703 -1.93483 0 
-15.4668 -4.72903 0 
-15.1947 -4.04828 0 
5.60899 -0.0733578 0 
-0.497265 0.791627 0 
-0.659084 0.731989 0 
-21.1434 -6.02191 0 
-4.51312 -2.43133 0 
-4.17925 -2.60591 0 
-16.664 -25.8037 0 
-16.9525 -26.4068 0 
2.44907 -1.03122 0 
2.19536 -0.932616 0 
2.39287 -0.766685 0 
-5.86187 -8.3361 0 
-6.41214 -8.12118 0 
-5.96638 -7.78653 0 
-11.956 6.99436 0 
-12.5306 7.2142 0 
0.504499 -0.54158 0 
0.506435 -0.428084 0 
2.41046 -4.69147 0 
0.680024 -3.17121 0 
-12.5584 -25.2098 0 
-12.4525 -3.67991 0 
8.00515 -0.256745 0 
-5.25457 0.210069 0 
-4.94439 0.414806 0 
-4.93049 0.0248094 0 
-0.777947 0.803984 0 
1.97694 -0.817825 0 
1.74904 -0.72846 0 
1.11719 -11.764 0 
-6.22654 -0.983699 0 
2.49755 -1.62258 0 
2.23954 -1.50011 0 
2.50957 -1.31963 0 
-6.76673 -20.9944 0 
-6.3802 -21.5381 0 
-4.37245 -4.10997 0 
-4.78815 -3.92082 0 
-11.4619 6.76715 0 
-10.9354 6.59023 0 
-11.3004 6.24616 0 
0.725373 -0.972711 0 
0.602428 -0.896191 0 
0.743679 -0.811777 0 
-0.148338 -4.8965 0 
-3.61551 -6.02108 0 
-4.08644 -5.86282 0 
1.23308 3.79196 0 
1.19932 3.35659 0 
4.28414 -2.04527 0 
3.98592 -2.35622 0 
-23.1331 -16.9495 0 
-22.3231 -17.264 0 
-5.34445 6.04001 0 
-4.91814 5.73791 0 
-24.3201 -13.0015 0 
-23.9346 -12.5756 0 
-26.9092 -9.95852 0 
-26.6957 -10.4905 0 
0.999062 -1.51784 0 
0.837144 -1.41677 0 
1.03712 -1.32615 0 
-26.8497 -11.4332 0 
-26.5017 -11.0161 0 
-26.3038 -11.5301 0 
-12.2176 3.75156 0 
-29.2177 -12.3396 0 
-28.7415 -12.168 0 
-24.8639 -12.8379 0 
-20.5607 -17.3983 0 
0.986675 -1.90994 0 
-0.781907 -4.59037 0 
-23.4442 -10.5789 0 
-23.2709 -11.1533 0 
-6.55869 -9.601 0 
0.811868 -0.22657 0 
0.913126 -0.135738 0 
-2.62745 -1.26442 0 
-2.58256 -0.93074 0 
-8.64601 -19.624 0 
-6.29423 4.46915 0 
-6.31312 3.96237 0 
-12.5046 -7.04281 0 
-6.70849 -8.97273 0 
-6.15784 -9.29902 0 
-8.3583 6.67215 0 
-7.8227 6.38968 0 
-6.19992 -22.5092 0 
-6.01579 -21.9817 0 
-5.64635 -22.4381 0 
0.486567 -0.950308 0 
0.504873 -0.789373 0 
-2.74363 -3.66367 0 
-28.8501 -9.09256 0 
-28.2563 -9.27021 0 
-2.07605 -3.97149 0 
-8.98158 -16.8757 0 
-6.31294 2.53295 0 
-6.32857 2.08499 0 
3.47243 -3.2749 0 
3.3963 -2.88359 0 
-4.0682 -3.82033 0 
-4.0064 -4.27024 0 
-23.383 -14.43 0 
-23.9881 -14.253 0 
-1.71744 -1.83957 0 
-1.75354 -1.61251 0 
-6.69698 0.991235 0 
-6.32318 0.781424 0 
-11.6593 5.83203 0 
-26.1302 -12.0429 0 
-25.9591 -12.5398 0 
0.640651 0.824765 0 
11.781 -1.15179 0 
-26.1499 -10.5874 0 
-27.6972 -9.36949 0 
-6.56487 -23.5439 0 
-6.38074 -23.0288 0 
-6.87122 -8.46231 0 
-6.97573 -7.91274 0 
-21.0849 -17.7928 0 
-6.70191 -5.90081 0 
-7.16082 3.44813 0 
-7.1707 3.93937 0 
-6.73318 3.72156 0 
-19.8867 -6.87525 0 
-4.91305 -0.33642 0 
-7.10236 1.62255 0 
-7.1031 2.06411 0 
-6.7075 1.86404 0 
-8.9331 -8.92983 0 
-26.8125 -5.39882 0 
-16.1491 -4.89249 0 
-0.661085 -0.213729 0 
1.14236 -5.93777 0 
0.813688 -5.75883 0 
-2.2369 -0.361271 0 
-1.42287 -4.28211 0 
-22.1262 -14.7507 0 
-19.7426 -24.7491 0 
-19.2001 -24.825 0 
-0.294799 -0.342063 0 
-0.348199 -0.410651 0 
-18.3611 -24.0751 0 
-18.9015 -24.4276 0 
7.21803 -0.266402 0 
-10.7501 -8.72316 0 
-10.197 -8.31172 0 
-10.3315 4.34545 0 
-10.7134 3.9328 0 
-4.62462 4.3966 0 
-4.67297 3.89403 0 
-8.82989 -2.82155 0 
0.522929 -1.46171 0 
0.703458 -1.47928 0 
-4.45693 5.90337 0 
-4.50823 5.3608 0 
-20.2162 -26.1079 0 
-19.6789 -23.3082 0 
0.78828 1.12421 0 
0.719519 1.32465 0 
0.943352 1.31489 0 
-12.0327 -6.72797 0 
-27.1282 -9.32156 0 
-26.5629 -9.42494 0 
-2.47111 8.4269 0 
-1.1938 0.484753 0 
-1.06986 0.55057 0 
-4.13076 -3.00058 0 
-5.54076 -7.43706 0 
-23.5565 -12.1551 0 
-24.1208 -11.9835 0 
-4.31356 3.1874 0 
-4.70889 3.41012 0 
-23.0384 -10.1078 0 
-6.75018 -22.5724 0 
0.678442 -0.174824 0 
0.65262 -0.0609848 0 
1.87094 1.79062 0 
1.77136 2.08705 0 
-15.745 -9.17366 0 
-15.158 -8.7596 0 
10.0438 -2.26254 0 
-17.1172 -3.71047 0 
-17.7291 -3.20412 0 
-8.24332 -3.63509 0 
-8.27566 -3.00022 0 
-22.3748 -11.79 0 
-22.8129 -11.3321 0 
-22.3609 -11.2013 0 
-5.94813 0.580408 0 
-5.60279 0.379011 0 
-7.28352 5.53119 0 
-7.2974 6.09338 0 
-6.78302 5.82335 0 
-6.30324 3.47113 0 
-6.32048 2.99532 0 
5.20695 0.4557 0 
5.24547 0.049742 0 
4.85849 0.222029 0 
4.15922 -5.29966 0 
-10.542 3.37447 0 
-15.1449 -23.7423 0 
-1.78109 -1.38583 0 
-1.8154 -1.17552 0 
-7.28528 -4.11339 0 
-24.6719 -11.8592 0 
-25.4004 -11.2137 0 
-25.2268 -11.7265 0 
-25.7823 -11.6257 0 
0.23354 3.0477 0 
-10.3797 9.04202 0 
-3.42915 -3.33721 0 
-9.532 9.37845 0 
-8.20654 -4.17869 0 
-8.69598 -3.92447 0 
-7.1511 -6.21087 0 
-7.19446 -5.67623 0 
13.0772 -1.79417 0 
-22.6081 -9.48467 0 
-22.3687 -10.1202 0 
2.28111 -4.27146 0 
2.66165 -4.40488 0 
-24.0555 -24.8876 0 
-17.4284 -2.5056 0 
-9.06001 -8.21165 0 
-9.63545 -7.94636 0 
-9.11305 -7.5622 0 
-21.4532 -23.3645 0 
-27.1514 -11.8528 0 
-27.3025 -7.0786 0 
-27.3124 -6.41966 0 
-22.3747 -20.6391 0 
-3.83647 1.83132 0 
-3.85726 2.20249 0 
-3.51619 2.03797 0 
-20.5271 -6.4381 0 
-0.193469 0.0977343 0 
-0.138072 0.0661155 0 
-0.193723 0.0397088 0 
-3.21169 2.61761 0 
-2.89033 2.43496 0 
-3.21561 2.22649 0 
-5.303 6.70846 0 
-5.7806 6.468 0 
-3.19482 1.85532 0 
-2.89649 1.68097 0 
-3.19708 1.49245 0 
-7.85929 -8.75886 0 
-8.4107 -8.54567 0 
-23.024 -8.51189 0 
-7.82798 -1.13341 0 
-7.85233 -0.664123 0 
-0.876404 6.41204 0 
5.43617 1.46817 0 
5.11436 1.25212 0 
-10.309 2.89923 0 
-28.5455 -5.06695 0 
-28.7806 -4.20201 0 
1.6155 -0.89118 0 
1.54981 -0.652066 0 
-6.29559 5.53036 0 
-6.30726 4.99333 0 
-6.36263 -4.56055 0 
-5.9534 -4.28017 0 
2.37024 0.448141 0 
-5.30928 -24.3143 0 
-4.85855 -21.8069 0 
-5.05498 -22.3384 0 
-6.31554 -1.63049 0 
-6.47938 -2.12681 0 
-8.58359 -7.22956 0 
-8.09874 -6.87082 0 
-15.6235 -3.46397 0 
-10.5816 7.03521 0 
-22.452 -12.4298 0 
-22.0001 -12.299 0 
-7.42645 -0.398615 0 
-7.04666 -0.143558 0 
-6.78098 -4.85182 0 
-5.79483 -8.83986 0 
-22.7666 -14.5947 0 
-12.3914 -12.6021 0 
-9.20222 -4.20393 0 
-7.11323 -6.77273 0 
-7.60579 -6.54814 0 
-6.26803 6.76099 0 
-6.30948 6.09254 0 
0.0436527 0.336784 0 
0.0438848 0.263403 0 
-30.3755 -9.47328 0 
-0.188449 0.298482 0 
5.26053 -0.307029 0 
-7.04228 -7.3408 0 
-3.23385 3.5388 0 
-3.23268 3.02269 0 
-4.89904 -1.84564 0 
-4.91321 -1.45498 0 
-14.2694 0.101059 0 
-14.9526 0.237669 0 
-1.40682 -0.321655 0 
-8.07641 -11.068 0 
-3.09271 -7.54702 0 
-9.16687 -5.82695 0 
-8.62578 -6.09182 0 
-7.86893 -0.216316 0 
-3.70652 5.15385 0 
-3.80278 4.6919 0 
-4.14329 5.06431 0 
2.06603 -1.29489 0 
0.0377966 -0.447165 0 
0.0516717 -0.375082 0 
0.291622 -7.75365 0 
0.353134 -7.24717 0 
0.642958 1.569 0 
0.780845 1.76661 0 
-20.4262 -25.6268 0 
-8.13661 -6.30896 0 
-1.22973 3.40546 0 
-0.998074 3.71263 0 
-0.804811 3.34796 0 
-19.1098 -26.3172 0 
-18.9169 -26.8029 0 
-11.278 -22.2187 0 
0.0501226 0.0704051 0 
0.0345449 0.116233 0 
0.0711177 0.114618 0 
0.442798 -2.54565 0 
2.23169 -6.59503 0 
0.395522 -6.78091 0 
-5.23911 -22.8659 0 
-2.08152 -10.8432 0 
-2.226 -11.4734 0 
-1.20342 6.82018 0 
-5.57013 -3.97913 0 
-18.7772 -25.9118 0 
-4.10503 -3.41205 0 
-4.45998 -3.2486 0 
1.92414 -3.1742 0 
1.68904 -3.35072 0 
-7.10336 1.15913 0 
-5.17284 -3.73935 0 
6.62281 0.712142 0 
-2.26039 -12.1763 0 
-25.0392 -10.7862 0 
-2.64437 7.92283 0 
-4.81894 -3.4786 0 
-4.84468 -3.06713 0 
5.1516 0.856069 0 
0.434882 -6.34974 0 
0.775618 -6.57707 0 
-19.851 -6.0947 0 
-11.1328 5.65511 0 
0.29112 -1.53838 0 
0.322342 -1.68221 0 
0.175438 -1.64729 0 
-21.5872 -18.2159 0 
-21.6888 -17.5326 0 
-7.53255 2.25905 0 
-7.09358 0.727877 0 
-0.0984088 0.0878483 0 
-0.0986631 0.0298229 0 
-3.9102 6.07376 0 
2.46945 -0.063775 0 
-4.87592 -23.289 0 
-22.2023 -10.7185 0 
-0.287559 -0.0976288 0 
0.137242 -10.7751 0 
-0.335906 -10.3448 0 
-3.62053 3.62946 0 
-4.63192 0.582447 0 
-4.33003 0.766625 0 
-21.016 -12.8275 0 
-20.9729 -12.0923 0 
-6.71577 2.76796 0 
-2.01031 -0.647431 0 
-1.84607 -0.540565 0 
-1.85084 -0.769562 0 
-2.35751 1.33328 0 
-2.10615 1.46525 0 
0.517612 -5.93777 0 
-10.2494 5.87741 0 
-10.4201 6.51421 0 
0.209285 -1.26947 0 
0.243479 -1.395 0 
0.110022 -1.37793 0 
1.21717 -0.17371 0 
1.10746 -0.0392578 0 
-18.7272 -8.34073 0 
-1.27964 -1.97713 0 
-0.727643 -6.40168 0 
-16.5058 -2.2605 0 
-0.297301 -3.05568 0 
-0.351905 -2.82533 0 
-6.09103 -7.22213 0 
-6.5876 -7.00353 0 
-6.75609 4.73698 0 
5.79383 1.30798 0 
-7.82993 0.622231 0 
-10.158 -12.6995 0 
-25.7886 -10.1599 0 
-25.5946 -10.6854 0 
-7.3222 6.68184 0 
-4.85356 -2.65815 0 
-4.88097 -2.25235 0 
-25.0538 -12.2712 0 
-0.383425 -2.60894 0 
-0.442195 -2.39496 0 
-8.41383 7.31326 0 
-12.0977 -16.5526 0 
-15.302 -27.2793 0 
-5.23765 -0.561405 0 
-5.56326 -0.814792 0 
-7.06512 0.30459 0 
-6.66873 0.111839 0 
-3.55797 2.81423 0 
-11.2662 -3.50857 0 
-0.804801 0.521149 0 
-14.5845 -8.39964 0 
-18.466 -25.4091 0 
-18.2369 -25.9463 0 
-27.9214 -6.02967 0 
-27.3731 -5.74732 0 
-10.8531 -12.8966 0 
-15.0121 0.825904 0 
2.0642 3.60533 0 
2.37171 3.94787 0 
-30.9872 -6.99086 0 
2.58551 -0.592589 0 
0.0338756 0.0406072 0 
0.0271006 0.0045971 0 
4.99627 -0.638705 0 
-1.38505 -4.6643 0 
-1.70949 -4.50822 0 
0.852939 -0.0310564 0 
0.990838 -0.0612412 0 
-0.00433846 2.77547 0 
0.0817003 2.46089 0 
-0.27339 2.6004 0 
-6.31215 0.358972 0 
-12.0109 -4.16348 0 
-12.6494 -4.27892 0 
-7.21324 4.99365 0 
-1.34035 3.0247 0 
-26.2024 -9.02949 0 
0.078881 0.218234 0 
0.0205438 0.205615 0 
1.68802 1.57686 0 
-2.70849 -4.03861 0 
-3.04735 -3.88534 0 
0.0976635 0.0186099 0 
7.80637 0.0906498 0 
7.6278 0.433787 0 
2.95905 -2.4019 0 
2.70451 -2.60666 0 
3.85554 -3.43217 0 
3.56692 -3.6771 0 
-21.5384 -3.09355 0 
-22.2527 -3.09355 0 
-7.62784 4.19603 0 
-7.2002 4.46946 0 
-0.697949 2.97789 0 
-0.567869 2.65774 0 
-12.6199 7.75341 0 
-7.14522 2.9629 0 
0.372837 -0.951524 0 
0.271893 -0.990307 0 
-7.39738 -1.26725 0 
-0.100392 -5.20296 0 
-0.417438 -5.04902 0 
4.25601 2.81045 0 
1.87057 -6.33378 0 
1.49001 -6.13221 0 
-1.50306 -10.6748 0 
-13.0579 0.165316 0 
-12.7968 0.732898 0 
-23.2184 -15.0718 0 
-7.67411 -5.46099 0 
-7.22492 -5.15093 0 
-17.3053 -23.6252 0 
-17.8899 -23.9407 0 
-0.0659506 -0.320674 0 
-0.118795 -0.295445 0 
2.82706 -1.75435 0 
2.70708 -1.1537 0 
0.967597 -1.69443 0 
5.03652 2.41211 0 
5.39136 2.22691 0 
-23.2847 -11.7419 0 
-7.26062 -4.63658 0 
-7.72922 -4.4125 0 
-8.18188 -4.70189 0 
0.0532802 -1.13727 0 
-0.0309572 -1.20988 0 
-0.0535053 -1.09473 0 
-23.0986 -12.3339 0 
-3.78069 1.47628 0 
-4.12176 1.6408 0 
-1.59989 1.35552 0 
-16.9001 -5.05877 0 
0.0108111 -0.492786 0 
-1.96264 -1.5284 0 
-15.8341 -27.6384 0 
-21.7719 -10.0953 0 
-7.88892 -22.6695 0 
-7.25712 -22.6622 0 
-7.47151 0.47248 0 
1.462 1.62759 0 
-1.6702 -0.511115 0 
0.741521 -1.2876 0 
0.729664 -1.14111 0 
0.0183787 -1.45826 0 
-0.0158155 -1.33274 0 
-20.6244 -25.1021 0 
2.19811 -8.38627 0 
2.60357 -7.90938 0 
2.65252 -8.36817 0 
0.0673276 -1.74019 0 
0.0361059 -1.59636 0 
-11.2194 -11.9525 0 
-10.6174 5.47627 0 
-21.6629 -23.7241 0 
-21.7426 -24.2778 0 
-3.95761 3.40827 0 
-0.356241 4.33257 0 
-0.264025 3.97564 0 
-0.665367 4.01206 0 
0.870915 -1.05669 0 
-0.691475 -0.906511 0 
-0.812284 -0.859907 0 
-0.185418 -1.93359 0 
-0.206438 -1.78259 0 
-0.0509844 -1.84026 0 
-16.3662 -3.54418 0 
-16.0784 -2.87217 0 
-16.8704 -24.2432 0 
0.390383 -1.42992 0 
-7.13769 2.50053 0 
1.16264 -6.34034 0 
1.79125 -8.07274 0 
-20.3317 -24.7681 0 
-19.9829 -24.2942 0 
2.44382 -2.83373 0 
-8.13283 -5.76915 0 
-8.16328 -5.24385 0 
-1.23343 -0.690617 0 
-1.37545 -0.634464 0 
0.108446 0.157458 0 
1.0881 1.48332 0 
-18.7725 -9.06759 0 
-18.1509 -9.40385 0 
-13.6524 -0.917345 0 
-13.3465 -0.36216 0 
-1.78725 1.56515 0 
-0.92112 -10.5099 0 
-2.39953 -0.498099 0 
-2.55156 -0.727386 0 
-0.773427 -2.86593 0 
-0.804948 -2.64954 0 
-0.575972 -2.74332 0 
3.24227 -2.16718 0 
3.31478 -2.50248 0 
-12.5671 1.42429 0 
-3.95406 -4.6444 0 
1.12327 -6.77151 0 
-0.171741 -0.210127 0 
-0.168597 -0.147357 0 
-22.3559 -3.87564 0 
2.19781 -3.03178 0 
-8.6406 -5.01004 0 
4.65992 -2.17844 0 
-0.46629 3.28506 0 
1.86731 -10.8541 0 
1.24522 -11.0618 0 
0.0511022 -0.0794306 0 
0.0198683 2.18786 0 
3.25558 -3.92195 0 
2.92983 -4.15448 0 
-3.46386 1.31448 0 
-4.91003 -0.717897 0 
-0.454049 -0.953309 0 
-0.566539 -0.914267 0 
-5.95878 -1.67408 0 
-5.5526 -1.51681 0 
3.59163 -1.34171 0 
-2.16382 -1.66899 0 
-2.19137 -1.44231 0 
-0.150718 -1.05676 0 
-3.91392 2.59336 0 
6.4105 1.7935 0 
-25.9834 -9.66644 0 
-0.467537 -2.19741 0 
-0.308884 -2.06945 0 
-5.82664 -21.467 0 
0.0883482 -1.89119 0 
-0.276664 -0.229716 0 
-0.336226 -0.203302 0 
-0.284453 -0.158404 0 
4.51499 -5.03647 0 
4.93995 -4.70751 0 
-17.9378 -24.4456 0 
-17.6961 -24.8774 0 
-18.1674 -25.0118 0 
0.615012 -0.607232 0 
0.510221 -0.669604 0 
-5.24609 -1.30432 0 
-4.90175 -1.09355 0 
-2.91186 6.95003 0 
-15.5473 -25.9863 0 
-11.5675 -15.5334 0 
-0.0897321 -1.55116 0 
-0.533304 -3.21178 0 
-1.52472 -0.729351 0 
-1.53733 -0.567809 0 
2.96958 -0.232346 0 
2.64491 -9.295 0 
2.51918 -9.96997 0 
2.93605 -0.940364 0 
2.99655 -1.22877 0 
-1.59439 -0.121807 0 
-1.82784 -0.962879 0 
-1.66361 -0.856012 0 
-0.129446 0.198611 0 
-0.0758526 0.206125 0 
-0.0842245 0.131655 0 
-9.96924 3.33235 0 
-0.226028 -1.35475 0 
-0.241169 -1.23189 0 
-0.122601 -1.2902 0 
-5.39187 -27.1374 0 
-6.0565 -27.3234 0 
-0.3718 0.862489 0 
-0.261747 1.00085 0 
1.87141 -6.79603 0 
0.241307 -1.94964 0 
-2.13676 -1.9243 0 
-2.36548 -1.83821 0 
3.67953 -2.64887 0 
-2.60233 -1.78815 0 
4.64289 2.62932 0 
-0.227997 -0.124043 0 
4.06744 -2.73732 0 
-2.00264 -1.08907 0 
-3.23963 5.20745 0 
-2.1915 -1.20026 0 
-2.20394 -0.987613 0 
2.68559 0.116063 0 
2.74057 -0.140046 0 
-13.702 0.156216 0 
-18.7077 -24.9773 0 
0.595474 -0.361651 0 
-21.2336 -20.7037 0 
-21.2409 -20.0298 0 
-18.5534 -6.23182 0 
0.67275 0.981051 0 
-21.4028 -18.8807 0 
-22.0068 -18.6204 0 
0.750992 0.00968422 0 
-3.73898 -3.57231 0 
2.03314 -1.08237 0 
-1.02364 -0.991097 0 
-1.10814 -1.15953 0 
0.0758665 -0.0391322 0 
10.299 -1.35888 0 
-1.67522 -11.9726 0 
1.29355 -0.331383 0 
-3.93491 2.99844 0 
-21.7358 -4.25789 0 
-21.1361 -3.76106 0 
-0.0225418 0.194977 0 
0.0573639 1.48945 0 
-0.650445 2.1143 0 
-0.48183 2.34316 0 
-0.355966 2.05696 0 
-2.62981 1.47903 0 
0.516321 -5.5507 0 
-9.40513 4.1415 0 
-8.99347 4.38722 0 
-0.632835 -2.32938 0 
-8.33707 -17.9078 0 
-8.59857 -17.2826 0 
-3.39232 -3.7455 0 
0.13433 -1.17907 0 
0.267787 -1.19613 0 
-1.23333 -2.23459 0 
-1.45347 -2.1815 0 
-3.58013 5.57986 0 
0.623394 -11.3126 0 
0.00921599 -11.4774 0 
-11.0547 -23.4292 0 
-2.04421 -4.33209 0 
-2.37294 -4.17755 0 
-4.35475 1.11056 0 
-4.04126 0.941833 0 
-1.62174 -2.30967 0 
-1.66805 -2.05221 0 
-5.12235 -27.8023 0 
5.74677 1.69199 0 
-3.74915 1.12396 0 
-9.08111 4.91313 0 
-5.83663 -27.9984 0 
1.04728 0.0654234 0 
0.930083 0.15412 0 
-25.4281 -9.76444 0 
2.19084 -7.49238 0 
-3.78891 -21.6799 0 
-3.26862 -22.1273 0 
2.63237 4.22753 0 
-0.965903 -2.98541 0 
1.18505 -1.23174 0 
1.02313 -1.13068 0 
-9.9879 4.74274 0 
-9.85858 4.20489 0 
-17.1723 -24.8251 0 
0.715083 -0.295841 0 
-1.88571 -1.96774 0 
1.29367 -0.925526 0 
1.47656 -1.01695 0 
1.35396 -1.12769 0 
6.97088 2.30403 0 
7.5114 2.28133 0 
-19.1331 -5.76089 0 
-4.6045 4.89885 0 
-1.53572 1.63012 0 
-6.84469 7.01569 0 
-9.74876 3.74421 0 
-11.2659 -12.5013 0 
0.346104 0.867584 0 
-5.3322 -21.4116 0 
-12.2038 -15.8334 0 
-3.6498 -4.35477 0 
7.59724 -0.264134 0 
-21.6262 -12.0327 0 
-21.7035 -12.6725 0 
2.55443 0.607291 0 
0.728899 -0.413398 0 
-1.1826 -2.4195 0 
-0.980223 -2.5861 0 
-2.67666 -4.39922 0 
-0.725141 -4.961 0 
-1.04166 -4.80881 0 
-14.8908 1.31744 0 
-1.0785 -0.7281 0 
-21.9044 -20.7543 0 
-1.32828 -5.03492 0 
1.01884 -0.962281 0 
-0.80811 -2.26593 0 
-1.00877 -2.21513 0 
-0.236425 -0.351548 0 
-0.165343 -0.324519 0 
-0.923665 0.593145 0 
3.12995 -8.36549 0 
2.72449 -8.84238 0 
-0.228412 3.55729 0 
-3.35718 -4.12044 0 
-29.614 -4.34907 0 
-29.614 -5.23142 0 
-1.05888 -11.1048 0 
0.926182 1.96683 0 
1.01993 1.71555 0 
-9.37179 -18.0319 0 
-8.81148 -18.3542 0 
-24.864 -15.1501 0 
-24.341 -14.7067 0 
-24.3578 -15.3504 0 
-0.275207 1.77265 0 
-0.166002 1.53472 0 
-26.2694 -14.4064 0 
-26.7374 -14.3707 0 
0.868354 -0.748891 0 
0.745409 -0.67237 0 
1.73175 -3.59449 0 
1.45796 -3.46904 0 
0.194476 -5.39004 0 
-0.106592 2.00151 0 
10.0854 -1.82437 0 
0.0351363 0.946256 0 
0.199995 0.207455 0 
0.260604 0.190281 0 
-2.71852 7.4491 0 
-3.05209 7.80164 0 
-16.6623 -4.30227 0 
-2.39267 -1.34085 0 
0.34453 0.109263 0 
-7.27207 -8.7643 0 
-1.21296 1.65234 0 
-0.945903 1.67988 0 
0.739687 -0.544346 0 
-23.6758 -15.4372 0 
-2.3618 -0.895444 0 
-11.806 -12.1967 0 
-0.12155 3.18721 0 
-7.36999 7.31199 0 
-9.2129 -5.27312 0 
-8.22735 -0.0665647 0 
-28.3704 -12.041 0 
-28.0293 -11.6456 0 
-1.60329 -5.21534 0 
-0.94453 -0.783951 0 
3.8209 -10.0349 0 
-11.1866 -22.8754 0 
-9.18607 5.45483 0 
1.09527 2.20059 0 
-0.80107 1.85614 0 
-0.216582 -1.61663 0 
1.44356 -0.485306 0 
1.53334 -0.335421 0 
1.8511 3.33435 0 
1.7021 3.77435 0 
-5.54114 -1.15537 0 
1.13831 -0.901143 0 
1.26092 -0.790403 0 
1.70868 -1.30586 0 
-0.29412 0.132127 0 
-27.0351 -14.8854 0 
-26.4993 -15.2286 0 
-0.0271897 -0.438179 0 
-2.62732 -1.50647 0 
1.49618 3.16816 0 
0.274747 -1.08264 0 
-23.0594 -15.6019 0 
-20.8647 -24.6472 0 
-16.3034 -25.3471 0 
-16.5761 -24.7571 0 
-22.9859 -16.2698 0 
-0.782767 -2.46348 0 
-25.4189 -12.7051 0 
0.0486513 -0.0187499 0 
-11.3818 -3.97101 0 
1.20649 3.02138 0 
1.26431 2.65918 0 
4.99998 2.81886 0 
1.39383 1.85981 0 
1.23343 1.68354 0 
-9.25772 -17.3657 0 
-2.85195 -21.6126 0 
-3.38233 -21.2063 0 
-0.237259 -1.00474 0 
-0.340159 -0.965768 0 
0.828704 0.0841806 0 
-12.7228 3.96009 0 
3.15259 -1.83218 0 
-19.7303 -23.9169 0 
-7.80147 0.198943 0 
-29.6111 -5.88931 0 
-0.920723 -0.946928 0 
-12.7419 8.25909 0 
-7.0015 -20.4912 0 
-0.21829 -0.239201 0 
-0.270063 -0.284098 0 
-0.0596012 -0.374007 0 
-25.7693 -13.1065 0 
-6.76997 -24.0827 0 
-0.0828046 1.30697 0 
-5.86978 -1.02728 0 
-12.1243 -23.5695 0 
1.71084 -3.85629 0 
-2.95771 -4.62937 0 
-3.30484 -4.49461 0 
2.81451 -0.684889 0 
2.91585 -10.3667 0 
2.39227 -10.5917 0 
-0.224284 -1.11533 0 
-9.2315 -4.73115 0 
-21.2677 -24.5164 0 
0.131787 0.215246 0 
0.356574 -1.85378 0 
-0.240108 0.129165 0 
-0.184457 0.155571 0 
1.31002 -0.648027 0 
4.18761 -3.12698 0 
-0.784294 0.654746 0 
-15.8979 -26.9765 0 
0.0814164 -0.0111881 0 
0.0704483 0.0389922 0 
-2.17294 -0.784259 0 
2.75343 -0.412184 0 
-8.47844 7.8554 0 
-0.16514 -0.264509 0 
-0.736927 -3.07918 0 
7.15023 -0.987035 0 
-0.213928 1.16549 0 
0.00943716 1.12022 0 
-0.234309 -1.47853 0 
0.189977 -1.01339 0 
0.111782 -1.06392 0 
4.494 -2.83433 0 
1.47533 2.55729 0 
1.2363 2.38353 0 
-25.3001 -14.7242 0 
3.42614 -10.1666 0 
5.69642 2.00575 0 
3.09311 -1.51992 0 
-0.353989 1.18759 0 
4.91848 -2.90435 0 
5.39403 -2.93378 0 
5.08971 -3.25342 0 
3.32208 -1.30659 0 
-4.35192 1.42439 0 
0.532348 0.977681 0 
-21.3109 -19.5263 0 
2.59867 0.351484 0 
1.68383 2.32594 0 
-7.4346 7.85413 0 
-7.03568 8.36631 0 
-1.52092 -0.416228 0 
-0.00655354 -0.339226 0 
-20.9751 -24.1823 0 
1.53486 2.04275 0 
-4.64069 1.24919 0 
-1.53969 -0.26496 0 
-0.291378 -0.45515 0 
-26.1616 -14.8564 0 
-25.8608 -14.492 0 
1.44617 4.06294 0 
4.79831 -2.51469 0 
1.67579 -1.09334 0 
0.986093 -0.827159 0 
0.313127 -2.34954 0 
-28.4819 -6.39718 0 
-28.5426 -5.72484 0 
5.69231 -2.66587 0 
5.50865 -2.26638 0 
2.17585 4.32499 0 
-27.8261 -7.25493 0 
-22.4976 -19.0722 0 
-7.91212 7.52028 0 
-21.1685 -23.6918 0 
-10.0929 5.28444 0 
-2.16817 -0.555262 0 
-22.9632 -9.13126 0 
-6.20442 -1.32428 0 
3.6843 -8.63553 0 
1.84761 -1.1801 0 
0.0124544 0.149807 0 
5.08441 -2.24846 0 
-20.3194 -23.9358 0 
-29.106 -5.43446 0 
1.48341 -6.97789 0 
3.43751 -9.61329 0 
-28.4275 -7.03099 0 
-15.9079 -26.4428 0 
-16.0894 -25.8117 0 
-16.4401 -26.802 0 
-22.1528 -20.1769 0 
-0.571668 -11.5423 0 
0.326031 0.183041 0 
0.38799 0.172182 0 
1.84452 -7.23914 0 
7.41682 -0.613797 0 
-11.6746 -23.147 0 
1.80284 -7.67424 0 
-22.898 -19.4604 0 
-9.61991 5.14388 0 
-1.15361 -11.7072 0 
1.54247 -0.125554 0 
1.33698 4.40957 0 
1.806 4.39196 0 
-0.527272 0.95209 0 
2.06666 4.67163 0 
6.05408 1.84556 0 
1.30629 2.09871 0 
-0.00854067 0.105594 0 
3.12234 -9.29232 0 
-0.176085 0.230041 0 
-0.5113 1.0957 0 
-22.2228 -19.6735 0 
-20.7655 -23.8226 0 
-0.0448155 0.0953622 0 
6.36015 2.10726 0 
3.5171 -9.16066 0 
-21.7525 -19.7886 0 
6.56228 2.43059 0 
-29.8214 -12.0833 0 
-32.3154 -8.91775 0 
