# vtk DataFile Version 2.0
mosreg_colomna, Created by Gmsh 4.12.1 
ASCII
DATASET UNSTRUCTURED_GRID
POINTS 4243 double
8.823529411764707 39.40476190476192 0
10.29411764705882 38.92857142857144 0
11.47058823529412 38.21428571428573 0
11.86274509803922 39.40476190476192 0
13.8235294117647 39.76190476190477 0
15.3921568627451 40.47619047619049 0
16.86274509803921 41.30952380952382 0
17.54901960784313 42.38095238095239 0
19.6078431372549 41.1904761904762 0
20 43.21428571428573 0
19.31372549019608 45.11904761904763 0
21.27450980392156 45.23809523809526 0
22.45098039215686 45.23809523809526 0
23.33333333333333 46.78571428571431 0
22.94117647058823 47.3809523809524 0
24.6078431372549 48.09523809523812 0
26.27450980392156 46.66666666666669 0
26.86274509803921 45.00000000000001 0
28.62745098039215 45.00000000000001 0
29.2156862745098 41.66666666666668 0
28.52941176470588 40.47619047619049 0
29.99999999999999 37.61904761904763 0
29.99999999999999 34.76190476190477 0
30.98039215686274 31.07142857142858 0
32.45098039215686 30.23809523809525 0
34.80392156862744 30.47619047619049 0
35.29411764705882 28.80952380952382 0
37.05882352941175 28.57142857142858 0
36.96078431372548 27.26190476190477 0
39.41176470588235 27.85714285714286 0
41.56862745098039 28.21428571428573 0
42.74509803921568 23.33333333333334 0
43.72549019607843 19.64285714285715 0
41.96078431372548 17.5 0
40.29411764705882 16.1904761904762 0
40.3921568627451 14.64285714285715 0
39.2156862745098 13.80952380952381 0
37.25490196078431 11.30952380952381 0
36.56862745098039 8.928571428571431 0
35.78431372549019 7.142857142857146 0
33.33333333333333 7.023809523809526 0
32.64705882352941 6.666666666666671 0
32.54901960784314 4.285714285714285 0
33.72549019607843 3.69047619047619 0
31.96078431372548 1.547619047619044 0
31.37254901960784 0.8333333333333286 0
30.39215686274509 0.952380952380949 0
30.39215686274509 3.095238095238095 0
29.41176470588235 5.595238095238095 0
30.58823529411764 6.666666666666671 0
29.99999999999999 7.857142857142861 0
28.23529411764705 8.095238095238095 0
26.66666666666666 9.166666666666664 0
25.49019607843137 10.95238095238096 0
24.11764705882352 10.71428571428572 0
23.52941176470588 8.80952380952381 0
21.96078431372549 11.07142857142858 0
20 11.30952380952381 0
18.72549019607843 14.88095238095239 0
17.94117647058823 18.57142857142858 0
15.09803921568627 19.28571428571429 0
13.62745098039216 19.52380952380953 0
12.45098039215686 17.26190476190477 0
10.98039215686274 17.26190476190477 0
8.921568627450981 18.92857142857143 0
6.960784313725489 19.64285714285715 0
4.901960784313725 18.0952380952381 0
4.117647058823529 20.95238095238096 0
5 25.11904761904763 0
5.392156862745097 28.80952380952382 0
3.823529411764705 31.42857142857144 0
5.392156862745097 34.16666666666668 0
5.686274509803921 36.1904761904762 0
6.764705882352939 36.90476190476192 0
6.372549019607841 39.16666666666668 0
7.156862745098038 39.04761904761907 0
6.470588235294117 40.11904761904763 0
8.823529411764707 39.40476190476192 0
32.54901960784314 14.88095238095239 0
9.558823529411764 39.16666666666669 0
10.88235294117647 38.57142857142858 0
11.66666666666667 38.80952380952382 0
12.84313725490196 39.58333333333334 0
14.6078431372549 40.11904761904763 0
16.12745098039215 40.89285714285715 0
17.20588235294117 41.84523809523811 0
18.06372549019607 42.08333333333334 0
18.57843137254902 41.7857142857143 0
19.09313725490196 41.48809523809526 0
19.70588235294117 41.69642857142858 0
19.80392156862745 42.20238095238096 0
19.90196078431372 42.70833333333335 0
19.82843137254902 43.6904761904762 0
19.65686274509804 44.16666666666669 0
19.48529411764706 44.64285714285716 0
20.29411764705882 45.17857142857144 0
21.86274509803921 45.23809523809526 0
22.8921568627451 46.01190476190478 0
23.13725490196078 47.08333333333336 0
23.77450980392156 47.73809523809526 0
25.02450980392156 47.73809523809526 0
25.44117647058823 47.3809523809524 0
25.8578431372549 47.02380952380955 0
26.56862745098039 45.83333333333335 0
27.74509803921568 45.00000000000001 0
28.77450980392157 44.16666666666668 0
28.92156862745098 43.33333333333334 0
29.06862745098039 42.50000000000001 0
28.87254901960784 41.07142857142858 0
28.89705882352941 39.76190476190477 0
29.26470588235293 39.04761904761907 0
29.63235294117646 38.33333333333335 0
29.99999999999999 36.90476190476192 0
29.99999999999999 36.1904761904762 0
29.99999999999999 35.47619047619049 0
30.24509803921568 33.83928571428572 0
30.49019607843137 32.91666666666668 0
30.73529411764705 31.99404761904763 0
31.7156862745098 30.65476190476191 0
33.0392156862745 30.29761904761906 0
33.62745098039215 30.35714285714287 0
34.2156862745098 30.41666666666668 0
35.04901960784314 29.64285714285715 0
36.17647058823529 28.6904761904762 0
37.00980392156862 27.91666666666667 0
37.5735294117647 27.41071428571429 0
38.18627450980392 27.55952380952382 0
38.79901960784314 27.70833333333334 0
39.95098039215686 27.94642857142858 0
40.49019607843137 28.0357142857143 0
41.02941176470588 28.12500000000001 0
41.76470588235293 27.40079365079366 0
41.96078431372548 26.5873015873016 0
42.15686274509803 25.77380952380953 0
42.35294117647058 24.96031746031747 0
42.54901960784313 24.1468253968254 0
42.99019607843137 22.41071428571429 0
43.23529411764705 21.48809523809524 0
43.48039215686273 20.5654761904762 0
43.28431372549019 19.10714285714286 0
42.84313725490195 18.57142857142858 0
42.40196078431372 18.03571428571429 0
41.54411764705882 17.17261904761905 0
41.12745098039215 16.8452380952381 0
40.71078431372548 16.51785714285715 0
40.34313725490196 15.41666666666667 0
39.80392156862744 14.22619047619048 0
38.72549019607843 13.18452380952381 0
38.23529411764706 12.55952380952381 0
37.74509803921568 11.93452380952381 0
37.08333333333333 10.71428571428572 0
36.91176470588235 10.11904761904762 0
36.74019607843137 9.523809523809526 0
36.17647058823529 8.035714285714288 0
35.17156862745098 7.113095238095241 0
34.55882352941176 7.083333333333336 0
33.94607843137254 7.053571428571431 0
32.99019607843137 6.845238095238098 0
32.62254901960784 6.071428571428575 0
32.59803921568627 5.476190476190478 0
32.5735294117647 4.880952380952381 0
33.13725490196078 3.988095238095237 0
33.28431372549019 3.154761904761903 0
32.84313725490195 2.619047619047617 0
32.40196078431372 2.08333333333333 0
31.66666666666666 1.190476190476186 0
30.88235294117646 0.8928571428571388 0
30.39215686274509 1.488095238095235 0
30.39215686274509 2.023809523809522 0
30.39215686274509 2.559523809523808 0
30.14705882352941 3.720238095238095 0
29.90196078431372 4.345238095238095 0
29.65686274509804 4.970238095238095 0
29.99999999999999 6.130952380952383 0
30.29411764705882 7.261904761904766 0
29.11764705882352 7.976190476190478 0
27.45098039215686 8.63095238095238 0
26.37254901960784 9.613095238095237 0
26.07843137254902 10.05952380952381 0
25.78431372549019 10.50595238095238 0
24.80392156862744 10.83333333333334 0
23.8235294117647 9.761904761904763 0
23.13725490196078 9.375000000000002 0
22.74509803921568 9.940476190476193 0
22.35294117647058 10.50595238095238 0
20.98039215686274 11.19047619047619 0
19.68137254901961 12.20238095238095 0
19.36274509803921 13.0952380952381 0
19.04411764705882 13.98809523809524 0
18.52941176470588 15.80357142857143 0
18.33333333333333 16.72619047619048 0
18.13725490196078 17.64880952380953 0
17.23039215686274 18.75000000000001 0
16.51960784313725 18.92857142857143 0
15.80882352941176 19.10714285714286 0
14.36274509803921 19.40476190476191 0
13.33333333333333 18.95833333333334 0
13.03921568627451 18.39285714285715 0
12.74509803921569 17.82738095238096 0
11.7156862745098 17.26190476190477 0
10.4656862745098 17.67857142857143 0
9.950980392156861 18.0952380952381 0
9.436274509803921 18.51190476190477 0
8.431372549019608 19.10714285714286 0
7.941176470588236 19.28571428571429 0
7.450980392156862 19.46428571428572 0
6.446078431372548 19.25595238095239 0
5.931372549019607 18.86904761904763 0
5.416666666666666 18.48214285714286 0
4.705882352941176 18.80952380952382 0
4.509803921568627 19.52380952380953 0
4.313725490196078 20.23809523809524 0
4.264705882352941 21.64682539682541 0
4.411764705882352 22.34126984126985 0
4.558823529411764 23.03571428571429 0
4.705882352941177 23.73015873015874 0
4.852941176470588 24.42460317460318 0
5.098039215686274 26.04166666666667 0
5.196078431372548 26.96428571428572 0
5.294117647058822 27.88690476190477 0
4.999999999999998 29.46428571428573 0
4.607843137254901 30.11904761904763 0
4.215686274509803 30.77380952380953 0
4.215686274509803 32.11309523809525 0
4.607843137254901 32.79761904761906 0
4.999999999999998 33.48214285714287 0
5.465686274509803 34.67261904761906 0
5.539215686274509 35.17857142857144 0
5.612745098039214 35.68452380952382 0
6.225490196078431 36.54761904761907 0
6.666666666666664 37.47023809523811 0
6.56862745098039 38.0357142857143 0
6.470588235294116 38.60119047619049 0
6.764705882352939 39.10714285714288 0
6.813725490196077 39.58333333333335 0
7.058823529411764 39.9404761904762 0
7.647058823529411 39.76190476190477 0
8.23529411764706 39.58333333333335 0
7.058823529411764 39.9404761904762 0
7.647058823529411 39.76190476190477 0
8.23529411764706 39.58333333333335 0
16.05521412310402 20.28515234623399 0
19.47990909039589 18.00168209860924 0
29.09315098991073 33.51790226746022 0
31.04223162017975 29.57329006988201 0
15.22235772336749 38.69218327724783 0
26.51595728707941 11.03324897990507 0
25.9166199885876 11.83710072272178 0
26.94906580640541 11.91188699755911 0
26.41624020778743 12.65010448587993 0
27.26693828384887 12.7352126807542 0
26.81937453018354 13.41121662618732 0
27.58608042130302 13.45361870319148 0
27.1772534913525 14.06855540312356 0
27.99097397309848 12.85102479045753 0
27.89568547307658 14.14515151058304 0
27.49857723260552 14.71224519738766 0
28.19941939227215 14.79315711159185 0
27.80645816367008 15.34633626532847 0
28.48793561032401 15.38975342441505 0
28.11083298330705 15.9793834593251 0
28.87041875174365 16.02445276509531 0
28.42298737915448 16.62826518690792 0
29.14400855348896 16.72500524858211 0
28.73207968603384 17.28573107034735 0
29.42547135039466 17.36767569662923 0
29.03861622807629 17.96343828864408 0
29.88749083329378 18.03211927226094 0
29.38499708432733 18.65676123234515 0
30.17433797525631 18.75374212523029 0
29.71188921769284 19.36666732324232 0
28.88895185170377 19.31520200918407 0
30.52349024947345 19.42147944556892 0
40.11931464308734 17.19174544829845 0
29.25188991157376 20.08458910278626 0
28.36745256404059 20.02299574534916 0
30.95159622893649 18.81363673888197 0
31.30481015462396 19.44982780208913 0
31.71166004793206 18.81833497917867 0
32.05610797539519 19.46638114642548 0
32.43587389493881 18.86002667343942 0
32.77856617799505 19.50126107173619 0
32.36909177611508 20.12162293869414 0
33.14908507756729 20.14943169728816 0
28.86387769852109 14.8476804234489 0
33.14692114244137 18.89748469982135 0
28.77232137461565 20.87916514965262 0
27.76538401790901 20.78953334971719 0
27.65861384291891 16.55261535438125 0
6.732575572371204 27.84143466836389 0
28.21154530539844 21.6976372831536 0
27.18285159626958 21.62622171198009 0
26.40312026851772 14.06597409334911 0
32.70697571938671 20.81805292700504 0
33.55187955745407 20.84011402313704 0
27.77817842313868 39.1526963355024 0
8.737267836036438 19.98504786596639 0
31.38155789971358 18.25385027882838 0
26.72894297353353 20.66888020302211 0
26.11356147801838 21.53949567605066 0
26.56272832571479 22.52460789760141 0
25.43902117385955 22.44886709673161 0
25.91738271739506 23.51051527407103 0
24.72153191088889 23.41856725276463 0
36.11402500948009 11.09660347402292 0
29.85872512786457 16.88210299318132 0
25.25211115490074 24.56944022971385 0
23.95320257513552 24.46336744432008 0
33.10900691137465 21.56814602132538 0
33.97150307039677 21.58771404147337 0
34.41341569761043 20.82985300518865 0
34.85461010438998 21.58918984092763 0
24.52140405179932 25.69247438180327 0
23.13030840577012 25.5696919601712 0
23.73939444852258 26.8586792759076 0
22.29433555928208 26.7359022298369 0
22.917051084017 28.05616454080769 0
21.45219994042643 27.92454371795979 0
22.07161730455247 29.25365996843708 0
20.60712177258801 29.11703210222159 0
21.22918605739044 30.45688530431683 0
19.77309928206711 30.32584331523247 0
20.39625249128066 31.64459119834665 0
19.13180187619974 28.98709412129895 0
18.30216197588223 30.19749659443619 0
17.66455765356186 28.86370993576232 0
16.8292062515933 30.06501235602333 0
16.20709390250215 28.73628435058643 0
15.37318935897357 29.93689388200936 0
35.30933256093208 20.79860436147439 0
20.60172802119145 41.5327005535531 0
20.41055227964368 40.48962818840929 0
35.77934269045261 21.60425076010934 0
14.75698197810732 28.60951612517545 0
13.92205609736141 29.82335650449928 0
37.82521458027475 14.04716755475757 0
34.37164406761804 22.37890747879961 0
25.67636391917182 20.54635387082262 0
6.363659946807434 34.5523834335478 0
22.49489770554421 24.34840167492966 0
36.26095072525996 20.76413462409827 0
26.44713312082052 24.59269266198974 0
21.43604208848642 40.83686046678734 0
21.23452482112204 39.72589819213233 0
37.79000486535 26.37268574363313 0
36.76182148317646 21.62400883895488 0
17.02794053057806 27.59580627249896 0
14.53556528029923 31.12491537796613 0
13.11081905928317 31.02453170458045 0
35.77203942977727 19.96247290043802 0
21.82843540935458 31.76024114440385 0
20.99027505335949 32.9528700320659 0
13.30722211274529 28.49844797141244 0
6.910497700889422 29.29729241790669 0
13.71678164059221 32.29741941704448 0
12.32585608845698 32.18553472258372 0
6.056048305674796 24.09131115092606 0
32.79804055079668 18.18722465943937 0
33.511175645413 18.31326734824056 0
33.26305657979375 17.70531354864534 0
33.86711736169524 17.77969658308463 0
33.575621478304 17.23509553236366 0
33.05886865862165 17.17614025743087 0
33.32629112955151 16.75540635600478 0
32.85548639398483 16.72278409275539 0
33.83956354331586 16.73237533453353 0
33.08347918333485 16.37952371669176 0
32.70730440172908 16.35421205627429 0
32.87693434886613 16.07300533138981 0
32.57914399789321 16.07074411699228 0
32.37863277730773 16.30654211413641 0
32.28994723581791 15.99858074716734 0
32.07609684913949 16.26900484016645 0
31.96379151578394 15.98497708262809 0
32.7429381571646 15.82967821559905 0
33.00856807281667 15.82512465909047 0
32.12717438127045 15.74724881828505 0
31.85209021107266 15.71704370013901 0
32.00923078303353 15.50882345608025 0
31.75888207950888 15.47542477301742 0
31.91404269206033 15.27509653652744 0
31.68079709303182 15.25044496442645 0
31.81119014915371 15.07171994981089 0
31.60284487123828 15.0446447307724 0
31.73152417646707 14.88399595500659 0
31.52689527209786 14.85022022655951 0
31.6279640785255 14.69382877966962 0
31.38167753019049 15.01869507206276 0
31.29660606469053 14.80512418078043 0
31.13595633471703 14.98841160468608 0
31.04556507100119 14.73673576812596 0
31.52613515874964 15.66942911150362 0
30.85975437462767 14.95295727489715 0
30.75790107583045 14.67429219497661 0
30.97571034374827 14.44292840224262 0
31.92214658821995 14.9137733186835 0
31.75301419557554 16.24379544563063 0
27.06208906544434 40.46762082003847 0
29.23610075480527 21.76756353030012 0
37.27452176578142 20.72634664002788 0
22.40746970118787 33.0578723971649 0
23.49676120141575 29.38087996161684 0
19.55490867817158 32.82094244434903 0
20.14088009261732 34.19138429649768 0
18.72677360047676 34.01447805388239 0
25.4917369444186 12.64842299250335 0
33.88383184720485 7.925513752594053 0
20.14503921625753 39.3797846744802 0
19.18875843820006 19.40518779878722 0
26.31569649313278 39.222960062795 0
30.55776568616909 14.91091626371232 0
30.67310036653635 15.22182422787038 0
30.440863903187 14.60499852007104 0
25.1396270365551 26.88669658703698 0
20.51743476493899 18.9716076529688 0
20.87185727361685 17.69213142727851 0
14.13401890212536 27.27957912937469 0
12.675464435964 27.16301228696446 0
13.50157752187062 25.96018162280211 0
12.07106976786593 25.83655325811124 0
32.13723071933117 15.31618967451025 0
24.29514207210248 22.31575458904193 0
37.81018655633901 21.65008358991987 0
36.60701926172971 26.10546520963549 0
38.34857337249544 20.70300353072483 0
37.74435629658839 19.85039773121337 0
20.98590635292043 38.62366902299696 0
28.28874264713879 17.89316302881951 0
12.92654809509852 33.43504601411013 0
11.60072461580898 33.29604800960837 0
12.85510763509384 24.67300594984102 0
11.4754189702966 24.54320839641722 0
14.25774471699088 24.7498145248231 0
30.28603442611522 15.15784943938066 0
11.70232699136961 30.91408183311736 0
29.75706063359162 30.21662080296944 0
29.89065666893158 28.79876803045195 0
31.08558796101641 28.19514328962601 0
31.886323956543 16.56755729727772 0
31.49969029532838 16.52156033159105 0
19.80186046480873 38.25131089379894 0
21.79824136961408 18.59446475091406 0
22.13221089868363 17.40317572974906 0
32.63228006476501 7.482504844720349 0
30.00704867662938 27.43522950539719 0
31.20425303645435 26.85427661896401 0
30.11187413046163 25.94008496068512 0
31.34455176843564 25.55205508758586 0
32.33704889151663 26.26691226645892 0
14.30142259859485 33.5621880491279 0
10.11661703340584 37.68296159805485 0
25.66790485956445 40.47647146165298 0
39.29621518147063 16.57858427266945 0
27.19353274996755 15.25044396985854 0
22.13455529273595 38.970259852909 0
21.80559809227344 37.68000220319762 0
29.26617335548845 9.315684570209294 0
20.2284257006017 20.33472841239646 0
32.21271069266601 21.53122507899647 0
32.59821204653471 22.32400636951799 0
26.98977104989832 37.89960449253627 0
36.21495431036548 22.47928963112417 0
8.081581928468163 28.42336053522291 0
20.90113820193277 26.64040154814944 0
13.49645083811515 34.67218211851981 0
14.86193343999155 34.8158026801667 0
28.58844610549395 29.3590854664978 0
30.60096395647968 9.086451567194713 0
23.00727679207809 18.25122482118146 0
23.30069639714954 17.08505491297056 0
22.46915550523016 16.24625674083722 0
23.60943974814392 15.97339057120917 0
24.38075010472902 16.78365129808373 0
22.79942066604329 15.07582868862404 0
21.62984506729776 41.9285111059438 0
12.23699855941089 23.42473147806778 0
10.89427108234741 23.37162514076347 0
10.13194340306793 24.42043855168854 0
9.44266724920203 23.07555065116203 0
38.9345502852799 21.67785542444266 0
39.68546179149791 20.62010874729974 0
38.35024001098243 22.6788553564376 0
26.37949039139687 19.73426680646623 0
28.65971052626803 22.63483377437426 0
29.92944019576088 22.69951992625881 0
30.41718522115708 15.53913012218972 0
8.212774945930633 29.81176998421296 0
11.58356282921712 22.2233571348022 0
34.2158217016283 18.37636009894442 0
34.59285689020817 17.77519441407084 0
22.48712410095193 41.22487680748728 0
22.69387846356534 42.35550128314562 0
25.56420722986936 38.02577009916246 0
26.16274821711632 36.6763997359995 0
28.98454235177265 26.69496472842044 0
22.70935504346669 19.43841193920191 0
27.430331214569 11.22700869435333 0
13.0464955922515 22.49159249725686 0
32.58631935128177 17.0550213874329 0
12.31120317942408 19.34711267458136 0
30.88326143880875 20.13850308091831 0
31.67259107878325 16.89603253564525 0
31.24729993412294 16.87114392262457 0
31.07908165946583 16.45293902073433 0
32.42461806360718 25.06774169270051 0
33.43500598106237 25.75424320951501 0
18.95007372938253 39.02235613444071 0
18.59612952821581 37.81219312936832 0
23.70049441928437 45.27471161617305 0
24.68747036691489 15.76156503668862 0
30.02209053603801 15.4884444244475 0
25.39683394199306 16.53775666976995 0
11.33259663605941 37.00729117504733 0
10.28413131101564 36.34627740951321 0
9.40472118982882 28.95423747291907 0
25.13341618284422 17.51030184288443 0
33.12239669794194 29.4289813988896 0
18.76970303878484 20.81654729863297 0
19.93160748728516 21.73049406363763 0
18.50941572204645 22.19322806084498 0
19.65347173756993 23.12265816396584 0
18.30184162174981 23.58447279577803 0
29.16815518538741 23.61371138129394 0
15.67456046788565 33.70231759088451 0
16.23690718714018 34.96168408631272 0
24.59087151920131 36.85962350245174 0
25.33037009036169 35.44370747728804 0
39.1211876234584 17.57843853547084 0
38.31979581909565 16.99726382363146 0
9.110734386542376 27.5867179334891 0
7.544268784538527 37.96233176270193 0
41.50604818642992 18.79929949449234 0
36.39942464700501 12.05273560626982 0
35.4438279587873 11.80013834585921 0
35.13384338481279 10.97528379213958 0
34.6240650140543 11.62064537981768 0
34.8641020195083 12.33962218387913 0
34.15646073582456 12.1669062323432 0
34.32638847008264 12.7614711469493 0
33.76809025622516 12.62085273902369 0
33.89888104893399 13.12730590334039 0
33.42338564783506 13.01755024386323 0
33.25296809557157 12.55495159647029 0
32.8687620049497 12.96607252839598 0
33.56324652903135 13.46532598531858 0
34.00032582195681 13.57935213193308 0
33.66347144125329 13.86883857692129 0
34.06434619699625 14.00636204308899 0
33.29479966509984 13.75960475638213 0
32.74135351876202 12.46647863583791 0
33.37715377224388 14.0998992118904 0
33.08855681000649 14.00460646399412 0
32.36881152889869 12.83558640264325 0
32.22913563623409 12.35652848984923 0
32.58881211862641 11.92423761245461 0
31.88094344006276 12.74180212576839 0
31.6837259129025 12.2343656228156 0
31.3518633646045 12.62939121233467 0
33.15225440157985 14.29288249412445 0
32.90642991086792 14.20685443590889 0
33.37041541095883 14.38070407256078 0
34.31929022471004 10.87793288978311 0
33.15744755817476 14.57443813473975 0
33.46279119103988 14.68899317044444 0
34.91925311064227 12.96061874884266 0
31.10692046221558 12.11337329954395 0
30.74596479328899 12.65343295378819 0
32.0596744038125 13.19759287653219 0
30.48241117478789 11.99441376823653 0
31.53358524752031 11.65543272118752 0
33.18749038478635 14.88608989461441 0
33.52776016947524 15.00263893935309 0
32.81381926625404 13.95143591911386 0
32.67394087513542 14.15419447582473 0
32.74175362738497 14.34745540010139 0
32.53260273200753 14.35093894316687 0
34.77159114669755 10.20152025045268 0
33.96911214201188 10.13544774311607 0
32.44346678696005 14.10572537982643 0
32.30492539090453 14.29929481149919 0
30.0728956403048 12.50349308224777 0
29.8118190144789 11.84939840917505 0
30.2767140995203 13.09587291940203 0
32.37580502490066 14.50558685646935 0
32.17205942618786 14.4773730358533 0
32.06981186038486 14.27166250889895 0
32.28449140364413 14.6601957069166 0
29.67679265451899 12.99551038300175 0
32.97901488121259 14.73474794891164 0
33.00797368714046 15.0477805612247 0
29.89296354821077 13.54793721931436 0
29.3237565494325 13.46570213835147 0
30.28125903916636 11.2829537890943 0
32.86134682672534 15.58073987196447 0
32.60187215172388 15.62179791744631 0
39.52716013359091 22.72845742485489 0
33.8107232796424 14.74039150512729 0
33.90124961180002 15.18712245370014 0
34.26622568189956 14.90678541406215 0
34.37711398587371 15.40553256998665 0
34.83484013537765 15.06830327820806 0
34.94952190883933 15.65726132184433 0
35.46400188528169 15.24038077059794 0
35.58980763330801 15.91742244312293 0
36.2041488677908 15.45410337227445 0
36.31914385585416 16.30394888206591 0
36.91800350319733 15.63853562494326 0
35.18497302296929 14.53020090268131 0
7.19385607897912 30.60978112342634 0
8.373856764618738 31.15514098927499 0
6.100000043257719 33.42904371725398 0
7.174354301402584 33.88728329241991 0
38.91518422069404 23.75004838951129 0
33.1317701176887 15.54638304498832 0
33.27576059951789 15.78410913028181 0
26.41171086222129 41.64499772350798 0
25.35508397539911 19.33771665797254 0
32.45003437812318 14.65881329840499 0
32.32926042094192 14.80095755639959 0
33.48885144765454 24.56978571430697 0
31.25259083667207 15.22554841777476 0
29.85807217793393 15.04031095100384 0
32.70296678106185 15.39759379357717 0
30.40423433692306 13.63659703945913 0
17.44057299326818 31.39355674677049 0
34.95816516960075 18.41793006448554 0
35.37509656266913 17.76736157309864 0
19.61019360830399 36.95823101215174 0
32.7998042630621 14.89540479685659 0
31.48963800599657 24.21338165380212 0
8.777084309441118 24.25758990226237 0
8.237696607234332 23.31849721856979 0
21.26343215705682 21.27194100987795 0
12.48725966238637 37.50404232001584 0
34.54485241477729 19.05849462884519 0
29.51904414732552 11.11990029345832 0
34.98087722558184 16.31640646954935 0
35.76832819558125 18.45991221661171 0
36.40730716471463 17.76969929336341 0
34.43148022308524 25.13503458095818 0
33.51422090930329 10.79578615719799 0
33.17700600615935 10.0609858333859 0
8.044934960344101 36.9878735188564 0
17.1452635205275 22.63820296548177 0
37.77310343550484 23.52823130403069 0
26.07970963011036 17.28005128025713 0
23.81445483732973 35.53687306850267 0
16.9486122201242 24.03497899820475 0
18.0428481541788 24.98428636925387 0
34.40119914837554 9.491841676723674 0
32.19141427141708 14.77740489644963 0
32.26312681048262 14.89385528166304 0
32.37493487438362 14.9007578608396 0
32.3135843868546 14.99954370186185 0
32.43912394225652 14.99325460287066 0
32.3642014052739 15.10584340279457 0
32.19356427386477 14.99995059081365 0
32.48575278905066 15.11205591703 0
32.41702889971637 15.22496719213905 0
31.70259788708312 22.29080179757671 0
28.66497352680357 35.38586225057553 0
23.30378468891284 31.78077426991972 0
5.467518943164659 21.39211204277116 0
33.33112391750667 27.06114934333635 0
9.782820480376095 19.52869201991079 0
9.583370746694508 20.71143245806157 0
29.53672660431783 13.98355466650264 0
29.02920275941286 11.69715389361092 0
21.80895332255036 42.9799674977842 0
18.28418972568275 36.53128327774422 0
32.72942532360039 10.71221739416398 0
32.36509022954164 9.983938567449062 0
32.83243299402901 9.287024787277113 0
11.43368739795114 35.66555161117797 0
10.06426940384944 35.19183712390269 0
25.09382943417043 41.62511478740814 0
28.41303742032436 30.79222543289116 0
27.22694768039396 29.90337283997274 0
26.90002834792751 31.26782360687822 0
27.26077469642995 28.32353362709575 0
24.5475645330347 20.29706149698381 0
15.75646719120192 23.20338136276003 0
21.6090847045253 15.35788871718438 0
21.93866900946949 14.12953294506453 0
23.37093955260708 13.92688958876907 0
7.325996347203571 34.97239545991775 0
8.273754615329757 34.27478886061576 0
30.79393091023994 16.81604898819906 0
30.6249745754903 16.38072842857486 0
30.96612067073995 17.27349264873707 0
24.53370790231763 34.21048129598936 0
32.43685238105231 14.82184922470652 0
30.85326728945616 15.56734559310413 0
36.58863639295938 18.54305804497648 0
32.53762494786711 14.56388273970854 0
32.58320240535084 14.68777608421795 0
32.66914159148472 14.59838154592472 0
25.90330065754871 29.03977053805345 0
40.11466453901681 26.96600386295822 0
26.01716723229118 34.09159589246538 0
27.98914551786799 19.19161064690295 0
28.96407843289448 13.89607433932194 0
8.553126745143143 21.07969562551981 0
11.86189167222796 28.36936878250763 0
15.43946163048898 36.06746867964493 0
29.58931543256911 15.42540333836521 0
38.18248454892736 17.99419626623359 0
39.17027453463756 18.65433968627041 0
24.31703263159456 40.49618303970724 0
38.47993841816938 15.92455856075063 0
34.50738665557247 24.07127581089507 0
35.40613052365145 24.61722207306834 0
22.89243858123272 43.47370763473657 0
29.07284871817964 12.91811543112573 0
17.31243041900017 37.48293676667464 0
23.07676110200097 38.15879996269064 0
25.67534566891924 15.62836205367056 0
25.06291848364999 14.91094090280811 0
7.105444359281623 32.80665717645266 0
40.19739164652118 23.86110444518138 0
39.50821699022661 24.94725408363354 0
30.27569970706791 21.76981077885423 0
10.63840525798594 20.34318155142889 0
16.63509028575242 25.41380075122856 0
32.70348975661945 14.71959988796801 0
25.19641518503463 32.96048956894509 0
25.84701522793798 42.7417541295204 0
34.02459675528264 15.69519828325831 0
31.94506744221587 14.48124487144947 0
31.81376326105898 14.26021867242127 0
31.93953564674495 14.01086758737851 0
31.6607223961643 14.01432841313454 0
31.49189408863806 14.29683079517584 0
31.32392721104287 14.00574605994272 0
31.51275387028249 13.70988938973831 0
31.121802974814 13.68191052356238 0
32.55710967424628 15.01927870642206 0
32.62034719954238 15.13007215091412 0
29.77686279774574 15.88335616145264 0
30.45550244953223 17.21937723111144 0
30.55562133317772 17.69307700400071 0
28.08094300382466 23.540154987052 0
28.60924530225246 24.62618575695654 0
34.46478488721849 13.7156872229929 0
9.216826795794226 35.83986304155434 0
35.35500775137648 8.472969290724045 0
25.23925356312316 46.3021216873225 0
35.64037912249383 26.93524183539439 0
9.391380256078257 25.44765355374396 0
7.952934367362262 25.62433209827655 0
28.71464528421026 10.93091931623654 0
30.1043491111754 10.507120577367 0
30.90314791712332 10.68650861654673 0
25.74874248084809 18.24096584984354 0
26.78278914214732 18.10140239884489 0
32.00215416526822 15.07679237906995 0
32.23709900845985 15.53802947328941 0
32.11889070930035 9.25690207167402 0
41.63579070711882 22.05983738486526 0
18.50708128906554 40.84964303243363 0
33.72332243889095 23.37500982415003 0
32.80945928037029 14.64231449892915 0
32.3718750774356 15.71962410576485 0
16.75524722093729 39.76178667989259 0
31.60197333214327 4.901888806444607 0
22.35401997068806 12.8853529109181 0
23.70395461569469 12.63389026435705 0
8.734422820074018 37.84457044331552 0
24.33102137311762 13.44760997189099 0
33.13688044368787 13.36234773612454 0
32.7322759174823 13.39981908096206 0
37.35620222697695 17.38987587476424 0
20.76203806055462 44.03057183055211 0
32.06719596553873 23.17575642082263 0
31.1286212731198 23.12706636405555 0
31.19101418255638 7.618112597986833 0
14.53502425272007 20.49632821258812 0
29.62290851842432 24.71013324395112 0
19.3003547740439 35.5832719090474 0
20.77068709365275 35.49703044405892 0
32.07288574735635 14.63556305082279 0
30.8215340475611 13.27038377341432 0
31.32990777906878 13.34409751850633 0
35.15066148767519 9.487339838841894 0
17.18183712589896 33.87228244686987 0
23.6651711587853 42.80086789067926 0
24.02048316389464 43.98843189731629 0
28.3401962780545 13.58103238190347 0
33.43024731041552 15.53368907813549 0
12.86128896266285 20.51748777461275 0
6.331105960117206 25.53790525294061 0
24.01863531532228 19.10922105791244 0
31.47006903617634 2.561425404443227 0
32.08216737376915 18.24715489974979 0
31.78633810832763 17.65327552269455 0
32.3504034900667 17.77251172619268 0
30.05303945774116 14.02779925274237 0
29.75151787724546 14.49344210083527 0
37.43232094978636 25.34180513294799 0
30.50955772190999 14.04371675971031 0
35.56301560456902 23.46434709364988 0
23.05194646693268 36.81921984046413 0
22.36424671627987 35.50500041733441 0
17.77967255897356 35.18178122596852 0
33.88628853304817 11.49014631729478 0
31.86502416869647 14.69523085547785 0
32.94719532653534 14.42063832761465 0
42.10291599259633 20.21285403868348 0
40.78667070810443 19.91444526242383 0
32.67316052304496 15.01877019184141 0
32.73602112856898 15.11204785466709 0
27.72413332667362 12.08995472627043 0
33.25104552752695 15.22274502606278 0
27.0683868002802 10.21646550520542 0
10.84573548195972 19.1358175378587 0
34.56691008844973 14.19385366953633 0
35.0344389295085 13.85566915384639 0
35.75882931831549 13.97132562905976 0
40.35581484152711 18.80987582496119 0
23.47635660083683 39.40524078288774 0
35.87326326137791 17.09206037140359 0
36.22983477556154 24.17625867145658 0
33.13570616882628 11.46380951993359 0
36.84516878060944 14.83585147022017 0
32.48712739541164 8.469620501210436 0
31.86740920414088 10.60565083184117 0
5.839528360823671 20.06285609471421 0
6.684624189662944 20.83439294715791 0
6.495279413185642 21.95895568555402 0
19.8735530541786 16.59056087481237 0
32.95622074929686 13.68983403467951 0
32.63642640016256 13.71705162415187 0
24.32135663845741 47.01184572508914 0
33.52493084815778 16.36119330146322 0
21.59809564935189 34.27950358385633 0
31.71259258909263 6.078827923570632 0
33.96950729313395 16.22931263649394 0
34.38877154643424 16.60403598644169 0
32.61780978163021 14.79425699107627 0
32.46721329520085 14.89081496575313 0
20.88983280749664 36.80378688642839 0
32.13058547318202 16.88649235246995 0
27.19169046523544 42.86304888587648 0
37.71831451828379 15.27887694016398 0
31.26832565614492 21.44212694328715 0
10.49619862372126 21.45030258552903 0
32.9585700657446 15.28796672762643 0
31.32439684463152 3.638496537283945 0
26.26188186226322 16.43783118986822 0
30.92415947461628 16.03333718790196 0
31.34117948516332 16.1029157721454 0
16.54293951997526 32.57128048059668 0
18.07168976628247 32.70312203181494 0
35.71434228251025 12.66775410836306 0
36.59434859141865 12.96575900983584 0
20.53423391095718 14.38558407397056 0
15.56411463584719 21.72008442052707 0
14.50590323269252 22.68036678614905 0
10.96498934317165 32.0796251130891 0
10.26775068543834 33.17203333309088 0
10.53582447819503 30.95566466612827 0
24.65774306467808 11.822975055449 0
24.94278047886883 39.3178262045482 0
32.51804235689512 15.40028746302188 0
24.0053347629694 14.99806019230238 0
6.0037162413076 32.3358974606103 0
12.48980171513251 29.70202010300549 0
32.47579205689128 16.6441442945581 0
24.09882631506426 17.84284450971561 0
29.39735597519853 14.93110326951592 0
12.20300012385104 34.52458852609855 0
12.78153804884247 35.6802974915592 0
18.92311419782538 31.51425872182496 0
27.67131775009982 36.58535977403915 0
11.2622023668831 26.98129591467487 0
29.73731282668926 20.93572956849085 0
33.92629720790528 20.14928427352642 0
15.16643986286094 25.97245308930705 0
9.609886120246937 32.02501169591915 0
8.97888492191063 33.19410684617772 0
20.98260651349912 22.61254997107589 0
22.26431104880617 22.23565326307387 0
20.93726236623769 24.0999129909418 0
22.62173116505142 20.88899808792502 0
15.984888110826 31.24466654009185 0
10.83370319824703 29.60626481982741 0
21.68906063815477 25.46197788670057 0
36.73985687502178 19.89063258343424 0
17.56592501627218 19.92891853800971 0
24.55774374130391 28.23112996102615 0
25.84055060921304 30.44172610465811 0
39.44218400298297 15.59015499134286 0
21.52310336678828 19.91669197554737 0
15.12602626969553 32.41713124261859 0
18.6456095450705 27.46440612640595 0
33.53926270462742 12.02547182137805 0
35.49035922628106 25.76273468688191 0
19.40719122966507 24.51771756635567 0
19.01289021366554 25.90782681065323 0
33.3505922647721 8.61633553017337 0
32.19595929742837 27.58332385308176 0
20.09023819503747 27.81115656144796 0
20.79068122517733 42.53205506673582 0
6.518537406229587 35.64195715194647 0
21.90723976779563 44.10701304667182 0
15.58952448952755 27.38368478719594 0
23.07998426447714 34.3010350284213 0
28.75367485598682 27.97190355366572 0
22.66864291831457 30.55489682187357 0
7.449961633286645 24.22782741362511 0
14.07292107855342 35.86415783083433 0
14.59337260756186 37.07206009673072 0
32.04724751695309 14.80515492947848 0
34.76991213018301 19.91486807672639 0
33.68298666534997 14.31650537382502 0
32.27440680627759 15.20938991764648 0
7.732226563630258 20.39541908594478 0
29.21889016207273 14.41830226771005 0
38.82949339765644 19.74779513445215 0
25.8380285618374 25.74604276527555 0
27.04122927370945 25.82133345976193 0
26.5024705088972 26.9405743794408 0
9.457092932364334 21.81195293458007 0
10.70475811421974 25.63041916587235 0
26.89147474295011 35.37239009334682 0
28.43582023129284 37.82542082297208 0
11.79287241313824 18.32265620061938 0
36.69499324817311 17.00628294437204 0
16.86743325805813 36.22170615502975 0
26.97137564330205 17.11449660968391 0
32.33636852029278 15.36849181655951 0
30.28678494370365 23.80797915227786 0
30.94056399712006 14.08187121935119 0
23.76103855380568 41.66285410021233 0
29.08515774355408 15.4031087150517 0
27.72631003594692 9.366547982892778 0
40.82913488128403 25.56090255922166 0
23.28516798101499 23.16472786744087 0
7.945929068460345 27.03734636662163 0
31.8623164413903 20.7728513188527 0
26.01423951795131 13.3706597666195 0
25.54077213040814 14.144695387163 0
17.64197259121803 38.71576952654137 0
31.26248397004473 14.53821037517479 0
34.41787820579338 26.41835660216021 0
17.62794689100376 26.3233008783461 0
34.61548980422562 27.834885729125 0
30.51879914495473 15.94045319927847 0
30.11005776948556 16.28811489418679 0
34.98835409396196 17.08362294639859 0
15.59013517089495 24.52168291549566 0
24.08207284826138 30.69694028254712 0
22.29112178697707 40.1143218604439 0
27.35365103814125 19.87717405333538 0
27.0993129975429 19.04325973791804 0
37.40091308425005 16.36276323581308 0
33.48436737347128 19.52448081714463 0
21.03586574926313 13.14193967108626 0
32.18741854538837 11.32198988598553 0
31.22300232572452 15.79081164428286 0
24.9774148043244 21.39760214572886 0
27.6133240046373 22.58551498618388 0
24.87057359455247 18.43701596375207 0
10.41752625774836 28.05501836652977 0
30.06985505499609 20.10235966941427 0
29.3576861924576 12.37078014114293 0
31.93749032196261 7.084928186042099 0
33.63317114196413 9.397728361507433 0
27.88869284326129 41.74197631760224 0
17.10922244955484 21.27651295016543 0
9.491208738881102 34.17199452039052 0
33.44478666422729 22.38091723657595 0
38.97210168736325 26.7078119133605 0
7.567767493466292 36.03825749903694 0
37.27514749911641 22.53830186361336 0
9.152241243231325 36.82851935456249 0
28.56414518281812 12.34865089233439 0
25.99544620055212 14.82616633221778 0
31.51062335800103 15.41955857716414 0
13.61311774747983 23.62919666713139 0
31.45553955690298 9.785417987500121 0
28.59363680800676 14.34083282237167 0
35.5850966056971 10.27460774467535 0
40.82438899378703 17.85889166477233 0
5.705584676948707 22.8199716257764 0
31.70552916390427 14.49194057667834 0
36.14624655558628 19.21721781055474 0
35.2444932951953 22.44809220767904 0
8.165956700781233 38.82520244643035 0
35.32659064925097 19.17181594961026 0
32.06522035889647 14.93512761867396 0
32.13950652120467 15.14211340337213 0
32.60057537011924 14.93995219223749 0
40.19486014975548 21.77343059244175 0
31.45022153161964 17.27375547700129 0
32.36752182338664 13.49763076988711 0
32.38309726886884 13.82992736863616 0
32.06775193444 13.6771832092199 0
28.01086652263753 17.22205466298456 0
31.48946194429075 14.52428948587598 0
27.78653295312132 27.08875635040719 0
28.568423218433 18.58309855871948 0
29.5966388183267 31.70212291848082 0
21.27934273378277 16.5217757611185 0
15.97665412602962 37.33598297926439 0
32.51744914340813 14.77232074182474 0
31.67804759335073 15.9339216708466 0
27.9567157915567 10.51545191828785 0
23.54004483478788 20.16296413325677 0
23.87827220700647 21.18859226709053 0
27.36957733818636 15.86584992912019 0
32.70946493920493 14.82541239854243 0
32.82504155518565 14.7787303693198 0
32.95490949731661 14.58551991475809 0
33.83478442354918 18.94693122972506 0
11.52568522272302 21.07199973865731 0
12.74908493738742 38.58903993861669 0
32.50232562921541 14.83785105009616 0
32.52030298048605 14.94322476642547 0
32.62103970476078 14.86740249228747 0
36.00846128472407 14.76462458043724 0
20.29185008061053 25.56021642590879 0
29.09635233552813 25.59931108580428 0
28.22493231426954 11.55358554680203 0
38.61825072592797 25.65482631449575 0
26.61723341508959 32.77712074183109 0
32.20143148138387 14.03244347757652 0
26.81938308253231 14.66070696460345 0
31.48570673782674 15.1917783524401 0
34.08082952656891 8.776524095170601 0
7.49042682910591 21.56508672826326 0
31.60613816482739 20.11558324754919 0
32.65505210525185 23.9485173052235 0
34.18897819869319 17.24183289361119 0
36.62956464200462 13.90380309215545 0
29.32502649187742 10.26679044404572 0
5.931670106157338 30.24677267328089 0
34.1716842120815 14.46962715123289 0
32.56086956013979 15.25597921815382 0
24.80199854940975 29.55008177151189 0
30.14374954624799 14.75278354532669 0
5.213319838252144 31.31101231022262 0
31.73423355547059 13.46468334243202 0
23.88287088963207 33.00582185074849 0
27.5590988566017 33.93659305104717 0
30.36863816652252 16.7172745070507 0
31.1989159221188 14.27311737037743 0
31.00502406274545 15.24211115573308 0
32.64742293945905 14.47446295186339 0
7.115177739776431 22.86355341823221 0
30.67099612615449 5.329125954208081 0
32.04453549213434 11.8985108664585 0
24.31548505821498 38.28033178108377 0
29.35036420993055 15.81035515839567 0
36.35661621222016 25.0831624804399 0
35.38196414761502 13.37760712122226 0
30.63681953098065 9.934935021840566 0
30.95126950972826 11.46231481675176 0
26.99701530616044 23.50295693531637 0
27.55055057263229 17.78416066198522 0
13.82562682729318 21.56139241356873 0
32.24491246782889 17.34921653763271 0
22.80407495212013 11.83820032544868 0
38.75454831669843 14.785385108179 0
31.11897936100036 17.74304349240091 0
8.23591582591343 35.4529868426585 0
37.15137613172087 19.12050891058621 0
38.07528462467955 18.9279749695158 0
28.08046861524294 32.29424524558585 0
32.25543657687013 15.09264070623473 0
10.94793458159119 34.32882232319565 0
33.1906104980402 16.07649866802286 0
31.11754321899997 1.583713652317215 0
34.43320423615087 15.95851271073236 0
32.1894862226127 16.53474817972172 0
31.22844050522481 15.4858007499271 0
23.27802749114704 40.50382264453185 0
9.955806196039136 26.68746911704214 0
28.83621123699006 13.38029022693839 0
32.17776065995966 28.87162463269058 0
29.5207783606399 16.28796904721078 0
19.27719788480447 40.10999055786717 0
34.35288347746229 13.25855904464167 0
34.10546411488011 29.1862730362401 0
25.10349191988345 31.62234059591024 0
32.78274279441312 17.5682081139578 0
39.76554305468468 19.54931293108146 0
34.68339299377666 23.1725684414636 0
41.50200013039031 23.86558634654003 0
37.33046156771377 18.24696102294902 0
21.97935472188972 23.30217769834912 0
36.05742562875607 27.94565190105519 0
36.72128726967181 23.35294063929695 0
9.400667509987285 30.23993852368218 0
32.43348220107403 15.54604490778291 0
8.379426215955203 22.22215171763253 0
23.03757249160603 44.44032874064671 0
24.73194813865101 45.16679407859357 0
25.18904338580925 43.87521448124261 0
27.55479289691618 24.68475175668079 0
33.05965313707459 12.09809099945918 0
18.04259765722266 39.728055126963 0
34.60421877462027 8.164380712368921 0
31.41686542483808 8.561502180434008 0
30.56872736817867 20.95085396027155 0
39.66023959577218 25.97791669127234 0
27.82008598148381 18.47841614642115 0
30.63258569728649 14.37446469764986 0
31.58144530265328 13.0662279080358 0
33.59502996034202 15.87822955056021 0
26.61933823944133 15.5888287278513 0
28.53736084612113 9.748438721151715 0
38.23460380099681 24.60581766704837 0
30.60449225931831 24.89258970740862 0
33.17173065433771 7.899944632534048 0
32.79498037709183 14.5114621065319 0
41.12602234273399 27.20992025921001 0
25.87278332814697 27.88434101853063 0
7.209964740428145 31.75890030689563 0
27.77245001163639 43.98983258567519 0
32.59245960402806 13.95030199880047 0
16.58173241611052 38.39773184592417 0
30.86093694383533 22.26586516200649 0
31.85692973194829 17.21175448508875 0
28.9109482822673 36.64819766908795 0
30.61200762684761 18.27586157639558 0
7.969012086570151 33.29002412781014 0
8.237778852009408 32.34753855412541 0
30.7686080976058 13.74483881725021 0
28.54923899563509 12.95994171693117 0
25.12801650800949 13.42443193235837 0
30.01166267599601 17.46691000672952 0
24.62153463389378 12.73179654171864 0
21.56062952765303 12.09200905447364 0
27.00873591828377 16.41586311151387 0
13.26380547128601 36.703417009391 0
24.36535685585662 46.12609552035511 0
26.27308379746686 18.89152229020905 0
26.45666693876606 43.98400655857776 0
35.9142316003223 9.456507184372068 0
6.831724679936713 26.60106082009768 0
37.15367906726433 12.44443709267976 0
17.60704677689234 40.63396102484901 0
16.40330261677724 26.57367894003601 0
10.31646267337745 22.46419166664488 0
21.85549098328051 36.48654904345185 0
34.1120427099772 19.51881180519354 0
20.40434091990446 15.54735236160764 0
14.77645674843933 23.75566876665051 0
28.17147076341086 25.83044658472033 0
9.269430818977892 38.55546542290036 0
40.61144055347534 22.85768323877666 0
40.91166584355149 20.94410091127971 0
30.25521903393635 14.38286747938926 0
13.68990163562565 38.0537745673178 0
32.24789913369289 3.373290488084539 0
31.78299948062047 13.77539038838066 0
33.23271115124113 28.29433707918197 0
11.63646362095112 20.0831198554278 0
32.55821381386844 14.82675115485441 0
32.53448560095202 15.8602718132115 0
25.87705744393805 45.43418926915184 0
31.93295547790675 7.843333662078741 0
12.5320754299025 21.54154559135069 0
23.27429944849392 21.99029605339797 0
31.46334526557334 11.11633004058798 0
29.9643074616116 9.658157254472666 0
30.1489848728307 15.83899400309674 0
8.848235794762973 26.42370976794282 0
32.89771384408871 23.04084143125802 0
37.28762019972189 13.18413811179049 0
34.70833519310153 8.877216199731716 0
23.75876603658748 37.52949377167257 0
31.18115806311597 20.72860893755433 0
8.990496816869205 34.94775168698555 0
32.68818824572111 14.91158361745365 0
39.87692099756019 18.00719112564388 0
4.983624571095124 20.48278965341897 0
35.10188004421332 7.655761587848414 0
23.70932563644842 11.6790261421237 0
23.06738600006665 11.04868338875257 0
20.6282824309695 37.70773359301775 0
32.8221006111423 15.00202629007297 0
32.87290169503671 15.13677708389535 0
32.47940913570596 13.17934033168412 0
35.55762564112143 16.52519222431768 0
33.57197180741278 15.28276025070347 0
33.71745832584934 15.50174444698419 0
32.15646139106738 14.88115656312602 0
8.4975179552982 36.25913954945555 0
17.77818452342023 41.45106219048838 0
30.77829678999762 4.261997497682565 0
32.0482335244661 15.20254799836994 0
6.280760442956147 31.33100426490287 0
36.052394672871 13.39194385599898 0
34.83066491048931 13.43362825830918 0
31.15640197613968 13.00044773019453 0
32.40217256547579 14.74543447176385 0
32.74194607168238 15.22007280480566 0
24.74115761274873 42.67233586174441 0
32.94656497059831 14.89586893224031 0
24.52782099029313 14.26771950596066 0
31.43779737189828 15.87526238497609 0
10.89249511102939 18.20390414890524 0
31.44329426842779 14.68812104544956 0
19.80355783400737 26.73346175265203 0
20.14276707087432 36.21058006292161 0
21.01607265571427 43.2884830116724 0
37.15119654027131 24.39589758860021 0
34.63891336015107 14.65386490175756 0
12.25693685557701 36.56347036690371 0
29.80198926937433 8.719133270041095 0
32.36726289088365 14.65950450266079 0
32.41291970151192 14.58220007743717 0
32.33014821427239 14.58289128169298 0
31.71542667495091 2.054522226031136 0
32.15660314553914 2.59023651174542 0
31.82529830306007 14.4865927240639 0
31.78527666630037 14.5935857160781 0
31.90504580545617 14.58823786346366 0
24.49318140475776 32.31408122332936 0
24.20363830439814 31.70155743291498 0
23.59332778927245 32.3932980603341 0
30.35075761620854 14.8318499045195 0
30.2148919861816 14.95531649235367 0
30.42190005614216 15.03438285154649 0
35.33645771649085 27.89026881509009 0
35.84890237562495 27.44044686822479 0
35.12793446335973 27.38506378225969 0
28.96091568763786 12.35971551673866 0
28.81849695049888 12.63338316173006 0
29.21526745531862 12.64444778613433 0
19.01356418726033 34.79887498146489 0
19.72061743333062 34.88732810277254 0
19.43382684654704 34.10293117519004 0
36.8688843662142 18.00833015815622 0
37.34333189734536 17.81841844885663 0
36.88175469584579 17.57978758406382 0
31.66674662121488 14.59288467817398 0
31.74649412361099 14.69452981757374 0
30.99477910847756 22.69646576303102 0
30.3951885697981 22.48269254413265 0
30.52903073444034 22.91329314515718 0
30.86549349392398 18.00945253439825 0
30.99678276328059 18.26485592761198 0
31.25026863035697 17.99844688561465 0
32.45671498638389 14.53473479808894 0
32.53511383993732 14.4574108414377 0
32.45420387845409 14.42826289981811 0
27.19648835130679 9.26660732477972 0
27.98080207679699 8.730893039065435 0
17.12724298504117 21.9573579578236 0
16.33666854270102 21.49829868534625 0
16.35468907818735 22.17914369300442 0
32.90995844623497 15.43435329979545 0
32.83076842340323 15.3427802606018 0
32.78215680389359 15.48916683277082 0
25.81408388643298 19.11461947409079 0
26.01091313915747 18.56624407002629 0
25.5519132281236 18.78934125390804 0
28.46691654303063 13.96093260213757 0
28.77885762045062 14.1184535808468 0
28.65213735547449 13.73855336061271 0
31.96895495802641 14.66539695315032 0
32.00897659478611 14.55840396113613 0
37.15945829372369 16.00064943037817 0
37.55961380126692 15.82082008798853 0
37.31815901074056 15.45870628255362 0
33.12950960733371 15.13526279364374 0
33.21926795615666 15.05441746033859 0
33.0977320359634 14.96693522791956 0
27.86313183016352 25.25759917070057 0
28.39035803283166 25.22831617083844 0
28.08201909958432 24.65546875681867 0
24.68685964536069 19.22346885794249 0
24.28309992417849 19.70314127744813 0
24.95132425421691 19.81738907747818 0
15.66029091352456 22.46173289164355 0
16.45086535586471 22.9207921641209 0
33.74685497249619 14.52844843947616 0
33.57288892819493 14.50274927213473 0
33.63675723534114 14.71469233778587 0
34.70704073086635 16.13745959014086 0
34.41098789129256 16.28127434858702 0
34.68482438600804 16.46022122799552 0
17.48075484243626 34.5270318364192 0
18.25322307972516 34.59812963992546 0
17.95430536318786 33.94338025037613 0
7.401960784313726 39.40476190476192 0
31.76787806706921 8.909202126054014 0
31.43620249087053 9.173460083967065 0
31.78721513310166 9.521160029587071 0
30.41207030802737 16.96832586908107 0
30.11368164719355 16.799688750116 0
30.1571137886984 17.05074011214638 0
28.55218955888554 41.70432149213445 0
28.40513073535613 42.5376548254678 0
25.14995355245904 32.29141508242766 0
24.53964303733335 32.98315570984678 0
32.07048356406441 14.02165553247752 0
32.13459170791194 13.85481334339821 0
32.00364379059248 13.84402539829921 0
30.00091086209095 14.89654724816526 0
29.94763371174673 14.62311282308098 0
29.80479502758969 14.76687652591955 0
33.90821536592266 22.37991235768778 0
33.58405455155912 22.87796353036299 0
34.04748325325449 22.87695865147482 0
33.60858259026909 7.474661638201791 0
34.22132768830831 7.504423542963696 0
30.58381448001266 17.98446929019814 0
30.83730034708904 17.71806024820081 0
20.03552093384833 35.54015117655316 0
20.45578359313504 34.8442073702783 0
32.59252394366308 14.51917284578596 0
32.59001283573328 14.41270094751513 0
32.57422202043169 17.97986819281603 0
32.21628543191792 18.00983331297124 0
32.44010396228291 18.21718977959458 0
33.92644209342788 26.08629990583761 0
34.42467921443931 25.7766955915592 0
33.9332431020738 25.4446388952366 0
31.00891469065888 8.82397687381436 0
30.70843271241904 8.209322518788436 0
30.30048197823984 8.471797212168788 0
32.47971346137129 14.96823968464806 0
32.49375813784345 14.9170198660893 0
32.45316861872868 14.94203478431189 0
32.12316489574669 15.52342646468483 0
32.18716486389551 15.42710957389983 0
32.07323075118235 15.41250656529525 0
37.04795316621158 16.68452309009256 0
36.86002847005211 16.33335605893949 0
36.50706855201364 16.65511591321898 0
28.24466114054167 14.24299216647735 0
28.11794087556554 13.86309194624326 0
25.30965803770028 18.3389909067978 0
25.11282878497579 18.8873663108623 0
30.2923067247175 14.67889103269886 0
30.49931479467805 14.75795739189168 0
17.93946274416984 21.0465301243992 0
17.80931908580065 21.73487050550521 0
18.63955938041565 21.50488767973897 0
33.35006348635961 13.41383686072156 0
33.21584005439387 13.56097624625334 0
33.4290230970656 13.61246537085036 0
37.94042575120972 16.14366089828185 0
38.09912646822659 15.6017177504573 0
32.28673376437632 15.45326064492446 0
32.23679961981198 15.34234074553488 0
36.95954898033658 18.39500953396275 0
36.49797177883701 18.15637866916994 0
23.40535625176008 37.17435680606835 0
24.1748187778944 37.19455863706216 0
23.82140899306699 36.83942167145793 0
17.00828987305687 35.07173265614063 0
16.70937215651957 34.41698326659129 0
35.53244654399874 9.471923511606981 0
35.63461967584939 8.964738237548056 0
35.25283461952584 8.980154564782969 0
32.45981085444196 14.75887760679429 0
32.41951247326405 14.78364184823519 0
32.47715076223022 14.79708498326563 0
34.20335771633381 23.27378913280682 0
34.52751853069735 22.77573796013161 0
32.12939231638062 14.96753910474381 0
32.03368726208235 15.00595999887195 0
32.09785921956649 15.0383714849418 0
31.04085389734048 15.52657317151562 0
31.11673228398513 15.36395595283009 0
30.9291456761008 15.40472837441861 0
30.10811256973227 23.25374953926833 0
30.70770310841172 23.46752275816671 0
31.02825175669133 9.435934777347416 0
21.31316150219623 24.78094543882118 0
22.09197917184949 24.90518978081511 0
21.71608003589095 24.22415733293573 0
31.37597295716774 14.53124993052538 0
31.4906780164644 14.41056014052591 0
31.37718902934139 14.41752058517531 0
32.66156235710733 11.39289970295956 0
32.38811533200739 11.62311374922007 0
32.86225914372635 11.6940235661941 0
32.29226437512636 13.93118542310634 0
32.22542460165442 13.75355528892803 0
31.30393980369723 8.089807389210421 0
30.59550709127819 7.737627727564846 0
33.0497248640576 14.35676041086955 0
33.05232144235505 14.4975382311772 0
33.15485097987731 14.4336603144321 0
33.12551020719835 13.72471939553082 0
33.02238877965168 13.84722024933682 0
33.19167823755317 13.88210561018813 0
6.862745098039216 38.54166666666669 0
29.57443692622199 14.7122726851756 0
29.62771407656623 14.98570711025988 0
33.04517009171666 15.41717488630738 0
32.99655847220702 15.5635614584764 0
24.6299065552317 39.90700462212772 0
24.20956853985283 39.36153349371797 0
23.8966946162157 39.95071191129749 0
7.701448000324454 24.92607975595083 0
6.890533796701927 24.88286633328286 0
7.142020163739733 25.58111867560858 0
9.50527681511711 31.13247510980067 0
8.887262137303011 30.69753975647858 0
8.991871442432839 31.59007634259707 0
23.43320065213121 36.1780464544834 0
24.20266317826552 36.19824828547721 0
33.06823121969367 14.6545930418257 0
33.08325263299947 14.81041892176302 0
33.17246897148055 14.73026401467708 0
27.60635001856015 25.82589002224113 0
27.29801108531282 25.25304260822136 0
32.88502000777545 13.82063497689668 0
32.95118803813027 13.97802119155399 0
32.40589362771797 14.86130354277307 0
32.38305640099712 14.81140339055306 0
32.35209764766277 14.8508577086196 0
32.95105241192597 14.50307912118637 0
33.05617852774568 14.57997902474892 0
32.53466129416459 14.91208857368893 0
32.56043917530265 14.94158847933148 0
32.57479748898119 14.91045228659494 0
37.02559773757503 17.19807940956814 0
36.55115020644387 17.38799111886772 0
16.11261272832369 24.96774183336211 0
15.37828751687794 25.24706800240135 0
15.90076507430668 25.6931269202678 0
32.34333198455996 14.70281508934023 0
32.42610347179949 14.70212388508442 0
34.5166840050095 27.1266211656426 0
35.0291286641436 26.6767992187773 0
13.28630717457606 39.17547235026073 0
12.30591501771332 38.9969009216893 0
32.42107408479223 14.89578641329637 0
32.40702940832007 14.94700623185513 0
33.23285529112519 14.05225283794226 0
33.33597671867187 13.92975198413627 0
9.968245994091157 30.59780159490523 0
10.07285529922098 31.49033818102372 0
31.95613584282478 14.75019289247816 0
32.06006663215472 14.72035899015063 0
31.59790861932926 23.15141139243909 0
31.30912963955818 23.67022400892883 0
31.77841698576765 23.69456903731237 0
32.53105570408653 16.8495828409955 0
32.30318876503665 16.76531832351403 0
32.3584524122319 16.97075686995142 0
32.25902063435397 18.55359078659461 0
32.61695722286774 18.52362566643939 0
41.80448208951313 19.50607676658791 0
42.47302662374914 19.39214130505603 0
42.17459272066594 18.68536403296046 0
6.641621644291263 36.27335952835419 0
6.102405958016757 35.91621667121134 0
24.44460445493737 18.77311851083225 0
27.54019165424837 42.30251260173937 0
28.05662954634321 43.09819110960491 0
7.747301977865817 22.54285256793237 0
7.934926522530557 21.8936192229479 0
7.302802284441171 22.21432007324774 0
40.6203434408754 27.08796206108411 0
40.97757861200901 26.38541140921583 0
40.47189971015042 26.26345321108994 0
13.75671552369517 38.90783966461129 0
13.21949328650653 38.32140725296725 0
26.00176013390548 31.44508210139423 0
25.86036266748652 32.19973066887066 0
26.75863088150855 32.02247217435466 0
32.73898360012568 15.16606032973637 0
32.80742388335955 15.17842494435051 0
32.80446141180285 15.12441246928122 0
7.794601872441314 37.47510264077917 0
7.404820421348521 36.94631771180917 0
7.154487333445733 37.43354683373192 0
31.24051567094844 15.35567458385093 0
31.12880744970876 15.23382978675392 0
30.28129858982557 14.03575800622634 0
30.45689602941652 13.84015689958472 0
30.22863689733211 13.83219814610075 0
36.31901296336434 14.33421383629635 0
36.19419698016006 13.9375643606076 0
35.88364530151978 14.3679751047485 0
28.11203619170264 34.66122765081136 0
27.2252867997759 34.654491572197 0
27.77822413487684 35.37912617196118 0
30.24974923007069 18.15399042432826 0
30.22155608323575 17.86259813813082 0
33.09088876176817 16.73909522438009 0
32.95717752630324 16.94946217509313 0
33.19257989408658 16.96577330671782 0
6.75300496948072 24.15956928227558 0
6.193577132895999 24.81460820193334 0
9.634429138318582 37.25574047630867 0
8.943332031652671 37.336544898939 0
9.425519926739929 37.76376602068518 0
35.7789264841337 11.44837090994107 0
35.92162630289616 11.92643697606452 0
36.25672482824255 11.57466954014637 0
32.9974933604372 14.10573044995151 0
33.02934215622389 14.24986846501668 0
33.12040560579317 14.14874447905929 0
30.28364200458686 17.57999350536512 0
29.94957675464489 17.74951463949523 0
32.02563670569575 15.29564310551885 0
31.96163673754693 15.39195999630384 0
30.88821147485011 24.01068040303999 0
29.93519390193029 17.17450649995542 0
30.23358256276412 17.34314361892048 0
32.07083034323644 15.10945289122104 0
32.16653539753472 15.07103199709289 0
18.54001366650873 35.38252656750797 0
24.21622127896769 45.22075284738331 0
24.37621565127283 44.57761298795492 0
23.8604887915895 44.63157175674466 0
35.31679769657626 12.81418642860286 0
35.28922215100928 12.5036881461211 0
34.89167756507528 12.6501204663609 0
9.352194553913538 19.22863172424111 0
9.866900436266478 18.81196505757444 0
20.13894698704153 16.06895661821 0
19.56491555799144 15.21415237128002 0
19.29952162512852 15.73575662788238 0
17.33757373291351 20.60271574408757 0
18.16781402752851 20.37273291832134 0
32.7903916726049 17.87771638669858 0
32.56657314223991 17.67035992007524 0
33.47913555317656 13.81422166665172 0
33.61335898514231 13.66708228111994 0
32.07234505562421 24.08094947951281 0
32.36112403539529 23.56213686302307 0
30.68603321720544 15.7538993961913 0
30.72147930978551 15.98689519359021 0
30.88871338203622 15.80034139050305 0
14.45612967949657 38.37297892228281 0
14.5229435675661 39.2270440195763 0
27.28139624652496 35.97887493369298 0
28.1681456384517 35.98561101230734 0
32.89539179253197 16.36686788648302 0
32.78139539785695 16.53849807451484 0
32.96948278865985 16.55115390472358 0
28.87906225835715 34.45188225901788 0
29.33248676340178 35.07388350624015 0
29.54657549495536 34.13990351468249 0
18.71054278049206 18.28655533501891 0
18.90662121186461 17.36393628739986 0
22.23712621371696 23.82528968663939 0
21.4583085440637 23.70104534464545 0
40.16867593575532 25.2540783214276 0
40.51326326390261 24.71100350220152 0
39.8528043183739 24.40417926440746 0
32.45842193449438 11.01710364007476 0
32.93256574621333 11.08801345704879 0
32.80993625301537 15.95134177349443 0
32.66104107752891 15.95021116629567 0
32.72803917337967 16.07187472419105 0
18.39923168337962 33.35880004284867 0
17.62676344609072 33.28770223934241 0
8.918259574159769 22.0170523261063 0
8.911046732578615 22.64885118439728 0
9.449880090783182 22.44375179287105 0
33.26470408691187 14.19639085300743 0
29.97300150297596 13.78786823602836 0
30.14859894256691 13.59226712938674 0
26.18762691852208 27.41245769898571 0
26.56677901228846 28.10393732281319 0
26.88162260266357 27.63205400326827 0
30.44390236561142 14.37866608851956 0
30.34804146856168 14.49393299973015 0
30.53672480023675 14.48973160886045 0
34.87895419943355 11.29796458597863 0
35.0339464864208 11.71039186283845 0
35.28883567180004 11.38771106899939 0
32.98020676610049 16.22626452404079 0
32.7921193752976 16.21360869383205 0
36.61857367952575 15.97124225350459 0
33.31724506846282 17.20561789489727 0
33.1609626192077 17.4407269030381 0
33.41933902904888 17.4702045405045 0
9.402694349908053 29.59708799830062 0
10.11718535411716 29.92310167175479 0
10.11921219403792 29.28025114637324 0
32.51661839173701 14.67329469131147 0
32.56041367660897 14.62582941196324 0
32.49382966299514 14.61134801905677 0
32.8843327908703 14.94894761115664 0
32.8731846168302 14.89563686454845 0
32.8109524371022 14.94871554346478 0
35.048251389717 19.54334201316832 0
34.93572153201413 19.11515528922773 0
34.65738227248015 19.48668135278579 0
28.79667397111549 12.02290239297266 0
29.19344447593523 12.03396701737693 0
42.91420309433738 19.92785559077031 0
33.04655059649237 13.52609088540203 0
30.61889174373017 9.51069329451764 0
31.04617954394182 9.860176504670344 0
33.20488515644318 16.56746503634827 0
32.513827631121 17.45871232579525 0
32.68453107284745 17.31161475069535 0
32.41561590955533 17.2021189625328 0
41.14635944726717 19.35687237845809 0
41.44479335035038 20.06364965055366 0
32.9669621892646 14.66013393183486 0
35.72972380278038 22.4636909194016 0
35.40375444988216 22.95621965066446 0
35.88898495746725 22.97181836238703 0
9.001926819525956 38.20001793310794 0
9.693023926191866 38.11921351047761 0
23.52902782775033 44.2143803189815 0
23.3690334554452 44.85752017840988 0
39.57335258972176 14.71412112551807 0
39.09836615984069 15.18777004976093 0
39.91717043286403 15.1165060671 0
32.64322419981114 16.21247808663328 0
31.7466060061683 29.90569265398863 0
31.01131188852125 30.32235932065529 0
34.39026287493943 11.89377580608044 0
34.51028137766643 12.25326420811117 0
34.7440835167813 11.98013378184841 0
32.22827541491599 14.56878437138495 0
32.27393222554426 14.49147994616133 0
33.4933160884332 13.2414381145909 0
33.73106378898267 13.29631594432949 0
33.66113334838452 13.07242807360181 0
33.25253199383552 7.461877078171785 0
33.52778125077128 7.912729192564051 0
25.88804199284784 28.46205577829204 0
25.21526353472544 28.05773548977839 0
25.23052219942631 28.6354502495398 0
32.48374176076565 14.71556702011486 0
32.55032577437948 14.73004841302134 0
35.57908512064878 12.23394622711113 0
35.1539649891478 12.06988026486917 0
33.83348565257958 12.87407932118204 0
34.11263475950831 12.94438852514485 0
34.0472393631539 12.6911619429865 0
18.56496745439415 18.9883081851079 0
19.33433376429798 18.70343494869823 0
24.6291327685419 38.79907899281598 0
23.89592082952591 38.84278628198575 0
40.2446872385281 25.769409625247 0
39.88745206739449 26.47196027711528 0
33.52031260674858 13.98436889440585 0
8.308561411594766 22.77032446810116 0
8.840181928218181 23.19702393486591 0
38.0302543489609 13.30334568214069 0
38.52045042739228 13.92834568214069 0
16.55217022259916 35.59169512067123 0
17.32355290851585 35.70174369049914 0
7.056448117759459 37.99902302420811 0
18.37734172723612 19.66705316839847 0
18.97923073849245 20.1108675487101 0
23.0893507768048 35.52093674291854 0
22.70809659160627 36.16211012889927 0
32.36571649320886 14.77319601408172 0
32.30687591229302 14.7305766316581 0
32.98327187644253 15.16787364442556 0
33.10480779663578 15.2553558768446 0
27.30143756181556 18.28990927263302 0
27.68531827705805 18.13128840420318 0
27.1666698573898 17.94278153041506 0
36.24142952565134 9.192539306471749 0
35.96181760117843 8.700770359647738 0
32.96278992590545 14.81530844057597 0
33.06702767769233 14.89097941342736 0
21.5908747858586 44.67255414238354 0
21.33463891417512 44.06879243861196 0
21.01827393223809 44.63433353432369 0
33.45095630392775 16.99525094418422 0
34.2414246029536 12.46418868964625 0
34.59524524479547 12.55054666541422 0
31.86666836868683 14.9927466342472 0
31.82683538234351 14.89888463684505 0
31.77135716281039 14.97785795240874 0
32.18213669486515 15.64263914578723 0
32.06820258215199 15.62803613718265 0
32.70784725126019 14.25082493796306 0
32.82409176912644 14.27715491800514 0
32.79018539300167 14.18052445586681 0
32.45203283812658 14.85633209522983 0
26.81403707886255 16.00234591968258 0
27.18915662823507 16.14085652031703 0
26.99445778881385 15.72733932848574 0
31.5642522522595 7.351520392014468 0
31.26286280804013 6.875797426354385 0
30.88962473833701 7.142389632326751 0
32.34036520790259 14.40244083398427 0
32.41876406145603 14.32511687733303 0
25.07396957155472 11.38767800391498 0
25.28718152663284 11.83003788908539 0
25.70340803350949 11.39474083755137 0
28.38632748188409 8.921838408194905 0
28.90176710080479 9.532061645680503 0
28.75073373656775 8.705461332723694 0
28.32612492325621 33.72724765925369 0
30.46799218305591 15.73979166073409 0
30.63522625530662 15.55323785764693 0
35.62393419714644 11.03594363308125 0
33.96227549602486 12.39387948568345 0
35.44309688485176 7.399309365352781 0
35.2284438977949 8.064365439286231 0
35.56966073843333 7.807913216790595 0
36.24843065578973 10.19682768186149 0
35.8495608075886 10.68560560934914 0
36.51289485768122 10.60782554653527 0
40.93093151397851 18.80458765972676 0
40.57124277481577 19.36216054369251 0
10.21957166023615 34.25040842179308 0
10.60784263351476 33.75042782814326 0
9.87947971215972 33.6720139267407 0
32.17868857550023 14.64787937886969 0
32.13215000938671 14.70648397363621 0
32.2379528375306 14.71880030168311 0
33.42561098885464 16.558299828734 0
33.30420501574632 16.37035850907749 0
34.95411871603722 26.09054564452106 0
34.96091972468315 25.44888463392004 0
32.67408557032783 13.07270643004005 0
32.60584252659413 13.28957970632309 0
32.800518961216 13.18294580467902 0
36.14215143712042 23.40864386647342 0
36.46812079001865 22.91611513521056 0
30.35818319488997 25.41633733404687 0
30.11370038887132 24.80136147567987 0
29.86739132444298 25.32510910231812 0
32.52567261852927 14.85940171552427 0
32.48476946220813 14.86433300792464 0
32.50811645152199 14.88588367335276 0
21.29824763845808 12.61697436277995 0
20.78031476382651 11.70076643199873 0
20.51793287463156 12.22573174030503 0
35.67577163790745 28.3775878552895 0
34.95480372564222 28.32220476932441 0
27.52365382477564 27.70614498875147 0
27.14450173100926 27.014665364924 0
24.67987114535683 28.89060586626902 0
25.35264960347923 29.29492615478267 0
32.31903084243312 14.89730657125132 0
32.29619361571227 14.84740641903132 0
22.11622920512749 19.67755195737464 0
22.07241726591985 20.4028450317362 0
22.66554310425905 20.16370501356347 0
5.058674691415529 22.58062073352312 0
5.586551810056683 22.10604183427377 0
4.939641824523505 21.8666909420205 0
13.2443699715275 20.02064864921114 0
13.69815660769146 20.50690799360044 0
14.08123761655611 20.01006886819883 0
30.38238837792316 14.21329211954978 0
30.57107170959824 14.20909072868009 0
33.32496353906479 11.12979783856579 0
33.51099735093722 11.47697791861419 0
33.70025472117573 11.14296623724639 0
28.5566920892266 12.65429630463278 0
28.81104385690736 12.93902857402845 0
7.676437173505381 23.091025318401 0
33.3894028485011 15.11269198270794 0
33.35762527713079 14.94436441698375 0
32.85025806871349 15.25401976621604 0
32.72245642637211 15.30883329919142 0
41.16556750583717 24.71324445288085 0
40.84969588845575 23.8633453958607 0
21.31308903846663 35.99178974375539 0
22.10986884978019 35.99577473039313 0
21.56746690496631 35.50101543069667 0
39.86815082502089 15.89031559090953 0
31.95809842866428 15.1759444577987 0
31.90667215721096 15.07425616444042 0
31.86261642060702 15.17340824316917 0
25.90682430006211 32.86880515538809 0
21.98117118281588 34.89225200059536 0
21.18439137150232 34.88826701395762 0
30.44563860151098 24.35028442984324 0
31.04706513265744 24.55298568060537 0
25.07474000454834 12.23569902397618 0
25.7041784665031 12.24276185761257 0
6.15132728181726 29.05340811371525 0
6.821536636630313 28.56936354313529 0
6.06236621755815 28.32547923894386 0
41.54340332822974 26.8986109232558 0
41.34732489685719 27.71210298674787 0
18.32041855233465 26.11556384449966 0
18.13677821803713 26.89385350237603 0
18.82924987936801 26.68611646852959 0
17.75355074343021 19.25017355471914 0
23.77934007505508 19.6360925955846 0
24.04380468391129 20.23001281512029 0
6.051858142282658 32.88247058893214 0
5.305779689281252 32.56675825411467 0
5.353921590256309 33.11333138243651 0
32.91573588039066 15.21237190576089 0
31.34540500537842 14.28497408277664 0
31.23069994608176 14.40566387277611 0
32.87494493720422 14.54849101064499 0
32.80221982873106 14.57688830273052 0
32.88218438884345 14.61391720684362 0
10.31427798116791 19.33225477888475 0
10.39835793705829 18.6155278165484 0
26.30739221999673 15.20749753003454 0
26.71936066098682 15.12476784622737 0
26.40741464154221 14.74343664841061 0
34.10278937887911 11.18403960353895 0
33.91675556700667 10.83685952349055 0
32.41221641838496 15.92942628018942 0
32.45318033919381 15.78994795948817 0
32.33091115662675 15.85910242646609 0
31.8364623857846 15.37526065477243 0
31.8840564312712 15.49212411454883 0
19.10344319375597 16.65837567550142 0
32.81725041777797 14.71052243412447 0
32.90202821819912 14.75673915911572 0
32.89423708079144 14.68853122392039 0
29.48520401965909 14.45587218427266 0
29.30812306863563 14.67470276861298 0
31.93066049705309 15.61293357810963 0
31.98963229617156 15.73214625921203 0
32.51767717639895 15.58392141261461 0
32.40267863925482 15.63283450677388 0
32.48687361457974 15.67071101160558 0
31.54709684036943 16.17335560888802 0
31.42043489024585 16.31223805186823 0
31.62635224545196 16.38267788861084 0
32.24952472935303 15.73343646202495 0
32.20856080854418 15.8729147827262 0
27.45969948951336 18.76083794216959 0
26.94105106984511 18.57233106838147 0
27.33659956653952 12.00092086191477 0
27.57723227062131 11.65848171031188 0
27.1896985104872 11.56944784595622 0
36.82716330389466 11.68112970789682 0
36.6844634851322 11.20306364177337 0
29.01864169351069 8.407185682639597 0
29.90099463468716 8.288138063591976 0
32.56817887633795 15.7410348653289 0
30.34047421822168 13.36623497943058 0
30.08483882386553 13.32190506935819 0
32.33263913975199 16.58944623713991 0
32.16003584789736 16.71062026609584 0
31.93425274104839 17.95021521122217 0
31.5839480040206 17.95356290076146 0
31.73186263674136 18.25050258928908 0
33.35777067309899 16.21884598474304 0
33.13704484068752 16.22801119235731 0
21.39326776192255 20.59431649271266 0
21.94258166105412 21.08046954890149 0
29.35963042697623 25.1547221648777 0
29.60411323299488 25.7696980232447 0
41.50729091807391 20.57847747498159 0
41.27372827533516 21.50196914807248 0
41.86935334985758 21.13634571177437 0
33.87450106165002 26.73975297274828 0
33.38306494928452 26.40769627642568 0
10.62561472799769 28.83064159317859 0
9.911123723788588 28.50462791972442 0
5.964327001871876 27.40286019132481 0
29.53408131243139 9.017408920125195 0
10.68476383822103 30.28096474297784 0
33.59573795203011 12.81920149144346 0
28.67590665442255 15.11871692393198 0
28.53164854539662 14.82041876752037 0
28.34367750129808 15.09145526800345 0
31.82504145552762 6.581878054806364 0
31.15041394160514 6.372747295118653 0
31.66147438052193 10.19553440967065 0
31.17934373701315 10.23596330202343 0
31.3852785606321 10.64607972419395 0
31.54660897382282 18.53609262900352 0
31.16657706432503 18.53374350885517 0
31.33162813843428 18.81598585903032 0
27.49112108296979 17.16827563633424 0
27.83474018277822 16.8873350086829 0
27.31499474311048 16.83355598203258 0
33.28013304576147 13.18994898999388 0
32.84447447696015 14.38404686385802 0
32.92681261870163 14.31374638176177 0
5.763592195744877 26.25109548361317 0
5.665552980058603 25.32847643599412 0
31.22585537694139 13.51300402103436 0
31.07572091331494 13.30724064596032 0
30.97166851118755 13.47614714848835 0
21.76070692068926 11.58171881295111 0
33.19140782260783 15.38456403552555 0
10.50610199272031 34.76032972354916 0
9.77773907136527 34.6819158221466 0
19.22458368953893 27.09893393952899 0
19.40822402383645 26.32064428165263 0
31.93670822623733 3.962105411499113 0
31.46318508838739 4.270192671864276 0
32.0754964699932 4.593801546079444 0
24.53412662330969 14.95450054755525 0
24.34640256494214 15.3798126144955 0
24.87519442528244 15.33625296974837 0
30.79507107258345 13.50761129533227 0
30.9452055362099 13.7133746704063 0
25.47202126454824 31.03203335028417 0
26.37028947857027 30.85477485576817 0
14.92393994394292 24.63574872015938 0
14.71209228992591 25.36113380706507 0
32.68435115882242 13.55843535255697 0
32.7963235747297 13.70344282941569 0
32.84424833338957 13.54482655782079 0
16.80899615948825 40.53565524470821 0
16.07370204184119 40.11898857804154 0
6.100432045067176 22.38946365566521 0
5.981399178175149 21.67553386416259 0
31.98113810826321 15.23882226744869 0
32.02519384486716 15.13967018871995 0
15.78487123981909 26.27306601467153 0
16.51919645126483 25.99373984563229 0
42.66910505512169 20.85047463838936 0
35.54931503951412 19.56714442502414 0
35.27097577998014 19.9386704885822 0
31.37728783198722 15.57761493071536 0
31.22572141547466 15.63830619710498 0
31.37456874223708 15.73012037789324 0
32.93457818058508 13.3810834085433 0
19.23901143799848 32.16760058308699 0
18.49740198205393 32.10869037681995 0
18.81329922222703 32.76203223808199 0
33.02289968710343 17.63676083130157 0
33.03054856529522 17.94626910404235 0
31.74599362109277 15.16108245711867 0
31.79741989254607 15.26277075047694 0
7.166236687909613 36.47150970189944 0
7.043152449847941 35.84010732549171 0
24.34335674715702 46.56897062272212 0
23.84934509459498 46.45590490303471 0
23.82734498589537 46.89878000540172 0
26.90643549470444 15.41963634885492 0
27.28155504407695 15.55814694948936 0
17.82733962128697 22.41571551316337 0
30.78180192789205 18.54474915763877 0
25.30450279129453 45.30049167387271 0
25.53305041487365 44.65470187519723 0
24.96049576223013 44.52100427991809 0
27.20272747574328 13.4324176646894 0
27.42650935257594 13.09441569197284 0
27.04315640701621 13.07321465347076 0
26.84158924581815 12.69265858331706 0
27.10800204512714 12.32354983915666 0
26.68265300709642 12.28099574171952 0
5.22058823529412 19.19642857142858 0
27.00645791624993 14.95557546723099 0
32.87108785181358 14.46605021707328 0
6.076071566413802 21.11325249496453 0
6.262076275243306 20.44862452093606 0
5.653523651994167 20.72748406874269 0
12.05203779628116 18.83488443760037 0
11.31930394754898 18.72923686923905 0
11.5784693306919 19.24146510622003 0
30.07205330202457 15.09908019519225 0
31.8969137108506 18.53274493946423 0
29.64209823912962 17.12488934490528 0
29.50136684067677 16.80355412088171 0
29.28473995194181 17.04634047260567 0
33.12182311645184 10.75400177568098 0
27.96313834967876 13.51732554254748 0
28.16558512557649 13.2160285861805 0
27.78852719720075 13.15232174682451 0
30.31929121158738 20.52660681484291 0
30.72599440349371 20.54467852059493 0
30.47655824690242 20.12043137516629 0
32.07376697143543 18.83918082630905 0
41.7334162500777 18.14964974724617 0
26.43284289749651 11.87449386014045 0
26.73251154674241 11.47256798873209 0
26.2162886378335 11.43517485131343 0
9.781774233018357 38.74201842573591 0
9.046480115371299 38.98011366383114 0
31.96215037674408 14.99528284887673 0
13.34345789497802 21.03944009409074 0
14.18032554000662 21.02886031307843 0
32.04548294852719 15.86611295045657 0
32.12686937580092 15.99177891489771 0
28.13183544103403 9.557493352022245 0
30.5491240735407 13.18312834640817 0
30.78374942042505 12.96190836360126 0
30.51133944640465 12.87465293659511 0
32.73160948922461 15.60126889470539 0
32.67240515444423 15.72573806652268 0
32.80214249194497 15.70520904378176 0
24.59278238407241 31.15964043922868 0
23.69292876858711 31.23885727623342 0
6.805228576481039 22.41125455189312 0
6.992853121145775 21.76202120690865 0
20.19930542365117 13.11858888316218 0
31.18324659134833 10.90141932856735 0
31.66537723485711 10.86099043621457 0
27.81978373592231 33.11541914831651 0
27.34885101516626 32.53568299370847 0
27.08816613584564 33.35685689643913 0
30.78657484720328 14.22816795850053 0
30.80414802051738 14.40869654994624 0
30.95813717043417 14.26239981079691 0
26.57340908641461 10.13799465736462 0
26.86752673347343 9.691566085936042 0
22.12183288534794 22.7689154807115 0
22.63226135145235 23.23345278289499 0
22.77473951491058 22.70019056525737 0
34.32844756237725 19.28865321701937 0
34.44097742008011 19.71683994095996 0
26.36990127098863 45.21709463457593 0
26.07578362392981 46.05042796790927 0
29.79488303102949 14.0056769596225 0
29.7148450762643 13.7657459429085 0
6.589951801424295 21.39667431635597 0
35.10970597623889 14.19293502826385 0
34.80067450897911 14.02476141169136 0
34.87594155570951 14.36202728610882 0
33.84786172022599 12.09618902686063 0
33.65367648042629 12.32316228020087 0
10.60900428146112 26.8343825158585 0
10.18666622689375 27.37124374178596 0
10.83986431231573 27.51815714060232 0
31.49816504791389 15.30566846480212 0
31.3691487872494 15.20866338510744 0
31.38160709733655 15.32255349746945 0
32.66563922543806 16.68346419365675 0
32.7209028726333 16.88890274009415 0
18.18184359554678 31.45390773429773 0
17.75613137977533 32.04833938929272 0
38.98511729560411 14.2974544588514 0
33.3961154000995 12.29021170892417 0
33.51052917589837 12.58790216774699 0
32.11933089418508 14.79127991296405 0
32.06837079919716 17.71289362444362 0
32.09273212189864 15.2593688364401 0
19.14084113932417 33.41771024911571 0
42.43554241238293 21.77396631148025 0
24.05873081519327 18.47603278381403 0
23.55305155357118 18.04703466544854 0
23.51295605370018 18.68022293954695 0
12.10983658634077 38.40166282645121 0
42.19044437316725 22.6965853590993 0
23.80738725555666 15.48572538175577 0
24.1484550575294 15.86747780394889 0
31.97030892193763 12.96969750115029 0
32.2142429663556 13.01658963958772 0
32.12487748448073 12.78869426420582 0
27.26096310796717 17.44932863583456 0
27.78070854763491 17.50310766248489 0
15.04956944428363 21.1082063165576 0
15.80966437947561 21.00261838338053 0
15.29511918791204 20.39074027941106 0
31.71553089446313 16.08885855823862 0
31.50961353925702 16.018418721496 0
33.38711611260337 18.00929044844295 0
33.15460809810484 18.25024600383996 0
31.82538190548086 11.21915996328675 0
31.49846525654683 11.38588138088775 0
31.86050189645434 11.48871130358653 0
28.97778824764887 15.7137807400735 0
28.78654667693905 15.39643106973337 0
28.67917718103383 15.70710309475518 0
31.21013057231458 16.27792739643987 0
31.2893859773971 16.4872496761627 0
21.37266189538857 36.64516796494012 0
20.8302599505747 36.15040866524366 0
34.69136307249509 15.80788701628834 0
34.96519956721058 15.98683389569684 0
32.53870632736617 14.98125173642376 0
32.4981168082514 15.00626665464636 0
41.56889541875456 22.96271186570264 0
42.12354908480299 23.59945983993669 0
29.78487810136488 13.27172380115806 0
29.97675337701965 13.04569165120189 0
28.90014483494227 13.63818228313017 0
28.58820375752228 13.48066130442093 0
32.94043769108858 15.09227882256003 0
33.80935396882468 15.34443345034216 0
33.87102754056599 15.59847136512125 0
33.96292318354133 15.44116036847922 0
23.85098046286235 13.68724978033003 0
24.01748799440615 13.04075011812402 0
23.53744708415088 13.28038992656306 0
36.55812457908391 28.25854023624188 0
25.82935790212814 16.48779392981908 0
25.96861376559123 16.03309662176939 0
25.53608980545615 16.08305936172025 0
6.581415320026959 26.06948303651915 0
7.392329523649487 26.11269645918712 0
20.46928741543082 14.9664682177891 0
19.62986205351781 14.63326822746147 0
27.62895612847368 12.79311873560586 0
31.85898408493461 2.967357946263885 0
32.54551819429742 2.996169053566078 0
5.174666141196152 19.79333280926187 0
5.885450454921642 19.46595185688092 0
31.0735809001704 15.91207441609241 0
31.03813480759034 15.6790786186935 0
40.29856381752471 20.78210482928972 0
40.84916827582796 20.42927308685177 0
40.23606624980117 20.26727700486179 0
8.717693759879563 38.69033393466536 0
8.450189760427627 38.33488644487294 0
32.37669871000458 15.29672950434928 0
32.42720543859395 15.38438963979069 0
32.46753562830574 15.31262732758046 0
7.388826874198529 26.81920359335966 0
7.949431717911303 26.33083923244909 0
38.28988144848658 14.41627633146829 0
32.31437052605825 29.55485993539291 0
31.6099961400697 29.22245735128629 0
29.19559855619178 16.15621090615305 0
29.43557128528522 16.04916210280323 0
29.1103914808371 15.91740396174549 0
36.73736671130703 14.36982728118781 0
36.42681503266675 14.8002380253287 0
17.30731464312887 32.63720125620581 0
16.99175625662172 31.98241861368359 0
6.585613022725614 23.47743228457914 0
6.410381208362569 22.84176252200431 0
5.880816491311752 23.45564138835123 0
27.86055180109092 19.95008489934227 0
27.55951752802513 20.33335370152628 0
28.0664182909748 20.40626454753317 0
27.53646948221454 14.1068534568533 0
27.7408829471898 13.79938510688726 0
27.38166695632776 13.76108705315752 0
24.82791874915131 13.84607571915951 0
25.03429656035064 14.20620744656183 0
25.33439431920882 13.78456365976068 0
33.99120374586195 14.60500932818009 0
33.92733543871574 14.39306626252896 0
34.72656680476142 10.92660834096135 0
34.47167761938217 11.2492891348004 0
23.84072325093928 16.93435310552714 0
23.99509492643647 16.37852093464645 0
23.45506807264673 16.52922274208986 0
24.88879202336105 16.66070398392684 0
25.04215215445398 16.14966085322929 0
24.53411023582196 16.27260816738617 0
7.350565764818281 38.50497540516049 0
32.55681479942261 15.96550796510189 0
32.43454561685556 16.03466243207981 0
21.29418535135569 33.61618680796111 0
22.00278267526988 33.66868799051061 0
21.69887237727368 33.0053712146154 0
32.2976579789478 17.5608641319127 0
32.93495744977101 15.70293226552747 0
32.87575311499064 15.82740143734476 0
24.0329256375705 45.70040356826408 0
23.51691387630885 46.03021295094368 0
15.98880247215239 39.22698497857021 0
15.30725729305629 39.58418687671916 0
11.38663228500049 17.79228048126208 0
12.12192640264755 17.79228048126208 0
32.98669466488566 3.531883339280366 0
32.39845937076801 3.82950238689941 0
32.65241946639286 15.50969585551174 0
26.61780736898549 13.03066055603363 0
31.66718452385267 14.9643203428895 0
31.70701751019599 15.05818234029165 0
36.05688346475763 12.36024485731644 0
30.46644414455567 29.18602905016698 0
29.8238586512616 29.50769441671069 0
30.39964612688568 29.89495543642573 0
30.17480486991255 12.7996830008249 0
30.4094302167969 12.57846301801798 0
27.42013374429151 39.81015857777043 0
27.79575041507511 40.47190564811448 0
28.15379509392228 39.81444340584644 0
19.85309660156953 19.18839772587801 0
19.99867192766744 18.48664487578902 0
22.33903995691452 34.29026930613881 0
22.74372698283251 33.6794537127931 0
26.16643009818752 12.24360260430085 0
31.50823510127801 19.1340813906339 0
31.12820319178023 19.13173227048555 0
25.18140801791706 15.69496354517959 0
24.03903559270012 41.07951856995979 0
24.42743399398805 41.64398444381024 0
24.7054310328825 41.06064891355769 0
32.63871187905831 15.84497501440527 0
37.28174164944662 15.05736420519207 0
37.77176454927927 14.66302224746078 0
37.33519168044209 14.44150951248887 0
29.79167353417105 33.21728446706344 0
29.04138393029691 14.63299134557947 0
29.13061683685981 14.88939184648241 0
36.41299815310232 9.787777401709844 0
35.74966410300971 9.865557464523711 0
18.65989777101357 39.91902284241509 0
18.2748394731441 40.28884907969832 0
18.892139586935 40.4798167951504 0
41.12361563029708 22.45876031182096 0
41.05672034193283 23.36163479265835 0
23.94938027145011 14.09730454736487 0
24.42942118170538 13.85766473892583 0
33.00282122431879 13.16421013226026 0
18.4963356933026 39.37520563070186 0
19.1136358070935 39.56617334615394 0
19.9484895044982 13.74041108460433 0
9.533270291290755 27.13709352526562 0
9.764130322145366 27.82086815000944 0
34.6885628201981 16.84382946642014 0
34.9846156597719 16.70001470797397 0
24.48469995480836 18.13993023673384 0
33.14607382639238 12.9918113861296 0
31.1326694798898 16.06812648002368 0
31.00162056704106 16.24313810431815 0
24.20316438576701 42.73660187621184 0
24.2510980832772 42.16759498097836 0
23.71310485629549 42.2318609954458 0
32.23849240854619 14.38833392367625 0
34.60291172430041 14.42385928564695 0
34.91194319156018 14.59203290221944 0
22.72211549037851 34.90301772287785 0
26.16686219135205 44.7090979138648 0
25.82285516228765 43.92961051991018 0
11.24109955145542 19.60946869664325 0
11.9738334001876 19.71511626500458 0
20.69464601927792 18.33186954012365 0
20.17588318200637 17.84690676294387 0
7.282569686531538 23.54569041592866 0
32.94275121084141 15.94906499524014 0
10.79360263434998 37.94862365617029 0
10.20536734023233 38.30576651331315 0
24.91749352345958 42.14872532457628 0
31.3303998488114 15.83303701462948 0
31.48196626532396 15.77234574823986 0
34.25517677355123 11.55539584855623 0
14.81653173420317 19.89102124915121 0
27.97453282047158 11.82177013653623 0
27.82763176441927 11.39029712057768 0
23.15398659461382 17.66813986707601 0
22.71645364791658 17.24411532135981 0
22.56974384538086 17.82720027546526 0
31.36953193161292 15.45267966354562 0
31.51837925837534 15.54449384433388 0
29.71856701319534 17.41729285167938 0
29.64412224078164 14.23849838366895 0
29.90227866749331 14.26062067678882 0
39.46790879466113 19.10182630867594 0
40.0606789481059 19.17959437802132 0
39.76304468808233 18.7321077556158 0
12.24887629180699 20.30030381502028 0
11.58107442183707 20.57755979704256 0
12.19348709269294 20.79474375663503 0
32.82259400495171 17.11558082243188 0
23.27973371475446 22.57751196041942 0
22.76930524865005 22.11297465823592 0
21.96522613414885 17.99882024033156 0
21.50203408615024 17.54765357851378 0
21.33504932161546 18.14329808909628 0
16.58221828632943 20.78083264819971 0
26.17079574618679 16.85894123506267 0
25.73827178605171 16.90890397501354 0
30.61288419224208 13.45349040643672 0
36.28412825477552 17.04917165788781 0
36.09620355861604 16.69800462673475 0
32.97248084661902 18.54235467963036 0
32.79139751869009 18.87875568663039 0
26.00307668275539 10.99281496614301 0
28.09082405291312 11.03451873254494 0
27.69352350306285 10.87123030632059 0
27.41388111341539 26.45504490508456 0
26.77184989130332 26.38095391960136 0
35.2729898675417 16.80440758535813 0
35.26925143335163 16.42079934693351 0
15.57662666939515 19.78543331597414 0
32.2603373461795 14.78918122642461 0
26.52554263670621 17.19727394497052 0
26.61662875278263 16.77616389977607 0
29.33239345706443 16.50648714789644 0
29.0072136526163 16.37472900683871 0
25.30534266921664 39.89714883310059 0
24.99246874557951 40.48632725068011 0
27.67139827800462 19.53439235011917 0
28.17829904095429 19.60730319612605 0
30.62961571013606 5.997896310437376 0
30.04138041601842 5.462182024723088 0
18.6126380868538 30.85587765813057 0
17.87136748457521 30.79552667060334 0
7.496039814678792 28.8603264765648 0
7.407078750419682 28.1323976017934 0
32.42411033230233 13.00746336716368 0
32.6187867669242 12.90082946551961 0
37.76145715868446 12.87183096065715 0
37.55641738999832 13.61565283327403 0
32.15531590238945 5.777509199880555 0
32.17982570631102 6.372747295118653 0
34.28887487256372 16.92293444002644 0
34.58866614632758 17.16272792000489 0
25.99180067634862 39.84971576222399 0
26.36499696250439 40.47204614084573 0
26.68889277928856 39.84529044141674 0
12.1076127233968 35.67292455136859 0
12.49226908634675 35.10244300882888 0
11.81834376090109 35.09507006863826 0
31.274402402445 26.20316585327493 0
30.72821294944864 25.74607002413549 0
30.65806358345799 26.39718078982456 0
24.3876950617508 11.26863038486736 0
28.39652810013946 14.56699496698176 0
28.04755243267437 14.46915431108744 0
32.60327180357147 14.2525667094958 0
32.63717817969624 14.34919717163413 0
32.7251228332083 13.83424377163286 0
24.26657787663127 14.63288984913152 0
23.68813715778824 14.46247489053572 0
37.8379990230363 17.19356984919785 0
37.76934338795215 17.69203607049892 0
38.2511401840115 17.49573004493253 0
31.53916376636273 1.565666349968129 0
31.29380612758815 2.072569528380221 0
31.89358537845821 14.80450208708068 0
31.79827417258177 14.78961340524222 0
26.58203767698933 28.6816520825746 0
23.69612308010797 38.21956587188721 0
23.2765588514189 38.78202037278919 0
37.81269375504942 22.60857861002548 0
37.52412546731063 23.03326658382203 0
38.06167172324363 23.10354333023415 0
34.11535454723171 23.72314281752255 0
33.60608694327274 23.9723977692285 0
33.99811905161351 24.32053076260102 0
29.25481710065246 20.90744735907173 0
29.49460136913151 20.51015933563855 0
29.01210564309471 20.48187712621944 0
26.29719432981421 10.54638639471444 0
21.15783806727654 18.78303620194143 0
16.71273055204709 31.31911164343117 0
16.26391381540063 31.90797351034427 0
32.37635416455556 14.99639915236625 0
32.34425963061911 14.95015078135073 0
35.93838474848781 16.41457055319179 0
35.71544445124968 16.80862629786063 0
22.40275908084609 18.42284478604776 0
33.33748443672685 11.74464067065582 0
33.7127756188378 11.75780906933642 0
16.86238832293711 33.22178146373328 0
32.24599093516699 19.16320390993245 0
31.88388401166362 19.14235806280207 0
32.33429000656282 16.15256143065187 0
32.47888838760047 16.18864311556434 0
20.86948787098461 34.23544394017701 0
28.4697887992399 11.24225243151928 0
28.33568053788348 10.72318561726219 0
14.14163712159375 37.56291733202426 0
14.90786516546468 37.88212168698927 0
32.97726932886938 14.97182474673251 0
34.02137463443636 11.82852627481899 0
30.73754323920497 19.11755809222544 0
30.5629671020964 18.78368943205613 0
30.34891411236488 19.0876107853996 0
32.1224725867721 14.55646804333804 0
34.46943343932885 24.60315519592663 0
33.96016583536989 24.85241014763258 0
13.32980666986567 23.06039458219412 0
14.05951049008618 23.15478172664022 0
13.77619941247201 22.58597964170296 0
33.46192871435846 25.16201446191099 0
32.95673475563086 24.81876370350374 0
32.92981202233479 25.41099245110776 0
32.22727054094985 14.83563008905633 0
34.69979088096946 28.99789842288196 0
34.45469284175378 29.8312317562153 0
37.3785576556135 16.87631955528866 0
32.30538766328519 15.28894086710299 0
32.20581876280438 15.26278979607837 0
31.98469705258652 14.85946412408099 0
25.32127457931139 29.995903938085 0
24.44203569883556 30.1235110270295 0
24.96131172873721 30.56933319360262 0
4.792583000994096 21.17224649757606 0
12.17584669368023 29.03569444275656 0
12.8985119139389 29.10023403720896 0
12.58455689248662 28.43390837696003 0
30.56831832545161 22.01783797043036 0
30.1025699514144 22.23466535255652 0
7.157704549854884 32.28277874167414 0
6.606840490867871 32.04739888375296 0
6.554580300294614 32.57127731853148 0
31.95712803480188 24.64056167325132 0
31.41709488721611 24.88271837069399 0
31.88458491602142 25.30989839014319 0
20.87576453369499 20.12571019397191 0
20.74592892882926 20.8033347111372 0
23.37719204599193 39.9545317137098 0
23.7975300613708 40.50000284211955 0
12.69668219628268 21.02951668298172 0
13.17885112859784 21.55146900245971 0
33.72136941999962 17.50739605772414 0
33.56508697074449 17.74250506586498 0
26.99831401076802 13.73988601465544 0
33.83189863160505 13.72409535442719 0
33.78178617549408 13.52233905862583 0
32.11570410875269 20.44723712877342 0
32.28464608038851 20.79545212292887 0
32.5380337477509 20.46983793284959 0
31.99368347355821 14.92445046867873 0
28.6339115494695 25.71487883526231 0
28.8527988188903 25.11274842138042 0
34.96394314448597 22.81033032457132 0
35.12320429917284 23.31845776755674 0
10.61637001430499 32.62582922308999 0
10.93423765062366 33.23404067134962 0
11.28285697949031 32.68783656134873 0
33.92410047773338 28.06461140415349 0
33.66908763306061 28.74030505771104 0
34.36047695955287 28.51057938268255 0
28.52144215274581 39.10015769156072 0
32.38083347756191 25.66732697957972 0
31.84080032997614 25.90948367702239 0
33.39282022919111 15.97736410929154 0
33.43539527992996 15.83116934042101 0
33.23318554877905 15.93030389915234 0
31.95199641012486 8.51556134082222 0
32.30300905235599 8.863261286442228 0
24.38082038832168 43.33038387953034 0
23.84282716133997 43.39464989399777 0
31.71983958627035 15.36293486872193 0
30.8390622146409 15.23196769180173 0
30.76318382799626 15.39458491048726 0
34.24402531091256 8.044947232481487 0
34.58152115201602 7.62385702285113 0
31.80548614529077 15.59623423657821 0
25.38086714686744 41.05079312453056 0
40.27610688139455 19.73187909675265 0
39.7255024230913 20.0847108391906 0
32.61050456897848 15.39894062829952 0
32.5599572543095 15.51104269023409 0
32.76836700223839 14.42945875331664 0
32.82942902487468 8.18478256687224 0
32.90200535955136 7.691224738627199 0
32.55970373008833 7.976062672965394 0
22.44302110692879 21.56232567549945 0
21.76387160293149 21.75379713647591 0
33.17755392459154 28.86165923903578 0
33.61393040641103 29.30762721756485 0
11.40159243567676 37.61078844466653 0
10.72460683473262 37.34512638655109 0
30.05946140354551 26.68765723304115 0
30.60565085654186 27.14475306218059 0
24.88126655452282 47.19639905302077 0
24.46459988785615 47.55354191016363 0
7.85511274265988 38.39376710456614 0
8.139345802306273 37.90345110300872 0
36.50040380014087 20.32738360376626 0
36.25594815239953 19.92655274193613 0
36.01649507751861 20.36330376226815 0
20.56557757298841 33.5721271642818 0
36.47556102261667 23.76459965537677 0
35.89642519006528 23.82030288255323 0
11.64542271581431 32.13257991783641 0
11.96329035213298 32.74079136609604 0
39.1919331966228 27.28247738525168 0
38.57918809858359 27.13366786144216 0
32.2100414366592 8.156477081644589 0
31.67491045137242 8.202417921256373 0
11.56563482087915 23.39817830941563 0
11.18484502632201 23.95741676859035 0
11.85620876485375 23.98396993724251 0
11.57546735272112 34.4267054246471 0
11.19081098977117 34.99718696718681 0
32.8242326278505 12.0111643059569 0
33.09767965295043 11.78095025969639 0
12.61817229988689 38.04654112931627 0
11.97892394884024 37.85916401715079 0
8.389678890209058 37.41622198108596 0
6.400156337274581 19.85285661878568 0
7.561636323410028 29.55453120105982 0
8.147178437199397 29.11756525971794 0
32.28835559866861 14.94669949176244 0
32.53945595851746 15.32813334058785 0
32.48894922992808 15.24047320514643 0
31.9079408634283 15.85101039138355 0
27.84899831243883 14.75270115448975 0
27.69713135284105 14.42869835398535 0
14.69487073157018 21.6407384170479 0
11.26801509480832 30.26017332647238 0
11.11907573478232 30.93487324962281 0
34.59166391389672 20.37236054095752 0
34.34810466904414 20.0320761751264 0
34.16985645275786 20.48956863935754 0
38.65183608619287 17.78631740085222 0
38.72049172127702 17.28785117955115 0
26.79217204367981 10.62485724255525 0
8.88248167710543 34.22339169050314 0
9.235046830395866 33.68305068328412 0
8.626319768620194 33.73444785339674 0
20.61455622342411 24.83006470842529 0
20.99045535938265 25.51109715630468 0
29.8748441474119 12.74950173262476 0
21.62345878115265 22.42410161707488 0
21.12301933527797 21.94224549047692 0
26.97314425082421 11.1301288371292 0
12.26363635545375 33.36554701185925 0
12.62620209177775 32.81029036834693 0
29.43024157687516 13.72462840242705 0
29.60836004882163 13.50681967883292 0
11.910280694314 22.82404430643499 0
11.23891695578226 22.79749113778283 0
32.26954176975923 13.18846660410816 0
15.03500893426986 22.20022560333806 0
15.13118521194722 22.94187407445454 0
24.96510049927899 43.27377517149351 0
24.60476327485194 43.93182318927944 0
21.46165621175495 43.69774802917212 0
20.88905535813444 43.65952742111226 0
25.60656290647729 17.39517656157078 0
25.26512506241864 17.02402925632719 0
27.49553580526125 12.41258370351232 0
12.71833757387008 31.60503321358208 0
13.02131886452459 32.2414770698141 0
13.41380034993769 31.66097556081246 0
37.20429051402432 11.87698045110179 0
37.6944865924557 12.50198045110179 0
33.74166652565759 10.46561695015703 0
34.14420118336096 10.50669031644959 0
31.06390979059808 28.88421667975401 0
30.488122314974 28.49695566003898 0
38.2364314174911 15.03213102417149 0
11.66175245668977 29.65414246141645 0
12.09606435325106 30.30805096806142 0
37.19851206353985 26.23907547663431 0
36.7839017877276 26.68368498577013 0
37.37539458953774 26.81729525276895 0
23.40237771450634 15.03694444046321 0
23.08518010932518 14.50135913869655 0
12.54605309725236 24.04886871395441 0
12.16526330269522 24.60810717312912 0
13.20592890624696 29.76268830375238 0
13.61463910505335 29.16090223795586 0
33.73908838267968 20.49469914833173 0
33.53769114273629 20.14935798540729 0
33.35048231751068 20.4947728602126 0
29.48670679074726 21.35164654939548 0
29.00421106471046 21.32336433997637 0
30.77456702505329 16.20703280823841 0
30.85202811747806 16.4168337246546 0
11.77324436908127 25.18988082726423 0
12.46308870147988 25.25477960397613 0
28.97451772103759 15.1253945692503 0
37.22738961113969 13.97548532345651 0
30.9141502020487 19.43565362382903 0
23.02898729319137 12.75962158763758 0
22.86247976164757 13.40612124984359 0
28.14719688699704 15.36804484487176 0
28.00293877797112 15.06974668846016 0
23.6997613561069 17.46394971134308 0
31.70010616694136 27.21880023602288 0
32.2665040944725 26.92511805977034 0
31.77065096398549 26.56059444271146 0
33.9496034354454 13.35332901763674 0
23.08088799991965 20.5259811105909 0
23.12469993912728 19.80068803622934 0
32.52143123164847 15.06566731172603 0
32.46243836565359 15.05265525995033 0
30.201476612927 8.902792418617903 0
31.14492049873538 27.52470995429501 0
30.54631831882289 27.8151863975116 0
26.32628709443187 19.31289454833764 0
25.86728718339799 19.53599173221938 0
30.00650626687858 21.35277017367254 0
29.75590023093659 21.76868715457718 0
38.80800550028313 16.78792404815045 0
39.20870140246451 17.07851140407014 0
26.2657658114977 18.17118412434422 0
26.43124938612884 17.69072683955101 0
25.91422605547923 17.76050856505033 0
23.36399517939448 19.27381649855717 0
22.85831591777239 18.84481838019168 0
29.64882057919282 16.08566260433171 0
29.81541806506273 16.28804197069879 0
29.94346028361565 16.08573552781971 0
26.63530889027349 16.42684715069105 0
26.44061005085227 16.01332995885976 0
37.61116290756817 25.85724543829056 0
37.01967010575803 25.72363517129174 0
11.90186236983001 33.91031826785346 0
12.56477410947478 33.97981727010434 0
41.39495959750475 26.07410207326163 0
29.58475260346825 12.11008927515899 0
29.42051088694588 11.77327615139298 0
31.28209090544392 15.94686370821413 0
12.8497254809831 34.59838532230918 0
13.21149946660684 34.05361406631497 0
20.45710700039215 22.17152201735676 0
20.59751982217099 21.50121753675779 0
38.34414382809944 23.63913984677099 0
38.63271211583824 23.21445187297444 0
8.598588101787712 36.90819643670945 0
24.23978820989664 17.31324790389967 0
32.53983508442952 24.50812949896201 0
32.3849253606834 15.45726836217121 0
32.47576227898458 15.47316618540239 0
10.40633064854936 21.95724712608695 0
10.95001275129728 22.34377440072354 0
11.03988072646919 21.83682986016561 0
11.34779743523749 28.98781680116752 0
32.76354160746752 27.32223659820906 0
32.83408640451165 26.66403080489764 0
14.16576502999285 22.12087959985889 0
13.17834257848223 25.31659378632157 0
12.78632364486828 25.89836744045667 0
29.58277047528308 22.23354172827946 0
14.83079577499738 31.77102331029236 0
15.55545719026076 31.83089889135522 0
15.26022669556261 31.18479095902899 0
22.65480428103829 14.0282112669168 0
22.36904483775639 14.60268081684428 0
33.2639314845668 14.47757110365027 0
33.26133490626935 14.33679328334262 0
29.21776097674231 15.60673193672368 0
32.8860274362895 26.01057773798696 0
15.83448289483539 32.49420586160764 0
28.10699932721576 38.48905857923724 0
27.71279564059558 37.86251265775417 0
27.3839747365185 38.52615041401933 0
37.86035445167285 16.68001352972227 0
38.39986711863251 16.46091119219104 0
21.85809654517299 43.54349027222801 0
22.39983917451418 43.7903603407042 0
22.35069595189155 43.22683756626039 0
9.294385521078784 32.60955927104844 0
9.623317803674484 33.1830700896343 0
9.938818402842637 32.59852251450501 0
5.5280241528374 24.60517938498684 0
5.380965329307987 23.9107349405424 0
35.48457306411024 24.04078458335911 0
35.03520113007075 23.76781145227248 0
34.95675858961196 24.3442489419817 0
30.15412924583875 14.20533336606581 0
13.898936718355 34.11718508382386 0
13.61398534684669 33.49861703161901 0
34.59538982467456 23.62192212617934 0
20.08001659394343 21.03261123801704 0
10.16846916577472 23.22358789596275 0
9.78730532613498 23.74799460142529 0
10.51310724270767 23.89603184622601 0
19.84789438539445 33.50616337042335 0
20.27259186576553 32.88690623820747 0
30.98896801185039 13.13541575180442 0
30.95118338471434 12.82694034199136 0
19.34810673994625 30.92005101852872 0
19.03763062897467 30.26166995483433 0
6.01390155565463 26.7826732671917 0
25.36913207628461 15.26965147823933 0
13.32166486784537 32.8662327155773 0
38.6172433674339 15.35497183446481 0
30.15302009743397 20.9432917643812 0
29.90358394084268 20.51904461895256 0
32.30448704294773 15.62882678952713 0
15.7080578782593 36.70172582945466 0
16.42204369204388 36.77884456714707 0
16.15344744427356 36.14458741733734 0
37.24210658580508 19.87051515732381 0
37.00718932040159 20.30848961173106 0
37.5094390311849 20.28837218562063 0
24.14856909491324 27.54490461846688 0
24.8486853889295 27.55891327403157 0
24.43951074253884 26.87268793147229 0
9.640548099821832 35.51585008272851 0
9.750479053404934 36.09307022553376 0
10.17420035743254 35.76905726670795 0
34.39091754445068 17.50851365384101 0
34.79060549208506 17.42940868023472 0
31.68045906500957 19.4581044742573 0
26.5542166824652 20.20157350474417 0
26.02792715528435 20.14031033864442 0
26.20265344635268 20.60761703692236 0
24.78030510079029 46.65698370620582 0
25.34021501685569 46.84153703413745 0
19.97558058472612 32.23276682134784 0
20.69326377232007 32.29873061520627 0
27.92461040096195 28.84130954679677 0
27.24386118841196 29.11345323353424 0
27.90769689294396 29.63122915323527 0
13.13899444347881 35.17623980503951 0
32.54296858951841 16.33037708520535 0
22.90624201964117 10.49457978961438 0
23.59251652944508 10.88148455151914 0
23.4313725490196 10.32738095238095 0
32.91503714914138 15.02490342564883 0
36.76773624552069 20.74524063206308 0
6.822704251694216 20.23862504500753 0
16.40704718120965 30.65483944805759 0
17.13488962243074 30.72928455139691 0
28.49062586752535 16.00191811221021 0
28.29938429681553 15.68456844187008 0
17.24688195257758 29.46436114589282 0
17.56568411373776 30.13125447522976 0
17.98335981472204 29.53060326509925 0
25.62923848600081 39.2703931336716 0
33.1891872720714 23.66176356468677 0
33.0719517764532 24.25915150976524 0
12.37326710191497 26.49978277253785 0
13.08852097891731 26.56159695488329 0
8.507390458337724 23.78804356041608 0
9.109875779321573 23.6665702767122 0
29.50027460197575 13.23060626067661 0
22.40968452196245 25.51583492343588 0
21.99169809871842 26.09894005826873 0
22.7123219825261 26.15279709500405 0
33.5599804042499 16.11971142601172 0
30.34012878715567 4.30361779646033 0
30.58522682637135 3.67861779646033 0
33.32904839392718 18.60537602403095 0
34.91880537336834 24.87612832701326 0
38.04646483454191 20.2767006309691 0
37.81154756913843 20.71467508537636 0
16.6684898185239 39.07975926290838 0
15.902045069739 38.544957561586 0
12.40657302532639 30.9693067688489 0
12.0140915399133 31.54980827785054 0
31.05134681731457 3.950247017483253 0
30.8582768536883 3.366867316261018 0
25.54506985836907 25.1577414974947 0
26.14258084132896 25.16936771363265 0
25.84962213786063 24.5810664458518 0
27.97900185826609 26.45960146756376 0
24.75708314378662 17.14697657048408 0
12.80031038720784 30.36327590379297 0
13.51643757832229 30.42394410453986 0
20.91815391498922 29.78695870326921 0
21.65040168097146 29.85527263637696 0
21.33936953857024 29.18534603532934 0
40.11636791954365 18.40853347530253 0
39.52359776609888 18.33076540595714 0
20.08467588667389 30.98521725678956 0
20.81271927433555 31.05073825133174 0
20.50114266972878 30.39136430977465 0
36.04868924400539 25.9340999482587 0
35.56536917438744 26.34898826113815 0
36.12369919211177 26.52035352251494 0
38.88807679982 16.25157141671004 0
37.98813968757695 26.96610477657848 0
10.80836397353752 36.67678429228027 0
10.20037417221074 37.01461950378403 0
24.45317828870814 37.56997764176776 0
24.93984614404217 38.15305094012312 0
25.07753937453533 37.4426968008071 0
4.910581487753522 32.05431567892084 0
4.518424625008425 31.36979186939703 0
28.78349796632172 16.67663521774502 0
28.64670306544906 16.32635897600162 0
20.77121906773195 27.86785013970387 0
20.34867998381274 28.46409433183477 0
21.02966085650722 28.52078791009069 0
31.64182098213505 15.14754484759943 0
33.06086505026064 12.76051206243313 0
33.33817687170331 12.78625092016676 0
10.74897840090029 35.42869436754033 0
33.78226862673799 16.05377109352708 0
33.74721907064587 16.29525296897858 0
32.63191817060082 15.3267865058655 0
11.96883340142355 27.07215410081966 0
11.56204701955553 27.67533234859125 0
12.26867805409598 27.76619053473604 0
32.01562528807825 17.50124603016363 0
22.81260305565716 24.95904681755043 0
13.8231921697912 31.07472354127329 0
14.22881068883032 30.4741359412327 0
13.81779821199799 26.6198803760884 0
13.40474166904468 27.22129570816958 0
19.70859206940088 19.86995810559184 0
20.37293023277034 19.65316803268263 0
23.03929762668704 16.10982365602319 0
22.88492595118985 16.66565582690389 0
27.04693745813573 39.1878281991487 0
18.3981797648808 28.92540202853063 0
18.71698192604098 29.59229535786757 0
14.12617346044572 31.7111673975053 0
30.36872639522718 30.64402468719901 0
11.33365816727063 31.49685347310323 0
33.80981335781233 15.78671391690926 0
33.9970520242083 15.96225545987612 0
24.61612124895424 17.67657317630002 0
25.25349385436909 38.67179815185533 0
25.93995186150107 38.62436508097873 0
24.57241246384571 35.49029027289535 0
24.9606208047815 36.15166548986988 0
29.07877551821425 17.32670338348829 0
28.9380441197614 17.00536815946473 0
15.67903873489979 30.59078021105061 0
16.10119780528344 30.00095311901634 0
31.78906036982733 11.77697179382301 0
32.11597701876136 11.61025037622202 0
10.80368118668227 24.48182347405288 0
20.49568819848512 27.2257790547987 0
21.1766690711796 27.28247263305461 0
26.43962891777343 25.78368811251874 0
26.74418119726498 25.20701306087584 0
11.66663606737452 26.40892458639305 0
25.37680986815882 36.76801161922562 0
25.86347772349284 37.35108491758098 0
29.24125685937631 15.16710599228381 0
26.03980786089287 41.06073459258048 0
26.73689996383281 41.05630927177323 0
15.89830919601485 28.05998456889119 0
15.17325323381743 27.99660045618569 0
15.48203794030473 28.67290023788094 0
30.58642121726443 13.69071792835467 0
35.03962234555755 20.35673621910038 0
34.86137412927125 20.81422868333152 0
14.65022938249315 26.62601610934087 0
14.33400869236578 25.96631735605457 0
21.40935523135703 32.35655558823488 0
21.11234395031762 31.70241617137525 0
15.79014163073786 29.3365891162979 0
16.51815007704772 29.40064835330488 0
26.27698913988384 37.96268729584936 0
26.65273377151555 38.56128227766563 0
14.33951903773436 29.21643631483736 0
14.64762272816749 29.88012519325432 0
15.06508566854044 29.27320500359241 0
27.00096300886835 24.63872220933527 0
16.8105695696881 20.10703544212185 0
17.04276642970472 19.42874498329057 0
16.28741098312064 19.60686188740272 0
32.92080572651739 17.37217418569433 0
21.76190862248945 28.58910184319843 0
22.49433419428474 28.65491225462238 0
22.18462551222171 27.99035412938374 0
32.54989887043447 13.44872492542459 0
32.5019741117746 13.60734119701949 0
32.61080753744001 14.90367734226248 0
32.58502965630196 14.87417743661993 0
8.49474305627297 39.11498217559614 0
7.906507762155321 39.29355360416756 0
8.808748067879726 29.38300372856601 0
8.74315155914849 28.68879900407099 0
8.397082431611658 26.73052806728223 0
8.400585081062617 26.02402093310969 0
22.47240612970083 44.27367089365926 0
22.96500553641938 43.95701818769165 0
32.41733707669512 19.48382110908083 0
32.60722003646693 19.18064387258781 0
13.87966111943075 25.3549980738126 0
14.00910211959352 32.92980373308619 0
21.29509942004377 26.051189717425 0
21.59773688060742 26.68815188899317 0
12.02888032631276 21.306772665004 0
33.68224719573682 16.54678431799838 0
33.58292733643368 16.74389084526915 0
23.44721955090344 34.91895404846198 0
15.83818440881458 35.51457638297883 0
29.94885267278048 28.11699876792456 0
7.05217688993427 29.95353677066651 0
7.703315512454877 30.21077555381965 0
19.45245057913343 29.65646871826571 0
36.14028521304628 17.4308798323835 0
35.62417991202352 17.42971097225111 0
35.89120186369188 17.76853043323102 0
33.7157108956705 8.696429812671983 0
33.98233068688688 8.351018923882325 0
33.61721205598847 8.270924641383711 0
18.15508359931618 28.16405803108413 0
17.83677503782428 27.53010619945245 0
17.34624909206996 28.22975810413064 0
11.27432959870008 33.81243516640201 0
27.04129700583739 20.27302712817874 0
27.24716349572127 20.72920677636965 0
35.43080867766994 17.08784165890109 0
21.52881073337251 31.10856322436034 0
32.86012458856098 14.07914517751137 0
22.25379820654038 19.01643834505798 0
33.98264762753225 20.83498351416284 0
12.99134327435465 27.83073012918845 0
35.28534242944492 16.11691445633614 0
35.26966477107366 15.78734188248363 0
28.67106048074038 28.66549451008176 0
28.00722477620838 28.14771859038073 0
7.208425376646602 20.61490601655134 0
7.346505438677873 20.01913811440097 0
21.87326774985425 27.33022297389834 0
23.2044302070936 15.5246096299166 0
41.39258665375625 17.67944583238616 0
41.16521859010847 18.32909557963233 0
13.55642617604236 24.71141023733206 0
16.935825778032 28.79999714317437 0
9.257727788185598 28.27047770320409 0
8.596158157505268 28.005039234356 0
32.03751356702816 21.15203819892459 0
32.45984320602636 21.17463900300076 0
16.35253970566306 23.61918018048239 0
17.04693787032585 23.33659098184325 0
29.54820824111714 26.31752484455279 0
29.49579551420101 27.06509711690882 0
20.31803912553453 22.86760406752086 0
19.79253961242755 22.42657611380173 0
14.17919213905335 34.74399239934326 0
14.5816780192932 34.1889953646473 0
26.56512416897134 29.4715716890131 0
16.30873251005281 27.48974552984745 0
16.6175172165401 28.1660453115427 0
28.05356899069633 37.20539029850561 0
27.33054439999907 37.24248213328771 0
31.19179435762356 5.703976938889358 0
19.6110200356186 28.39912534137345 0
19.86946182439387 29.05206311176027 0
7.78385642179893 30.88246105635066 0
8.293315855274685 30.48345548674398 0
21.94891448785251 30.5058910630952 0
22.37013011143353 29.90427839515533 0
10.85890935448339 36.00591451034559 0
32.65140781591109 15.23802601147974 0
32.60050609349052 14.74101653764711 0
32.66064976912483 14.75692843952214 0
32.64334608098515 14.70368798609298 0
35.54068599535467 20.3805386309562 0
35.78514164309602 20.78136949278633 0
18.88870571063512 28.22575012385245 0
13.43606120977234 22.02649245541279 0
27.54422925770545 19.1174351924105 0
27.22648201784207 19.46021689562671 0
14.9543773196364 30.53090462998775 0
32.74388007069473 14.0528151974693 0
24.83051554417721 26.28958548442012 0
24.13039925016095 26.27557682885543 0
32.69458828342201 14.41095917598239 0
32.96274366021821 19.19937288577877 0
23.73739741266045 28.14364725091692 0
23.32822276626979 27.45742190835765 0
11.38791394104283 25.73348621199179 0
10.98348024055142 26.30585754027361 0
25.44107933184615 17.87563384636398 0
16.4281987968923 33.78730001887719 0
15.95573382751292 34.33200083859862 0
32.05856343420187 14.47930895365139 0
35.18172532831554 17.42549225974861 0
15.54942031356587 34.88874338323971 0
15.2682469539386 34.25906013552561 0
13.72062050743533 27.88901355039356 0
28.58680980257683 32.90607375652303 0
25.75277014819586 41.63505625545806 0
29.23955138721277 29.07892674847487 0
29.17275336954279 29.78785313473362 0
38.57489401084543 24.17793302827983 0
38.8714103956117 24.77653587534095 0
39.21170060546033 24.34865123657241 0
11.13970896498816 28.2121935745187 0
10.28743773170929 32.05231840450413 0
24.72951894056355 13.43602095212468 0
27.47539095435281 41.10479856882036 0
28.20905230398358 41.10908339689637 0
21.71939919492406 42.45423930186401 0
22.25141589305785 42.66773439046491 0
22.16186176543155 42.14200619454471 0
12.6417470758312 22.95816198766232 0
12.31502921073431 22.35747481602953 0
33.09151262940055 8.951680158725242 0
32.91885983009188 8.542978015691904 0
32.65978019472033 8.878322644243774 0
17.57581149187044 36.37649471638699 0
18.03193114232815 35.85653225185638 0
34.1924593840036 21.20878352333101 0
33.76169131392543 21.2139140323052 0
21.21026314623754 42.23028308633981 0
21.29981727386384 42.75601128226001 0
19.05746221316022 41.02005961145492 0
18.54275633080728 41.31767865907396 0
25.51572394728547 19.94203526439758 0
14.86177169582646 27.33163195828532 0
14.44550044011634 27.94454762727507 0
32.95321566487987 10.38660161377494 0
33.34561345773132 10.42838599529194 0
30.61626427444732 11.37263430292303 0
30.92720871342579 11.07441171664925 0
30.59220347814485 10.98473120282052 0
29.21791011564642 37.72223422100986 0
28.85026305682289 38.43651993529556 0
29.95484673106399 24.25905619811449 0
17.4957301871515 24.5096326837293 0
18.17234488796431 24.28437958251595 0
17.62522692093701 23.80972589699139 0
12.67520943284929 18.86998490871925 0
12.96932707990812 19.43546109919544 0
28.90626348503974 14.37956754504086 0
28.72875725326393 14.59425662291028 0
19.350655263035 21.2735206811353 0
19.49906436969327 20.57563785551472 0
31.67974412749628 14.78891236733811 0
27.337915361979 14.39040030025561 0
31.7861479891622 3.505893512684242 0
32.62617199841778 14.64307881507133 0
32.60338326967592 14.58113214281663 0
19.08144372980819 22.65794311240541 0
19.22051160466581 21.9618610622413 0
35.15060862912864 13.16911293503246 0
35.54815321506263 13.02268061479266 0
20.29536705190381 23.61128557745382 0
20.95993443986841 23.35623148100884 0
17.72355257113865 23.1113378806299 0
7.843829120260487 23.77316231609745 0
8.113522971363881 24.24270865794374 0
16.79185125293831 24.72438987471665 0
17.33896921996561 25.19904356024121 0
34.62282079036245 12.86104494789598 0
19.65968334455302 31.5794249600858 0
18.40562867189813 22.8888504283115 0
34.37035164435472 10.16848399678438 0
34.5454406857038 10.5397265701179 0
17.23489593746577 40.97174241718642 0
17.18114699891481 40.1978738523708 0
32.55508252383035 12.65103251924058 0
32.80505776185586 12.71627558211694 0
18.97765667965987 23.35356547987193 0
30.39317280105196 18.51480185081294 0
30.03091440427504 18.39293069874562 0
10.41835075864383 25.02542885878044 0
11.09008854225817 25.08681378114478 0
31.64077362922239 27.88923357135389 0
31.13648472914888 5.115507380326346 0
31.65728296061795 5.490358365007619 0
9.454513856254525 24.33901422697546 0
29.09148429748361 14.157188303516 0
31.45265873466399 17.69815950754773 0
25.83539593473568 15.22726419294417 0
25.52918234210106 14.86855361751295 0
39.62025113327287 17.38509199188464 0
39.70776491227899 16.88516486048395 0
26.73940169446989 19.38876327219213 0
26.86657071476906 19.8057204299008 0
22.60569332164954 27.39603338532229 0
14.98799153324025 33.6322528200062 0
27.39734841811356 9.791506744049098 0
30.50556189135497 17.45622711755608 0
34.01916995894124 19.83404803935998 0
40.59010191765707 18.33438374486676 0
15.40029336879059 33.05972441675155 0
14.71372443414519 32.98965964587325 0
31.62920972428246 14.86710809078305 0
31.56487007166807 14.94743247866596 0
24.93203899633966 34.8270943866387 0
24.17408136982368 34.87367718224601 0
40.20671614507308 16.69111081938732 0
40.62338281173975 17.01849177176828 0
31.74051817440546 21.48667601114181 0
31.48546177161402 21.86646437043193 0
31.95765428987456 21.91101343828659 0
18.52786918392217 25.44605658995355 0
19.2100407216653 25.21277218850445 0
18.72501969192194 24.75100196780477 0
22.78418925298411 29.31726996502696 0
23.20690614271638 28.71852225121226 0
18.85451642570744 24.05109518106685 0
30.54514279384672 15.38047717503005 0
14.0321020454263 28.55398204829394 0
10.048069185149 25.53903635980815 0
9.761661829573095 24.93404605271625 0
30.93111294946071 2.828331749840661 0
30.93111294946071 2.292617464126376 0
25.48882779919625 26.31636967615627 0
25.17971630681836 25.71925857353941 0
19.53033148361749 23.82018786516075 0
22.11795255527122 32.40905677078437 0
9.718186277123484 36.58739838203785 0
29.3221657624592 28.38533579205883 0
10.75040691068334 31.51764488960869 0
29.3803617663081 27.70356652953145 0
11.38314201700527 36.33642139311265 0
7.087525509384427 21.19973983771058 0
7.611326696368085 20.98025290710402 0
26.91703298360807 36.63087975501932 0
26.57625963350732 37.28800211426788 0
32.59154822931018 16.49917817541619 0
20.19011052732756 29.72143770872703 0
16.10874999393045 33.1367990357406 0
14.42140395514387 32.35727532983154 0
22.24853916383458 31.15756898313871 0
22.14634449007877 13.50744292799132 0
29.33248676340178 35.78816922052587 0
21.02026906586364 19.44414981425808 0
34.20085537057817 15.55036542662248 0
34.13918179883686 15.29632751184339 0
23.08270205986516 29.96788839174521 0
20.17222679795138 24.30881527864873 0
29.46305353068504 17.99777878045251 0
29.65648109184422 17.69989748444508 0
29.23204378923548 17.66555699263666 0
21.66067236820118 19.25557836323071 0
28.93119366899927 10.00761458259872 0
28.6260030651657 10.33967901869413 0
29.01983588804384 10.59885488014113 0
24.54865249725382 45.64644479947434 0
24.80230520948989 46.21410860383881 0
24.98560085088709 45.73445788295804 0
22.80545594678639 39.18775031789837 0
22.60565819736846 38.56452990779982 0
26.87708239272468 17.6079495042644 0
21.68454005692899 39.34807902252066 0
21.56023082282819 38.79696443795298 0
21.11021558702124 39.17478360756465 0
12.58624607104347 19.93230022459706 0
12.789285511077 22.01656904430378 0
19.45527419117395 36.27075146059957 0
18.79227224986333 36.05727759339581 0
18.94719166699337 36.74475714494798 0
22.74427644188144 44.83921198937098 0
22.17911007997624 44.67255414238354 0
35.47190117064238 14.25076326587054 0
35.39663412391199 13.91349739145308 0
33.23280206799657 9.342376574392272 0
33.49188170336812 9.007031945840401 0
30.97452201387698 25.22232239749724 0
39.55628793360762 23.80557641734633 0
19.70602703655636 37.60477095297534 0
19.1031615682599 37.38521207076003 0
19.19899499651227 38.03175201158363 0
10.60536687786243 22.91790840370417 0
28.24703831883891 10.13194531971978 0
5.661913484451215 29.52814824140235 0
6.421083903523378 29.77203254559378 0
19.36792387005398 27.63778134392695 0
23.01686500390232 26.79729075287225 0
24.88675760335003 25.13095730575856 0
18.44015962694928 37.17173820355627 0
19.67673107228725 17.2961214867108 0
12.41604404970638 18.35775667173827 0
13.78468595833429 35.26816997467707 0
14.46742725927249 35.33998025550052 0
39.79516641426473 16.38453023157282 0
30.72506085951502 14.06279398953075 0
31.57742967531168 14.77202450311457 0
25.74655915373901 36.06005360664376 0
15.37798217619424 26.67806893825149 0
22.79315852239903 42.9146044589411 0
8.52833172750136 27.31203215005537 0
8.013755498464253 27.73035345092227 0
24.02725247135983 28.8060049613215 0
25.87192563338088 29.74074832135578 0
26.5337491448035 30.17254947231542 0
32.11624971684126 10.29479469964512 0
32.29841726387063 10.65893411300257 0
32.54725777657102 10.34807798080652 0
36.99821738439411 22.94562125145516 0
37.24719535258832 23.44058597166383 0
29.68975174425224 16.58503602019605 0
29.98439144867507 16.58510894368406 0
34.58639514753655 9.846680963588177 0
34.18515564519372 9.813644709919872 0
8.365009338401691 24.94096100026946 0
8.672157311720259 25.53599282601025 0
9.084232282759688 24.85262172800317 0
5.95143781654097 34.86547743105962 0
5.877908404776267 34.35952505010724 0
33.32514078791311 14.78754153252943 0
33.31011937460732 14.6317156525921 0
34.45256952102531 14.78032515790986 0
34.40529878611629 14.56174602649523 0
34.21895494699052 14.68820628264752 0
29.66087248328492 20.09347438610027 0
33.70533229068828 19.83688254533552 0
33.31672622551929 19.8369562572164 0
29.14391749116349 13.68088823883671 0
29.25040251860616 13.93981450291229 0
22.3006832019569 16.82471623529314 0
22.21283853985651 39.54229085667645 0
22.88373919390695 39.75978132166582 0
26.18225791910779 24.05160396803038 0
25.5847469361479 24.03997775189244 0
28.44471763684479 13.27048704941732 0
28.27010648436679 12.90548325369435 0
23.22405014033986 24.40588455962487 0
23.54175549045282 25.01652970224564 0
36.64881134365358 19.16886336057047 0
36.87000626234013 18.83178347778134 0
36.36744147427283 18.8801379277656 0
32.02741387476463 10.96382035891335 0
17.32794371079091 26.95955357542253 0
33.299457920851 12.06178141041862 0
20.39534061258866 42.87317039051078 0
20.29730139690239 42.36721800955839 0
31.06463129999012 21.85399605264682 0
30.77201268160641 21.60596886107069 0
5.205733514944942 23.27506517796757 0
39.29751822617056 19.64855403276681 0
38.999883966147 19.20106741036128 0
25.60679120866291 33.52604273070523 0
24.86506154367613 33.58548543246722 0
25.2754375673044 34.15103859422737 0
32.05503953814842 12.54916530780881 0
32.29897358256639 12.59605744624624 0
23.80684608339739 34.25575816220532 0
5.60851803977987 31.82345488541646 0
38.67637954178246 18.324267976252 0
39.14573107904798 18.11638911087062 0
16.64454227251489 37.40945987296951 0
17.08993183852915 36.8523214608522 0
17.13151858837809 25.86855081478733 0
17.83539752259128 25.65379362379998 0
35.81798264960649 24.39674037226246 0
16.26937369550958 24.2783309568502 0
32.68631567405209 14.65899071694636 0
35.031671472239 8.675092745227882 0
34.92949834038836 9.182278019286805 0
18.77310162879917 38.41727463190451 0
19.37596709709563 38.63683351411982 0
25.75688168352236 46.4843941769946 0
23.43485142714635 26.2141856180394 0
33.70759251080993 16.98373543344859 0
22.63428808563672 15.66104271473063 0
33.65624414309568 15.6899869987722 0
33.57385281813243 15.51771676255984 0
33.51263863537878 15.70595931434785 0
32.10000627391477 5.189039641317542 0
33.57305907408562 10.09821678825098 0
7.806351226905196 36.51306550894667 0
28.72382303010185 21.73260040672686 0
28.49193334000705 21.28840121640311 0
21.41251298913232 43.13422525472831 0
9.52738311035932 35.06979440544411 0
9.103661806331715 35.39380736426995 0
20.20282479490945 41.86754075296703 0
20.10478557922318 41.36158837201465 0
40.55326299665349 21.35876575186073 0
39.94016097062671 21.19676966987074 0
32.52331117459523 15.18401756759191 0
32.59060837984109 15.19302568453397 0
32.55304999429652 15.12106403397206 0
26.99005578079291 16.76517986059889 0
29.77966752979182 18.70525167878772 0
29.63624395881056 18.34444025230304 0
8.64519729058979 20.5323717457431 0
9.068248745918826 20.89556404179069 0
9.160319291365472 20.34824016201398 0
33.68914650355411 18.04648196566259 0
22.98621380361371 31.16783554589665 0
22.56611004913371 31.77050770716179 0
34.95271726575517 10.58840202129613 0
31.92537570753023 13.72628679880028 0
31.86126756368271 13.89312898787959 0
27.06348801416074 30.58559822342548 0
24.86708162298101 22.38231084288677 0
24.50833699149569 22.86716092090328 0
25.08027654237422 22.93371717474812 0
22.85562719505036 32.41932333354231 0
34.36929715026562 14.33174041038462 0
13.93543123223536 24.18950559597724 0
13.23411269128683 24.15110130848621 0
26.95589728490156 21.1475509575011 0
27.4741178070893 21.20787753084864 0
29.11607691033839 24.66815950045384 0
29.39553185190587 24.16192231262253 0
28.88870024381994 24.11994856912524 0
26.1702495353673 26.34330857235818 0
6.028876546252047 35.41026429025896 0
8.021776787124526 21.32239117689154 0
8.142676654386701 20.7375573557323 0
6.782150126153958 27.22124774423079 0
22.8900328432796 23.75656477118526 0
8.339222153312337 19.63538107584034 0
8.829418231743709 19.45680964726891 0
7.836701517109248 19.84056668582954 0
30.76998372405199 10.31072181919365 0
29.29457536101445 22.66717685031653 0
28.94790564053665 22.20119865233719 0
6.844828147005504 34.76238944673277 0
7.250175324303076 34.42983937616883 0
6.769007124105009 34.21983336298386 0
13.42722956369794 35.77222766119677 0
33.31051814148983 23.20792562770403 0
32.77638297467028 23.49467936824076 0
25.8949626985951 21.04292477343664 0
26.42125222577596 21.10418793953638 0
30.75485004087253 1.268047302349082 0
31.2450461193039 1.208523492825272 0
32.01994418246171 16.12699096139727 0
32.1830220424787 16.13379279366689 0
30.27765340754635 12.24895342524215 0
30.61418798403844 12.32392336101236 0
27.81999255035916 30.34779913643195 0
28.50074176290915 30.07565544969448 0
32.47566185166468 9.271963429475566 0
33.34064641897125 15.37821705209914 0
33.28100871405211 15.54003606156191 0
26.52711148003321 36.02439491467315 0
30.11768973358314 19.39407338440562 0
29.94311359647457 19.06020472423631 0
6.745362591692146 31.54495228589925 0
6.142238342131872 31.83345086275659 0
31.5177946387535 12.43187841757514 0
31.61640340233363 12.68559666905153 0
31.78233467648263 12.488083874292 0
24.21291837002059 20.74282688203717 0
24.42784350566544 21.29309720640969 0
24.76248966867955 20.84733182135633 0
39.54338311319003 26.83690788815936 0
39.76321462244958 27.41157336005054 0
32.00743965130037 14.37645369017421 0
32.12093564328636 14.37451777237612 0
27.85755364988605 12.47048975836398 0
29.37780838319528 14.20092846710634 0
7.339252320415774 27.43939051749276 0
28.86910860387973 27.33343414104308 0
32.29227457274601 6.875797426354385 0
32.75908842684119 20.13552731799115 0
32.96382562778117 19.82534638451218 0
32.57382897705507 19.81144200521517 0
33.35300395496671 15.65889910420865 0
31.73119437135802 12.9040150169021 0
31.82055985323289 13.131910392284 0
20.78504983011016 13.76376187252841 0
31.56532104876761 21.10748913106993 0
30.92644262775229 12.38340312666607 0
31.04891407894675 12.64141208306143 0
31.22939191341004 12.37138225593931 0
11.55462402597007 21.64767843672976 0
11.01094192322214 21.26115116209317 0
28.43904868478588 19.25340632804351 0
28.62820220787218 19.66909887726661 0
39.31617064156772 26.34286430231642 0
39.13924516085007 25.81637150288405 0
38.79517620664561 26.18131911392813 0
31.57630824240118 14.15557960415519 0
31.65282867484851 14.27852473379856 0
31.73724282861164 14.13727354277791 0
27.6525176981378 15.02929073135807 0
26.52793646980709 18.49646234452697 0
26.68619839750488 18.96739101406354 0
36.34097965743781 13.64787347407722 0
35.90561199559324 13.68163474252937 0
30.50374851414936 10.59681459695686 0
30.19280407517088 10.89503718323065 0
15.59950592469855 38.0140831282561 0
15.28501336679574 37.20402153799755 0
38.58903338507594 20.22539933258849 0
38.28692484712241 19.79909643283276 0
19.54755647282003 39.20107040446045 0
19.97344984053312 38.81554778413957 0
22.59050128225864 41.79018904531645 0
22.05848458412485 41.57669395671554 0
31.03118348596703 13.88189087145679 0
31.13224560408147 14.04380863964695 0
31.22286509292843 13.84382829175255 0
21.1157865442446 41.73060582974845 0
21.53294357789209 41.38268578636557 0
21.01888505483893 41.18478051017022 0
36.30058171810965 27.09857329864958 0
20.20945040282633 44.0986192486094 0
20.3810190302773 43.62242877241891 0
19.711118550531 39.74488761617368 0
15.15069753524027 35.44163567990582 0
30.63908290975789 13.89427778848026 0
27.95864557348856 15.66285986232679 0
21.97007669250469 38.32513102805331 0
21.39575222259694 38.15183561309728 0
22.94801530677267 21.4396470706615 0
32.32244913417196 14.06908442870148 0
32.41328202791445 13.9678263742313 0
31.28460044631 17.5083994847011 0
31.61827981997364 17.46351549984792 0
12.92505815344536 23.52696407259959 0
37.01817162447894 21.17517773949138 0
36.51138610421821 21.19407173152658 0
25.50620518235104 27.3855188027838 0
23.5762858277502 21.58944416024425 0
23.25000168602894 21.03879517750778 0
39.22117217714248 23.23925290718309 0
38.93870007228666 22.70365639064624 0
10.03978468520789 21.0808675217953 0
10.5673019408536 20.89674206847896 0
10.11088800234022 20.52730700474523 0
31.59871162627116 14.39438568592709 0
31.75964621248162 14.37607962454981 0
28.88534795705507 17.62458467949572 0
23.45646087256368 43.73106976602643 0
23.27880487000901 43.13728776270791 0
28.57753353259416 16.95699812862764 0
15.67330118104844 23.86253213912785 0
35.08197133266103 21.19389710120101 0
34.6340129010002 21.20952142305814 0
29.27412345336919 11.40852709353462 0
29.66543158090221 11.48464935131668 0
28.72868753506838 18.94915028395177 0
28.27878436815049 18.88735460281122 0
18.11905105971692 38.26398132795484 0
18.29602316030028 38.86906283049104 0
30.70945274286512 16.59838870838696 0
30.93650628485288 16.6344940044667 0
33.54025499088571 21.57793003139937 0
33.33044323441436 21.20413002223121 0
38.38105327635662 26.54024882849681 0
20.50614015041756 41.01116437098119 0
20.00919770844929 40.84005218944274 0
33.37378459160136 14.24030164222559 0
31.39723294040393 3.099960970863588 0
21.96158309471917 41.03086863713732 0
23.17952481117532 42.57818458691244 0
9.005109838753739 21.44582428004994 0
9.520231839529421 21.26169269632082 0
24.08670713955447 21.75217342806623 0
24.63627843821344 21.85667836738539 0
14.7561913545212 35.96581325523964 0
26.64820653714398 21.58285869401538 0
35.99714850040904 22.04177019561676 0
36.48838789677097 22.05164923503953 0
36.27058208681453 21.61412979953211 0
25.67376866132643 34.7676516848767 0
32.21259987575513 19.79400204255981 0
34.17157356900741 21.98331076013649 0
34.61312708600401 21.98404865986362 0
34.41305658739337 21.5884519412005 0
23.61918527807525 23.81404765588047 0
27.15020185274129 41.69348702055511 0
27.65653288412593 31.0300245198847 0
32.33529060476694 15.54203719053616 0
26.61124739935063 13.73859535976822 0
26.79018687993511 14.06726474823633 0
32.18774897050546 17.11785444505133 0
28.26691018123076 16.30382432311652 0
17.79831007234146 37.00711002220943 0
7.799875481266664 34.62359216026675 0
7.724054458366171 34.08103607651783 0
32.20695666374113 15.1757516605093 0
32.13836862026792 15.22915153894119 0
8.47394850424039 33.24206548699394 0
8.121383350949955 33.78240649421295 0
32.28261777133588 7.662919253399547 0
23.82585622878472 25.63108317098724 0
24.23730331346742 25.07792091306167 0
36.89446858100326 25.21248380669395 0
36.48181773697493 25.59431384503769 0
36.94561650337133 19.50557074701023 0
36.44305171530403 19.55392519699449 0
29.72747006454554 23.7108452667859 0
31.08731313293354 14.35802288631002 0
31.06973995961943 14.17749429486431 0
38.45238901116799 19.33788505198397 0
37.90982046063397 19.38918635036459 0
6.441098676518511 35.09717029274714 0
9.240852777875155 34.55987310368803 0
33.67322905330163 14.09267197537316 0
33.87366643117311 14.16143370845701 0
33.86390881912477 13.93760031000514 0
25.82104877272615 26.91363548323889 0
23.22745850868551 42.00917769167897 0
23.1240813273788 41.44386545384981 0
40.97591998708959 17.35206488000521 0
33.03377242345316 16.07475199970634 0
33.09958928542844 15.95081166355667 0
29.54844315101008 19.01171427779373 0
25.11196422610326 20.42170768390321 0
20.39388340886458 38.43748995839795 0
20.56547278458898 39.00172684873858 0
35.73641860241862 19.1945168800825 0
35.95914299268178 19.58984535549638 0
22.4411795971372 37.91940108294413 0
9.9766457780428 21.63112776005455 0
32.37419608893229 14.20251009566281 0
32.48803475948379 14.22833216149665 0
34.33963597377247 13.01001509579549 0
34.63606829405228 13.10958889674217 0
23.37535788328798 30.62591855221035 0
23.78941702483856 30.03891012208198 0
30.2864784552341 4.837182024723088 0
28.83855371678482 31.99818408203334 0
29.34489490411871 32.61001259297052 0
28.91393285582772 23.1242725778341 0
29.54879769057415 23.15661565377637 0
20.75905761923307 37.25576023972307 0
21.21694026162147 37.69386789810768 0
21.34771544988504 37.24189454481301 0
33.1294276384204 20.82908347507104 0
32.92803039847701 20.4837423121466 0
38.08021328366072 22.16446947317873 0
38.64239514813116 22.17835539044013 0
38.37236842080946 21.66396950718126 0
36.02014670785628 21.18419269210381 0
35.54433762569234 21.20142756079186 0
33.00471950009418 9.674005310331506 0
32.59876161178533 9.635481677363089 0
32.7710481178505 10.02246220041748 0
27.2493590074246 10.72173709977937 0
35.92348771925062 25.4229485836609 0
8.80672122795896 30.02585425394757 0
31.16319079679438 16.66204147167945 0
31.37349511472566 16.69635212710782 0
28.43562791583323 22.16623552876393 0
20.68978201868978 39.55284143330627 0
21.33528345480423 40.28137932945984 0
20.82253855038286 40.10776319027082 0
20.92329718406505 40.66324432759832 0
35.59671715384668 14.64741274155928 0
41.59103802887731 25.26061000976956 0
29.21180665620181 18.31009976049462 0
41.92747065343045 24.41295190342875 0
28.37032676504634 23.08749438071313 0
28.62454909460604 23.57693318417297 0
26.33814490186659 22.03205178682603 0
26.87278996099219 22.07541480479075 0
30.75485004087253 1.80376158806337 0
23.06435378446682 37.48900990157738 0
22.42877227960306 37.24961102183087 0
28.2775595779583 12.59983784139596 0
28.14413925474587 12.21930280930241 0
7.661409722939636 38.93641074702471 0
30.04341744837904 32.30939479257376 0
24.3373672430122 23.94096734854235 0
24.60265686501813 24.51640383701696 0
24.98682153289482 23.99400374123924 0
9.184534019512775 36.33419119805841 0
20.69620462318439 42.03237781014445 0
25.47042233105421 42.18343445846428 0
26.12936304507964 42.19337592651419 0
11.90992814922289 37.25566674753158 0
34.3803370582028 18.71742736389481 0
34.75150879218901 18.73821234666536 0
34.58699343561452 18.39714508171498 0
26.1109224166559 35.40804878531743 0
32.64675386129367 15.07442117137777 0
32.61513509864562 15.01902444913173 0
32.58872843689434 15.07467542866809 0
35.16663086613494 18.09264581879209 0
34.98397672643865 17.77127799358474 0
34.77551102990446 18.09656223927819 0
39.25747759457717 20.18395194087594 0
39.01701758199668 20.66155613901228 0
34.40433929591823 18.07577725650763 0
34.2299871259517 17.77744549857773 0
34.04146953166177 18.07802834101452 0
23.79015502655873 22.7402412282414 0
24.00334994595194 23.29164756010275 0
24.03712554740123 37.90491277637817 0
31.41560958010146 22.70893408081613 0
31.88489692631092 22.73327910919967 0
38.96106121057617 15.75735677604674 0
34.01718514516984 9.444785019115553 0
33.80114164198801 9.766588052311752 0
35.44824487496626 25.18997837997512 0
27.48207023843592 43.42644073577584 0
28.34700931954369 43.66158295950427 0
31.65783942906194 13.26545562523391 0
31.89695397964154 13.33113810948211 0
38.07937996441723 21.17654356032235 0
37.54235416106022 21.18821511497388 0
27.98846466165372 21.2435853164354 0
28.26885269626233 20.83434924968491 0
32.99716080716679 12.5107151161541 0
8.234747199833347 20.19023347595558 0
10.74207036997283 19.7394995446438 0
10.21061286918102 19.93593678566984 0
30.9185265121618 21.19649045177935 0
30.42221353762329 21.36033236956289 0
25.31945731414197 23.46454126341783 0
25.6782019456273 22.97969118540131 0
29.08504902695799 30.5044231179303 0
39.5842282929994 25.46258538745294 0
20.11923801963675 37.33298230258475 0
20.25001320790032 36.88100894929006 0
32.15040496680891 22.30740408354735 0
32.40546136960035 21.92761572425723 0
27.69719845083401 21.66192949756685 0
23.70915852089718 20.67577820017365 0
17.95427997360799 37.64756494802148 0
19.94689801452242 27.27230915704999 0
28.34509415303856 24.08317037200427 0
25.77629132593897 21.99418138639113 0
26.00087474978717 22.48673749716651 0
39.31000603838891 21.1489820858712 0
38.64156182888767 21.19042947758374 0
32.88580326289198 14.83729965078005 0
32.81242290912387 14.83706758308819 0
23.07573740572061 45.25640342713415 0
32.84750115308951 15.06940168698416 0
32.24199046942099 9.620420319561541 0
25.20821798909198 21.92323462123023 0
36.08781768014794 18.11480575498756 0
35.57171237912519 18.11363689485517 0
30.7033758441411 19.77999126324362 0
31.09403579671635 19.79416544150372 0
32.65007867895081 29.15030301579009 0
32.7866885450494 29.83353831849242 0
32.22736481322361 16.28777347715143 0
21.48098061769442 22.9573638347125 0
25.00199488869834 17.97365890331825 0
26.72207421349048 24.04782479865306 0
26.45719901177775 23.50673610469369 0
32.33270400603672 22.74988139517031 0
37.70287309619666 18.58746799623241 0
37.24091884971732 18.68373496676762 0
37.61333037820022 19.02424194005101 0
31.25413267037209 12.8149194712646 0
32.10185445401024 14.84315574630225 0
32.17393783124223 14.82928072978783 0
24.79536973697156 14.58933020438439 0
25.30184530702907 14.52781814498556 0
34.11801520453888 14.23799459716094 0
34.31562814272299 14.10010785631266 0
6.922266876716581 35.30717630593211 0
26.24005552155493 23.01756158583622 0
35.95447574458109 16.11068566259442 0
36.26164636182249 15.87902612717018 0
35.89697825054941 15.68576290769869 0
6.231829995032577 33.99071357540089 0
5.74607845300141 33.79785519196032 0
10.33028215512944 26.15894414145724 0
32.61942474319549 14.83082974168187 0
32.66525232198286 14.84640744541495 0
32.66363736041757 14.80983469480935 0
30.0033684555909 14.43815479011227 0
25.95398857610301 12.64926373919164 0
25.76810916548013 14.48543085969039 0
9.683095613535301 20.12006223898618 0
21.7057768162332 16.96247574543378 0
21.07560000369981 17.10695359419851 0
39.36919959222679 16.08436963200615 0
28.56988696932812 20.45108044750089 0
6.637177172330151 33.65816350483694 0
29.13697446801555 18.9859816207646 0
29.3004205346983 19.34093466621319 0
29.37482068634932 12.95681290706374 0
29.19830263380607 13.1919087847386 0
33.70814486731203 21.98431563902466 0
28.80967123780717 20.05379242406771 0
33.26116145955491 8.258140081353709 0
20.37270516389773 17.14134615104544 0
21.76282330404955 39.92011002628811 0
40.47185181843719 17.52531855653539 0
29.07042088163876 19.69989555598517 0
29.4818895646333 19.72562821301429 0
33.40508857406174 9.729357097446664 0
26.19928323453492 14.44607021278344 0
25.97194619946293 14.10533474025605 0
26.45432098762064 34.7319929929061 0
38.20412779563898 26.01375602906444 0
31.01063770737473 14.58983208518429 0
30.86680570978936 14.55861029860962 0
30.90173307341582 14.70551398155128 0
14.33314684305764 36.46810896378253 0
15.01641711902542 36.56976438818782 0
34.80806868140667 22.41349984323933 0
33.27689678780097 21.97453162895066 0
32.6368679465821 14.97936119203945 0
32.57884252218277 14.97961544932977 0
38.62277957965856 18.7911573278931 0
32.48524457749805 12.41150356284357 0
9.260044158206266 19.75686994293859 0
21.83054453777698 37.08327562332473 0
32.45139084438351 15.16851155458452 0
21.77387685699739 14.74371083112446 0
22.20425268528429 15.21685870290421 0
36.17848229427031 18.50148513079409 0
33.13146677573316 19.51287094444041 0
33.31564425795632 19.21098275848299 0
19.72156092245912 35.89692598598451 0
20.45672708226354 35.85380525349026 0
35.31697639742129 21.59672030051848 0
31.90158827598264 16.8912624440576 0
32.00845471486251 16.72702482487383 0
31.77945751766313 16.73179491646149 0
33.8822998384986 17.23846421298742 0
34.01427087100453 16.98710411407236 0
26.61125167552501 14.36334052897628 0
38.42642726346239 25.13032199077206 0
39.06323385807729 25.30104019906464 0
31.27954501736763 14.67166727797761 0
31.15402452052296 14.63747307165037 0
31.17108556784586 14.7709299744532 0
32.37530954612774 13.66377906926164 0
32.5097618345157 13.77348949639401 0
24.20828939597485 33.60815157336893 0
30.57188686022251 16.16059081392666 0
26.14734195418029 15.60859539076093 0
30.28851548759472 31.3867757449547 0
29.49333570388382 15.17825330394056 0
29.72369380525152 15.23285714468452 0
25.32688936174812 20.97197800827574 0
25.54548814117139 21.46854891088976 0
37.28600401975773 21.63704621443738 0
33.85700033426652 9.087126228339017 0
33.171250254158 22.71087933391698 0
19.8495206551378 25.03896699613223 0
22.3891229439645 40.66959933396559 0
21.86358193773174 40.47559116361563 0
39.2308552094354 22.20315642464877 0
29.89087213634446 19.73451349632829 0
30.29667265223477 19.76191955749159 0
20.27779574795061 39.93470643144475 0
29.94008135698597 15.26437768772567 0
30.15406248107661 15.32314693191408 0
39.86227589005605 23.29478093501814 0
15.99641355315239 26.97868186361598 0
5.269756621706119 30.18291014616426 0
31.98761497047123 20.11860309312166 0
31.73422730310884 20.44421728320095 0
32.85360947895468 21.94607619542168 0
32.66085880202033 21.54968555016092 0
35.363246682591 18.43892114054862 0
29.04044734365038 26.14713790711237 0
33.07016909525269 15.6857538520394 0
24.14937987541275 29.46548086656436 0
7.139899330342104 33.34697023443628 0
6.602722201269671 33.11785044685332 0
26.51935284658671 42.80240150769845 0
26.80170066372837 42.25402330469223 0
19.65237014713804 25.73402161828101 0
33.37492383916705 29.89306212801623 0
36.15434543696445 12.81675655909945 0
36.49688661921184 12.50924730805283 0
25.55815550353061 45.86815547823717 0
31.9564307745683 12.29544705633242 0
32.58962675931461 14.84707682357094 0
32.55361671085579 14.8538517679034 0
31.91031489322231 9.884678277474592 0
27.88472341311298 16.26599940685318 0
28.04080061103669 16.59044027064459 0
32.51796319549405 14.02801368931345 0
32.48777843644845 13.89011468371831 0
35.32448745412549 14.88529083663963 0
35.00990657917347 14.79925209044468 0
35.14942101032967 15.154342024403 0
32.90799131538068 21.19309947416521 0
28.38553765244698 26.89186053941382 0
28.27010390455407 27.53032995203645 0
37.54266702772771 22.09419272676661 0
35.57371663721472 16.2213073337203 0
23.51953302247636 41.0833383723721 0
32.76725324719529 14.80207138393111 0
32.75463460113352 14.86040859769951 0
34.12588226319814 13.19293247399103 0
28.51041116658632 17.58944704958343 0
28.66367943760754 17.92830065873179 0
32.56762946251916 14.7832888664505 0
32.63966944414721 7.074585755693509 0
32.98280669904917 7.253157184264939 0
30.14711509463339 11.92190608870579 0
29.94235732739185 12.17644574571141 0
29.11684471576789 11.02540980484743 0
28.87192402181157 11.31403660492373 0
29.45547414113365 36.41933692978208 0
29.45547414113365 37.13362264406779 0
36.74505090474094 22.50879574736877 0
37.01848449114643 22.08115535128412 0
35.52690475929485 15.57890160686044 0
35.2067618970605 15.44882104622114 0
40.30243030872408 27.50085907433626 0
35.51191799282395 22.02617148389419 0
31.59749555409751 14.50811503127716 0
31.55871301140812 14.6090591327728 0
31.28176741545922 22.2783334797916 0
27.34605499128653 14.9813445836231 0
27.49999545681881 15.29839011759351 0
35.35946999525495 10.62494576840747 0
26.21523986286937 13.01038212624972 0
26.41680702406742 13.39093819640341 0
21.87424911950647 16.38401625097786 0
32.71433522433475 27.93883046613186 0
33.2819175343739 27.67774321125916 0
17.4772015051091 38.09935314660801 0
27.08802616517605 22.55506144189264 0
27.39808780045344 22.10586834908199 0
8.923832486128173 32.18627512502228 0
8.60833188696002 32.77082270015157 0
32.22834554217369 14.94690293623835 0
32.25357433035968 14.99974714633775 0
30.79466581850173 12.05389353389024 0
31.39532318755904 12.17386946117978 0
30.85458604736293 13.9133550183007 0
34.96112631718637 9.844430044647289 0
34.77593031802537 9.489590757782784 0
20.80709439194496 38.16570130800736 0
27.91243465501787 22.14157613466874 0
28.13651726545266 22.61017438027907 0
27.84713350423098 23.06283498661794 0
31.4117506683942 14.82767220366997 0
31.33914179744051 14.9119096264216 0
31.45428640114417 14.93445764931114 0
20.21507144788911 37.97952224340834 0
34.02530306258874 18.66164566433474 0
34.18981841916323 19.00271292928513 0
33.90453541822491 16.48084398551373 0
27.49024848158522 31.78103442623204 0
32.05623393792478 14.87014127407622 0
31.02061542218144 16.84359645541182 0
4.910581487753522 30.71502996463512 0
22.45371872510659 36.65288444195799 0
9.879564961289741 22.76987115890345 0
9.886777802870895 22.13807230061247 0
33.021499355381 22.35246180304697 0
34.17660464970955 13.41895558828738 0
32.03790508957785 16.55115273849972 0
31.26142156658084 14.13943171516007 0
31.40791064984046 14.15128842755928 0
31.09076070285911 14.86257368640602 0
31.21628119970378 14.89676789273325 0
7.446881920334931 35.50532647947735 0
24.16274462479423 12.68284340303784 0
24.63963884928593 12.27738579858382 0
24.18084884018638 12.22843265990302 0
30.80882772522906 14.81362473493688 0
30.95265972281443 14.84484652151156 0
20.59649414127165 26.10030898702912 0
38.02528583785717 25.49831572372187 0
8.824879599264762 36.54382945200902 0
8.27122645782115 36.62350653415598 0
35.95728737558376 18.83856501358322 0
36.88158614190338 15.23719354758171 0
36.52465882420012 15.14497742124731 0
36.56107618549407 15.54631949860886 0
31.49232480360358 14.01003723653863 0
31.64250861912926 15.57242694226052 0
31.68911268491115 15.69323640582132 0
30.61543302635273 15.06637024579135 0
30.76642737058201 15.08739075138377 0
30.70876003039838 14.93193676930473 0
29.00483811932553 31.247174175686 0
29.67684972595916 30.95937186072513 0
8.305817808314073 31.7513397717002 0
31.1190971568965 14.4905693887087 0
35.04955169979263 22.01864102430333 0
26.20867989323451 13.71831692998431 0
24.4762780035057 13.08970325680482 0
7.780956086558501 35.21269115128813 0
8.254835220621594 34.86388785163713 0
29.7152909163812 12.43713661169535 0
26.77987181593762 23.01378241645888 0
27.30516965539887 23.04423596075013 0
31.85840285567974 16.11438626412936 0
31.91455552235751 16.25640014289854 0
32.7064773479122 14.77250614325522 0
34.03233600947654 13.79285708751104 0
23.4814275770546 33.65342843958489 0
23.14517029540997 33.03184712395669 0
31.63167431048803 28.53338396115829 0
32.18685997869402 28.22747424288617 0
34.11416754487506 16.66820566048761 0
22.03912010487773 15.8020727290108 0
32.05092109988859 17.28048551136073 0
31.82163392013796 17.43251500389165 0
29.68308911515743 15.65437974990893 0
29.89947666689187 15.68590029295007 0
29.80570298430356 15.45692388140636 0
30.38183510697713 11.63868377866541 0
30.04653902682263 11.56617609913467 0
33.97330686086615 27.44801753623068 0
27.9046157496759 18.83501339666205 0
25.77750582417972 13.75767757689125 0
32.33889289606425 15.05269355232821 0
32.40166267376522 15.04954900283261 0
28.67338425678007 37.23680924603001 0
29.5172394234883 12.68314526207234 0
27.53897915499255 23.52155596118418 0
30.37058432107803 10.22102779960378 0
35.83407537653624 15.3472420714362 0
21.69494285997559 13.01364629100218 0
21.48726737936631 13.63573630807539 0
32.46958900513386 14.82985013740134 0
34.73687674776436 14.86108408998281 0
28.6270675368412 11.62536972020647 0
28.39453874854383 11.95111821956821 0
33.86349867352065 18.34481372359249 0
31.83112307011129 19.79098219698733 0
31.59571022551643 15.33500177079529 0
31.63475271875496 15.44749167509078 0
30.87494271564732 20.83973144891294 0
31.03220975096236 20.43355600923632 0
31.2073073876508 11.28932242866987 0
30.88002579048995 17.04477081846807 0
31.10671030243144 17.07231828568082 0
31.49226120071438 15.03166990141758 0
35.14237790942586 18.7948730070479 0
34.34252415059459 8.470452403769759 0
22.88257579604948 40.86434972600956 0
30.35160982363615 15.34848978078519 0
30.47956739632578 15.18983683362552 0
11.08204524035448 20.7075906450431 0
30.65783338099978 14.79260422934446 0
32.31930410577574 15.15761666022053 0
32.34571785299698 15.21717855489276 0
32.39061515249513 15.16540529746681 0
27.51255129591845 10.36595871174663 0
27.84151291375181 9.940999950590312 0
8.103395469289779 32.81878134096777 0
7.671611605645516 32.57709786528903 0
7.537228222925886 33.0483406521314 0
31.94178756072192 14.26594059066011 0
31.87941535163743 14.37073177193537 0
31.24469980181807 20.12704316423375 0
31.45547415972567 19.78270552481916 0
39.49905431050929 17.79281483055736 0
6.562763092568229 30.42827689835361 0
17.0156247538905 26.44848990919105 0
30.99785535467235 14.97068443979161 0
29.33723658806159 15.41425602670845 0
31.81966907605927 16.40567637145417 0
31.98121040284124 16.41828106872208 0
32.31667380538038 11.91137423945656 0
23.25401478390741 12.23604529490286 0
22.57904746140409 12.36177661818339 0
31.60865558021141 11.94489917200156 0
31.32025285486795 11.88440301036574 0
32.4272124170995 16.47534320434725 0
31.58614068705581 16.70879643361815 0
31.69300712593569 16.54455881443439 0
32.74763056709363 15.01039824095719 0
32.75514442843171 14.95680495376331 0
32.68067438438303 14.96517690464753 0
35.88137336793581 24.85019227675412 0
31.19427358569455 15.10698001123042 0
31.31713418343128 15.12212174491876 0
31.25881693245376 15.00355333837442 0
5.411576465959396 20.27282287406659 0
5.225571757129892 20.93745084809506 0
33.41150866746987 15.25275263838313 0
33.54986598844401 15.14269959502828 0
25.75298823118495 13.00954137956143 0
30.59938248950873 14.63964535752382 0
30.62471667988608 17.01771310965525 0
30.71081156013609 17.24643493992426 0
29.90015159324594 11.20142704127631 0
30.76087100195883 17.48328482636889 0
35.17834387619733 10.23806399756402 0
32.42497709716228 15.10894965991229 0
29.81169662925046 10.81351043541266 0
31.4599455064531 16.88358822913492 0
37.75647305832057 18.12057864459131 0
31.34876073287129 17.07244969981294 0
31.56140630520144 17.08489400632327 0
32.66508281869422 12.19535812414626 0
32.40897387743025 12.14038305115192 0
32.7052359056004 28.58298085593627 0
7.571683193986367 33.58865371011503 0
32.18736862564469 14.28547866019907 0
11.84531212676407 36.11451098904084 0
12.51923745220974 36.12188392923146 0
26.31720032369039 33.43435831714823 0
33.53007021879693 14.20820229285771 0
13.66836327491971 36.28378742011267 0
13.92858903942393 36.88773855306086 0
32.55870383104774 14.12995992782558 0
28.97671015138016 18.61992989553232 0
31.4666543336289 12.84780956018523 0
31.5579224826245 15.90459202791135 0
31.3894884285308 15.98908907856075 0
32.50988738631177 14.80508589596045 0
31.19013506107044 4.581943152063584 0
20.57644789398068 16.55616831796544 0
32.21763687891332 13.58740698955351 0
35.54745942241611 18.81586408311098 0
28.29113301618356 36.61677872156355 0
28.78796090453544 36.01702995983175 0
32.7439962543916 14.90349420715512 0
34.03847448077097 14.82358845959472 0
34.66331794735652 15.53139694591549 0
34.89218102210849 15.36278230002619 0
34.60597706062568 15.23691792409735 0
34.02804778019421 17.51076473834791 0
26.9983182869424 14.3646311838635 0
36.69051565791642 24.2860781300284 0
36.93624190497155 23.87441911394858 0
30.21963787859755 15.51378727331861 0
14.64117999056592 23.21801777639978 0
15.26646196982063 23.47952506470527 0
28.80351972325465 18.27326842368178 0
31.36995016655916 14.746622613115 0
31.35288911923626 14.61316571031217 0
30.31442845722015 16.11428404673263 0
30.36751617248793 16.33442166138083 0
38.12888458680345 18.46108561787469 0
21.23645146021334 14.25755850951755 0
21.07165930774124 14.87173639557747 0
9.119808025420614 25.93568166084339 0
28.216926950896 16.92515992494624 0
28.37147310433568 17.25389286666596 0
33.65957589851023 19.23570602343484 0
33.49085278299528 18.92220796477321 0
30.23934796800404 16.50269470061874 0
30.49680637100641 16.54900146781278 0
4.746714246331877 20.00329958861425 0
34.24101433747223 9.134182885947137 0
33.67298003448109 18.63009928898281 0
37.46214998788807 23.96206444631545 0
4.550635814959325 20.71758530289996 0
32.61444300209531 13.83367681147617 0
32.70313943514105 13.95086895895716 0
22.78457463906205 40.30907225248788 0
25.05663578915619 12.69010976711099 0
10.86911529649456 18.66986084338197 0
10.42173775159313 18.14957112207167 0
36.77655185713468 12.24858634947479 0
29.56361350383814 15.84685565992416 0
31.31727842254825 13.69589995665035 0
31.41834054066268 13.85781772484052 0
37.29175874502883 24.8688513607741 0
36.75390637624574 24.73953003452005 0
7.723871796218777 32.05321943051052 0
32.2531784361442 14.16586914453786 0
30.58128453838123 16.76666174762488 0
31.62349371287655 13.58728636608517 0
31.53207066726969 13.40439043046918 0
31.42133082467564 13.52699345412232 0
34.8530494094168 7.910071150108667 0
34.83035178681254 7.369547460590876 0
26.78813304444644 34.01409447175627 0
37.44786621415463 19.48545332089979 0
34.1791394197841 16.41667431146781 0
39.5647052175177 21.7256430084422 0
36.29322549389084 24.62971057594824 0
20.04770395730895 26.14683908928041 0
33.41660330099936 14.53484862150261 0
11.13743443946853 20.21315070342835 0
16.71562157367765 27.08474260626749 0
28.19425459995841 18.53075735257032 0
32.28488519336381 7.283716515381226 0
20.51629993918548 36.507183474675 0
19.87648033958916 36.58440553753668 0
33.15631061632308 12.32652129796474 0
32.13562167088436 14.15205299323774 0
30.12952132115813 16.06355444864177 0
29.96292383528822 15.86117508227469 0
28.14980458488816 17.55760884590203 0
27.58801775092822 15.60609309722433 0
27.7402051607467 15.92261669422265 0
33.86645754763613 29.77170794669149 0
31.82091955456733 15.95944937673735 0
11.79476674581821 36.78538077097552 0
27.51409559055264 16.20923264175072 0
31.5867381332234 13.86210890143643 0
30.28308504699389 15.68906206264323 0
30.33389200889271 15.8897236011876 0
32.1974715490374 15.11737705480343 0
32.22450042536745 15.04629564852419 0
33.14216433616728 15.80461689468614 0
24.18353435056325 11.75100059878635 0
23.70664012607156 12.15645820324037 0
36.10630507625743 15.10936397635585 0
28.42858293278589 18.2381307937695 0
28.19995049601427 44.4949162928376 0
27.3175975548378 44.4949162928376 0
21.44421371915403 15.93983223915144 0
34.51584748783411 13.95477044626462 0
34.26456554210737 13.86102463304095 0
14.5171007327151 24.2527416457368 0
14.19478724795958 23.69243271689095 0
17.39892243907997 39.7449209034278 0
17.84228512422035 39.22191232675219 0
17.19860990607766 39.23877810321698 0
34.32166983388663 15.1561589920244 0
34.08373764684978 15.04695393388115 0
18.14263290624288 41.150352611461 0
18.17830794798462 41.61838823810134 0
31.80012902145462 14.01259800025653 0
31.87664945390196 14.13554312989989 0
28.95452997758485 13.14920282903206 0
29.07998389321128 13.42299618264493 0
27.15898015756891 14.68647608099555 0
34.5505329086386 14.98754434613511 0
30.72464645807605 4.795561725945323 0
33.49527568025756 14.84581605489877 0
32.75647451849488 14.68095719344858 0
32.73930043592751 14.62034802242693 0
39.99811782032377 17.59946828697117 0
40.35065499567361 17.9330413952081 0
28.24675301778365 31.54323533923851 0
31.2081711011798 17.27362406286918 0
32.65828226547188 14.53642224889405 0
23.7847207602982 22.15302532121995 0
34.20135576464241 16.09391267361315 0
34.22890049571676 15.82685549699533 0
32.0046737535649 14.14126504813873 0
17.11185250366427 38.55675068623277 0
31.65357563178397 17.24275498104502 0
20.35234801797007 26.68693165040074 0
35.73623158500288 15.00250267551759 0
39.8610101416732 22.25094400864832 0
27.27590410153832 24.09385434599858 0
32.48245490481371 23.10829892604033 0
20.50803632785713 43.25138436297907 0
20.9033769404458 42.91026903920411 0
27.33367488060134 16.48423923294756 0
31.76506890221169 15.8254826854928 0
22.51408515689607 11.06005598009057 0
9.673593226058696 26.06756133539305 0
38.00385361825082 24.06702448553953 0
34.74961190836349 13.78567818841965 0
34.40515911101228 15.6820226403595 0
30.93238921868656 15.09753421531511 0
32.06371316912625 13.43738804287605 0
32.21359811359957 13.34761182320965 0
35.88336847769062 13.02984898218102 0
36.32337163214483 13.17885143291741 0
31.39364811397168 20.42209609255176 0
31.64787667545148 13.74263988905949 0
31.75861651804553 13.62003686540634 0
31.24315487760423 13.17227262435043 0
32.68114663561239 15.17507247785989 0
17.66360206563168 41.91600728572038 0
17.32046481072972 41.38029300000611 0
32.11084087498192 14.90814209089999 0
31.04255001587016 17.50826807056899 0
35.71717941024301 13.38477548861062 0
31.46637810635927 14.60620526566277 0
16.94708141755534 37.94033430629941 0
7.901841659689861 35.74562217084772 0
7.201910409703633 31.18434071516099 0
7.791910752523442 31.45702064808531 0
16.27919327107007 37.86685741259427 0
30.08553770443435 15.66371921377212 0
19.84387508222408 40.29980937313823 0
32.53026972154193 14.83230110247528 0
28.57800655759175 26.26270565657039 0
35.57039673296525 13.67446637514101 0
35.20820153856175 13.61663813753432 0
35.36787904668615 9.880973791758624 0
34.40883418234039 13.48712313381729 0
34.23255535458765 13.64751967746299 0
15.18329595966714 24.13867584107309 0
10.93644363394607 17.732904455405 0
11.34268376208382 18.26328017476231 0
31.54427580453251 15.11821154160625 0
31.58325191542928 15.22111165843328 0
32.63320023958174 14.0522482373126 0
36.50910497124077 27.60377833147998 0
30.71684034225808 11.72836429249415 0
8.63212571609948 34.61127027380066 0
32.74796294531171 22.68242390038801 0
26.65970601840263 44.49200327928888 0
31.60209137605018 15.80167539117511 0
40.80810921058269 27.62281727246215 0
12.05781912955981 21.88245136307645 0
32.30981899107202 15.09924205451465 0
32.26492169157386 15.1510153119406 0
32.17501283246607 14.94055357696984 0
19.44252051102968 40.65023337417169 0
8.466276480549173 21.65092367157617 0
33.85598644572121 14.96375697941372 0
31.52173725225314 20.75073012820352 0
8.979485090652673 27.00521385071596 0
28.69272511631257 13.17011597193478 0
27.91964660988554 17.83866184540236 0
28.0544143143113 18.18578958762033 0
31.86413070251842 12.06643824463705 0
22.18235223988658 11.96510468996116 0
21.95732474917055 12.48868098269587 0
31.43369213400861 15.10523671225143 0
27.81786795037042 24.11245337186639 0
8.032642724382246 36.14869852424625 0
32.76426565590256 14.7491651286439 0
30.69524338655847 14.52437844631324 0
32.67818416405568 15.12106000279061 0
32.70459082580697 15.06540902325425 0
31.90099274495529 13.57093327582596 0
29.42203531960147 10.69334536875202 0
33.2037653586033 15.66524608763507 0
5.572494972204741 30.77889249175175 0
32.53783147863828 14.79953594833957 0
32.58801179774932 14.81050407296534 0
31.76476040536577 17.053893510367 0
32.13683556418421 12.12751967815387 0
40.40441609999826 23.35939384197902 0
32.28451048186237 15.04609220404829 0
29.46983982124983 15.61787924838044 0
31.56198483023157 7.730723130032789 0
33.71450489063763 15.09488069652662 0
33.66924172455882 14.87151522224019 0
31.07049019873124 15.11526138020958 0
31.53562917347665 14.69097491255959 0
31.48509477026283 14.76917063600454 0
29.71468780152641 10.38695551070636 0
35.10631452905216 13.40561768976572 0
34.9325519199989 13.64464870607778 0
17.8248222170575 40.18100807590601 0
22.38242963292281 11.45481444843863 0
34.55476717073854 9.184528938227695 0
31.02909498597192 11.78784405814786 0
33.7366107096064 15.2349413522018 0
29.64466697674451 9.962473849259194 0
29.61524040855002 9.486920912340981 0
29.29559992368293 9.791237507127509 0
31.24242737862429 11.55887376896964 0
33.97341356676319 19.2328715174593 0
33.52670103815441 14.3486047231929 0
13.02267176006423 36.1918572504751 0
32.9005033279183 12.28228481764855 0
34.87495901056579 13.19712350357592 0
40.40315035161541 22.31555691560921 0
40.91532542843716 21.91663398865351 0
32.13279153587609 16.40187650994408 0
32.209794100775 14.88750592239453 0
8.366716890605815 35.85606319605703 0
34.5917741939758 13.34609365147542 0
33.79820504172424 19.52164631116909 0
32.28405949996022 16.42064514692906 0
32.09387002283539 15.17233070087104 0
17.69261565015628 41.0425116076687 0
18.05706403297894 40.74180202864132 0
36.61195661671164 13.43478105099564 0
30.0343282863935 10.08263891591983 0
31.45567654086103 13.20516271327106 0
31.72186093839238 13.8948594007576 0
30.19948429009217 14.56782551235797 0
26.15184108335202 43.36288034404908 0
26.82417870200075 43.42352772222712 0
29.88314836549296 9.18864526225688 0
30.28263570904564 9.372304410833689 0
36.87401382934149 12.7050980512578 0
25.29408642034336 42.7070449956324 0
13.47685355345583 37.3785957883544 0
40.06930034353313 22.79307033181578 0
8.857172375546213 36.04950129550495 0
37.83346237539158 24.97381139999818 0
31.99375760256516 17.04912341877935 0
23.41776356929422 37.84414686718161 0
31.22474185963045 21.08536794042074 0
23.91348634763597 11.19665592820471 0
31.36892363939648 13.03333781911516 0
32.69882659246302 14.86849800799804 0
30.30056349629612 9.796546138156616 0
8.613206321391317 35.20036926482203 0
27.11455847520122 43.98691957212647 0
25.5711280129804 13.39754584948894 0
22.93573047609339 11.44344185710063 0
25.51802930687362 43.30848430538151 0
6.106215274556742 30.78888846909188 0
6.737308260967634 30.97039269416461 0
5.747040140604145 31.32100828756274 0
12.37209825898169 37.03375634345977 0
21.00671281221488 15.45262053939601 0
32.73206098428827 14.55492182622831 0
32.72120165827543 14.49296252919764 0
25.30987672621404 13.03642746243086 0
31.93522289993468 7.46413092406042 0
9.402020995401054 26.55558944249248 0
24.87477557095163 13.0781142370385 0
13.088580649006 37.77890844366682 0
37.69290017063406 24.50085762782429 0
20.84184182684361 16.03456406136307 0
32.4234654795463 13.33848555078562 0
36.95859242086325 13.54397060197297 0
36.94098439557027 13.07494856081316 0
33.50110955891415 15.40822466441948 0
37.22064963349311 12.81428760223512 0
34.39458235983523 8.826870147451157 0
34.64772489885389 13.57465774065104 0
32.65461397524094 14.88949305487056 0
23.25670029428428 11.75861323378619 0
32.77906086985564 15.05703707237003 0
33.64471506663106 15.39225234884383 0
12.87553256683618 37.10372966470342 0
8.726371310853828 35.64642494210642 0
32.64438180792018 14.92576790484557 0
34.6562769838609 8.520798456050318 0
23.38835581825754 11.36385476543814 0
12.76037116343151 36.63344368814735 0
34.97961326299837 8.318675001546485 0
20.4656862745098 44.70238095238096 0
23.63126655452282 47.19639905302077 0

CELLS 8559 33838
1 0
1 1
1 2
1 3
1 4
1 5
1 6
1 7
1 8
1 9
1 10
1 11
1 12
1 13
1 14
1 15
1 16
1 17
1 18
1 19
1 20
1 21
1 22
1 23
1 24
1 25
1 26
1 27
1 28
1 29
1 30
1 31
1 32
1 33
1 34
1 35
1 36
1 37
1 38
1 39
1 40
1 41
1 42
1 43
1 44
1 45
1 46
1 47
1 48
1 49
1 50
1 51
1 52
1 53
1 54
1 55
1 56
1 57
1 58
1 59
1 60
1 61
1 62
1 63
1 64
1 65
1 66
1 67
1 68
1 69
1 70
1 71
1 72
1 73
1 74
1 75
1 76
1 77
1 78
2 0 79
2 79 1
2 1 80
2 80 2
2 2 81
2 81 3
2 3 82
2 82 4
2 4 83
2 83 5
2 5 84
2 84 6
2 6 85
2 85 7
2 7 86
2 86 87
2 87 88
2 88 8
2 8 89
2 89 90
2 90 91
2 91 9
2 9 92
2 92 93
2 93 94
2 94 10
2 10 95
2 95 11
2 11 96
2 96 12
2 12 97
2 97 13
2 13 98
2 98 14
2 14 99
2 99 15
2 15 100
2 100 101
2 101 102
2 102 16
2 16 103
2 103 17
2 17 104
2 104 18
2 18 105
2 105 106
2 106 107
2 107 19
2 19 108
2 108 20
2 20 109
2 109 110
2 110 111
2 111 21
2 21 112
2 112 113
2 113 114
2 114 22
2 22 115
2 115 116
2 116 117
2 117 23
2 23 118
2 118 24
2 24 119
2 119 120
2 120 121
2 121 25
2 25 122
2 122 26
2 26 123
2 123 27
2 27 124
2 124 28
2 28 125
2 125 126
2 126 127
2 127 29
2 29 128
2 128 129
2 129 130
2 130 30
2 30 131
2 131 132
2 132 133
2 133 134
2 134 135
2 135 31
2 31 136
2 136 137
2 137 138
2 138 32
2 32 139
2 139 140
2 140 141
2 141 33
2 33 142
2 142 143
2 143 144
2 144 34
2 34 145
2 145 35
2 35 146
2 146 36
2 36 147
2 147 148
2 148 149
2 149 37
2 37 150
2 150 151
2 151 152
2 152 38
2 38 153
2 153 39
2 39 154
2 154 155
2 155 156
2 156 40
2 40 157
2 157 41
2 41 158
2 158 159
2 159 160
2 160 42
2 42 161
2 161 43
2 43 162
2 162 163
2 163 164
2 164 44
2 44 165
2 165 45
2 45 166
2 166 46
2 46 167
2 167 168
2 168 169
2 169 47
2 47 170
2 170 171
2 171 172
2 172 48
2 48 173
2 173 49
2 49 174
2 174 50
2 50 175
2 175 51
2 51 176
2 176 52
2 52 177
2 177 178
2 178 179
2 179 53
2 53 180
2 180 54
2 54 181
2 181 55
2 55 182
2 182 183
2 183 184
2 184 56
2 56 185
2 185 57
2 57 186
2 186 187
2 187 188
2 188 58
2 58 189
2 189 190
2 190 191
2 191 59
2 59 192
2 192 193
2 193 194
2 194 60
2 60 195
2 195 61
2 61 196
2 196 197
2 197 198
2 198 62
2 62 199
2 199 63
2 63 200
2 200 201
2 201 202
2 202 64
2 64 203
2 203 204
2 204 205
2 205 65
2 65 206
2 206 207
2 207 208
2 208 66
2 66 209
2 209 210
2 210 211
2 211 67
2 67 212
2 212 213
2 213 214
2 214 215
2 215 216
2 216 68
2 68 217
2 217 218
2 218 219
2 219 69
2 69 220
2 220 221
2 221 222
2 222 70
2 70 223
2 223 224
2 224 225
2 225 71
2 71 226
2 226 227
2 227 228
2 228 72
2 72 229
2 229 73
2 73 230
2 230 231
2 231 232
2 232 74
2 74 233
2 233 75
2 75 234
2 234 76
2 76 235
2 235 236
2 236 237
2 237 77
2 76 238
2 238 239
2 239 240
2 240 0
3 586 1212 1214
3 1212 1213 1214
3 1212 617 1213
3 1214 1213 583
3 44 1215 164
3 1215 1216 164
3 1215 792 1216
3 164 1216 163
3 728 1217 1219
3 1217 1218 1219
3 1217 985 1218
3 1219 1218 805
3 1043 1220 1222
3 1220 1221 1222
3 1220 1084 1221
3 1222 1221 661
3 410 1223 1225
3 1223 1224 1225
3 1223 1040 1224
3 1225 1224 433
3 946 1226 1228
3 1226 1227 1228
3 1226 1091 1227
3 1228 1227 747
3 965 1229 1231
3 1229 1230 1231
3 1229 976 1230
3 1231 1230 713
3 404 1232 1234
3 1232 1233 1234
3 1232 778 1233
3 1234 1233 403
3 638 1235 1237
3 1235 1236 1237
3 1235 1089 1236
3 1237 1236 771
3 805 1218 1239
3 1218 1238 1239
3 1218 985 1238
3 1239 1238 386
3 774 1240 1242
3 1240 1241 1242
3 1240 1122 1241
3 1242 1241 484
3 1064 1243 1245
3 1243 1244 1245
3 1243 1125 1244
3 1245 1244 297
3 583 1246 1248
3 1246 1247 1248
3 1246 694 1247
3 1248 1247 575
3 52 1249 176
3 1249 1250 176
3 1249 935 1250
3 176 1250 51
3 643 1251 1253
3 1251 1252 1253
3 1251 969 1252
3 1253 1252 856
3 593 1254 1256
3 1254 1255 1256
3 1254 846 1255
3 1256 1255 622
3 616 1257 1259
3 1257 1258 1259
3 1257 1137 1258
3 1259 1258 753
3 787 1260 1262
3 1260 1261 1262
3 1260 981 1261
3 1262 1261 701
3 728 1219 1264
3 1219 1263 1264
3 1219 805 1263
3 1264 1263 780
3 606 1265 1267
3 1265 1266 1267
3 1265 955 1266
3 1267 1266 843
3 589 1268 1270
3 1268 1269 1270
3 1268 812 1269
3 1270 1269 570
3 1099 1271 1273
3 1271 1272 1273
3 1271 1149 1272
3 1273 1272 742
3 616 1274 1276
3 1274 1275 1276
3 1274 791 1275
3 1276 1275 680
3 643 1253 1278
3 1253 1277 1278
3 1253 856 1277
3 1278 1277 681
3 596 1279 1281
3 1279 1280 1281
3 1279 914 1280
3 1281 1280 563
3 636 1282 1284
3 1282 1283 1284
3 1282 1073 1283
3 1284 1283 837
3 784 1285 1287
3 1285 1286 1287
3 1285 803 1286
3 1287 1286 404
3 239 1288 238
3 1288 234 238
3 1288 75 234
3 238 234 76
3 757 1289 1291
3 1289 1290 1291
3 1289 1103 1290
3 1291 1290 980
3 739 1292 1294
3 1292 1293 1294
3 1292 1045 1293
3 1294 1293 305
3 19 1295 107
3 1295 1296 107
3 1295 968 1296
3 107 1296 106
3 725 1297 1298
3 1297 1220 1298
3 1297 1084 1220
3 1298 1220 1043
3 730 1299 1301
3 1299 1300 1301
3 1299 1026 1300
3 1301 1300 997
3 621 1302 1304
3 1302 1303 1304
3 1302 1040 1303
3 1304 1303 797
3 336 1305 1307
3 1305 1306 1307
3 1305 971 1306
3 1307 1306 760
3 40 1308 156
3 1308 1309 156
3 1308 406 1309
3 156 1309 155
3 740 1310 1311
3 1310 1243 1311
3 1310 1125 1243
3 1311 1243 1064
3 778 1312 1233
3 1312 1313 1233
3 1312 779 1313
3 1233 1313 403
3 694 1314 1247
3 1314 1315 1247
3 1314 1048 1315
3 1247 1315 575
3 357 1316 1318
3 1316 1317 1318
3 1316 795 1317
3 1318 1317 793
3 505 1319 1321
3 1319 1320 1321
3 1319 944 1320
3 1321 1320 639
3 467 1322 1324
3 1322 1323 1324
3 1322 1103 1323
3 1324 1323 50
3 654 1325 1327
3 1325 1326 1327
3 1325 1018 1326
3 1327 1326 839
3 378 1328 1330
3 1328 1329 1330
3 1328 756 1329
3 1330 1329 420
3 927 1331 1333
3 1331 1332 1333
3 1331 955 1332
3 1333 1332 605
3 255 1334 1335
3 1334 1260 1335
3 1334 981 1260
3 1335 1260 787
3 753 1336 1259
3 1336 1337 1259
3 1336 962 1337
3 1259 1337 616
3 412 1338 1339
3 1338 1223 1339
3 1338 1040 1223
3 1339 1223 410
3 517 1340 1342
3 1340 1341 1342
3 1340 969 1341
3 1342 1341 519
3 544 1343 1345
3 1343 1344 1345
3 1343 769 1344
3 1345 1344 548
3 843 1266 1347
3 1266 1346 1347
3 1266 955 1346
3 1347 1346 709
3 756 1348 1329
3 1348 1349 1329
3 1348 930 1349
3 1329 1349 420
3 693 1350 1351
3 1350 1235 1351
3 1350 1089 1235
3 1351 1235 638
3 801 1352 1354
3 1352 1353 1354
3 1352 1172 1353
3 1354 1353 525
3 524 1355 1356
3 1355 1285 1356
3 1355 803 1285
3 1356 1285 784
3 783 1357 1359
3 1357 1358 1359
3 1357 1139 1358
3 1359 1358 745
3 1005 1360 1362
3 1360 1361 1362
3 1360 1197 1361
3 1362 1361 691
3 760 1363 1307
3 1363 1364 1307
3 1363 1087 1364
3 1307 1364 336
3 656 1365 1367
3 1365 1366 1367
3 1365 990 1366
3 1367 1366 755
3 692 1368 1370
3 1368 1369 1370
3 1368 1075 1369
3 1370 1369 1047
3 484 1371 1242
3 1371 1372 1242
3 1371 931 1372
3 1242 1372 774
3 980 1290 1373
3 1290 1322 1373
3 1290 1103 1322
3 1373 1322 467
3 882 1374 1376
3 1374 1375 1376
3 1374 886 1375
3 1376 1375 339
3 943 1377 1379
3 1377 1378 1379
3 1377 999 1378
3 1379 1378 732
3 822 1380 1382
3 1380 1381 1382
3 1380 958 1381
3 1382 1381 554
3 997 1300 1384
3 1300 1383 1384
3 1300 1026 1383
3 1384 1383 996
3 50 1323 1386
3 1323 1385 1386
3 1323 1103 1385
3 1386 1385 775
3 558 1387 1389
3 1387 1388 1389
3 1387 806 1388
3 1389 1388 562
3 548 1390 1392
3 1390 1391 1392
3 1390 830 1391
3 1392 1391 551
3 231 232 1393
3 232 233 1393
3 232 74 233
3 1393 233 75
3 797 1394 1304
3 1394 1395 1304
3 1394 869 1395
3 1304 1395 621
3 613 1396 1397
3 1396 1254 1397
3 1396 846 1254
3 1397 1254 593
3 708 1398 1400
3 1398 1399 1400
3 1398 862 1399
3 1400 1399 819
3 749 1401 1403
3 1401 1402 1403
3 1401 909 1402
3 1403 1402 790
3 878 1404 1406
3 1404 1405 1406
3 1404 1093 1405
3 1406 1405 609
3 646 1407 1408
3 1407 1354 1408
3 1407 801 1354
3 1408 1354 525
3 562 1409 1411
3 1409 1410 1411
3 1409 588 1410
3 1411 1410 570
3 920 1412 1413
3 1412 1271 1413
3 1412 1149 1271
3 1413 1271 1099
3 551 1391 1415
3 1391 1414 1415
3 1391 830 1414
3 1415 1414 572
3 652 1416 1418
3 1416 1417 1418
3 1416 691 1417
3 1418 1417 618
3 806 1419 1388
3 1419 1420 1388
3 1419 1013 1420
3 1388 1420 562
3 78 1421 1423
3 1421 1422 1423
3 1421 1018 1422
3 1423 1422 992
3 771 1424 1237
3 1424 1425 1237
3 1424 927 1425
3 1237 1425 638
3 723 1426 1428
3 1426 1427 1428
3 1426 950 1427
3 1428 1427 877
3 586 1429 1212
3 1429 1430 1212
3 1429 1197 1430
3 1212 1430 617
3 944 1431 1432
3 1431 1228 1432
3 1431 946 1228
3 1432 1228 747
3 4 1433 82
3 1433 1434 82
3 1433 1016 1434
3 82 1434 3
3 654 1327 1436
3 1327 1435 1436
3 1327 839 1435
3 1436 1435 652
3 548 1392 1438
3 1392 1437 1438
3 1392 551 1437
3 1438 1437 550
3 860 1439 1440
3 1439 1404 1440
3 1439 1093 1404
3 1440 1404 878
3 805 1441 1263
3 1441 1442 1263
3 1441 912 1442
3 1263 1442 780
3 773 1443 1445
3 1443 1444 1445
3 1443 774 1444
3 1445 1444 629
3 498 1446 1448
3 1446 1447 1448
3 1446 867 1447
3 1448 1447 841
3 357 1318 1450
3 1318 1449 1450
3 1318 793 1449
3 1450 1449 280
3 531 1451 1453
3 1451 1452 1453
3 1451 807 1452
3 1453 1452 140
3 73 1454 229
3 1454 1455 229
3 1454 903 1455
3 229 1455 72
3 616 1337 1274
3 1337 1456 1274
3 1337 962 1456
3 1274 1456 791
3 106 1296 1458
3 1296 1457 1458
3 1296 968 1457
3 1458 1457 842
3 1049 1459 1461
3 1459 1460 1461
3 1459 1095 1460
3 1461 1460 1030
3 698 1462 1464
3 1462 1463 1464
3 1462 1116 1463
3 1464 1463 936
3 4 1465 1433
3 1465 1466 1433
3 1465 1154 1466
3 1433 1466 1016
3 678 1467 1469
3 1467 1468 1469
3 1467 1084 1468
3 1469 1468 1025
3 810 1470 1472
3 1470 1471 1472
3 1470 1198 1471
3 1472 1471 1183
3 530 1473 1475
3 1473 1474 1475
3 1473 642 1474
3 1475 1474 73
3 1047 1369 1477
3 1369 1476 1477
3 1369 1075 1476
3 1477 1476 620
3 796 1478 1480
3 1478 1479 1480
3 1478 799 1479
3 1480 1479 623
3 1020 1481 1483
3 1481 1482 1483
3 1481 1034 1482
3 1483 1482 817
3 660 1484 1486
3 1484 1485 1486
3 1484 1044 1485
3 1486 1485 924
3 267 1487 1488
3 1487 1310 1488
3 1487 1125 1310
3 1488 1310 740
3 363 1489 1491
3 1489 1490 1491
3 1489 364 1490
3 1491 1490 362
3 790 1402 1493
3 1402 1492 1493
3 1402 909 1492
3 1493 1492 356
3 450 1494 1496
3 1494 1495 1496
3 1494 975 1495
3 1496 1495 767
3 304 1497 1499
3 1497 1498 1499
3 1497 533 1498
3 1499 1498 532
3 551 1500 1502
3 1500 1501 1502
3 1500 559 1501
3 1502 1501 558
3 740 1503 1488
3 1503 1504 1488
3 1503 1131 1504
3 1488 1504 267
3 378 1330 1506
3 1330 1505 1506
3 1330 420 1505
3 1506 1505 380
3 774 1372 1444
3 1372 1507 1444
3 1372 931 1507
3 1444 1507 629
3 305 1508 1294
3 1508 1509 1294
3 1508 1131 1509
3 1294 1509 739
3 755 1510 1367
3 1510 1511 1367
3 1510 991 1511
3 1367 1511 656
3 404 1286 1232
3 1286 1512 1232
3 1286 803 1512
3 1232 1512 778
3 508 1513 1515
3 1513 1514 1515
3 1513 1097 1514
3 1515 1514 786
3 564 1516 1518
3 1516 1517 1518
3 1516 853 1517
3 1518 1517 536
3 64 1519 202
3 1519 1520 202
3 1519 664 1520
3 202 1520 201
3 829 1521 1523
3 1521 1522 1523
3 1521 1147 1522
3 1523 1522 58
3 888 1524 1525
3 1524 1340 1525
3 1524 969 1340
3 1525 1340 517
3 357 1526 1316
3 1526 1527 1316
3 1526 1085 1527
3 1316 1527 795
3 544 1345 1529
3 1345 1528 1529
3 1345 548 1528
3 1529 1528 546
3 629 1530 1445
3 1530 1531 1445
3 1530 1032 1531
3 1445 1531 773
3 692 1532 1534
3 1532 1533 1534
3 1532 947 1533
3 1534 1533 849
3 245 1535 1536
3 1535 1465 1536
3 1535 1154 1465
3 1536 1465 4
3 660 1486 1538
3 1486 1537 1538
3 1486 924 1537
3 1538 1537 873
3 366 1539 1541
3 1539 1540 1541
3 1539 367 1540
3 1541 1540 364
3 243 1542 1544
3 1542 1543 1544
3 1542 660 1543
3 1544 1543 22
3 59 1545 191
3 1545 1546 191
3 1545 242 1546
3 191 1546 190
3 339 1547 1376
3 1547 1548 1376
3 1547 1090 1548
3 1376 1548 882
3 720 1549 1551
3 1549 1550 1551
3 1549 936 1550
3 1551 1550 719
3 670 1552 1553
3 1552 1380 1553
3 1552 958 1380
3 1553 1380 822
3 368 1554 1556
3 1554 1555 1556
3 1554 374 1555
3 1556 1555 369
3 404 1557 1287
3 1557 1558 1287
3 1557 852 1558
3 1287 1558 784
3 922 1559 1561
3 1559 1560 1561
3 1559 1095 1560
3 1561 1560 478
3 551 1502 1437
3 1502 1562 1437
3 1502 558 1562
3 1437 1562 550
3 590 1563 1564
3 1563 1480 1564
3 1563 796 1480
3 1564 1480 623
3 921 1565 1567
3 1565 1566 1567
3 1565 1117 1566
3 1567 1566 679
3 1107 1568 1570
3 1568 1569 1570
3 1568 1153 1569
3 1570 1569 412
3 534 1571 1573
3 1571 1572 1573
3 1571 535 1572
3 1573 1572 533
3 366 1574 1539
3 1574 1575 1539
3 1574 368 1575
3 1539 1575 367
3 605 1332 1576
3 1332 1265 1576
3 1332 955 1265
3 1576 1265 606
3 361 1577 1579
3 1577 1578 1579
3 1577 362 1578
3 1579 1578 359
3 514 1580 1582
3 1580 1581 1582
3 1580 1093 1581
3 1582 1581 885
3 617 1583 1585
3 1583 1584 1585
3 1583 695 1584
3 1585 1584 694
3 1182 1586 1588
3 1586 1587 1588
3 1586 1200 1587
3 1588 1587 628
3 913 1589 1591
3 1589 1590 1591
3 1589 989 1590
3 1591 1590 634
3 667 1592 1593
3 1592 1229 1593
3 1592 976 1229
3 1593 1229 965
3 140 1452 139
3 1452 1594 139
3 1452 807 1594
3 139 1594 32
3 769 1595 1344
3 1595 1390 1344
3 1595 830 1390
3 1344 1390 548
3 467 1596 1373
3 1596 1597 1373
3 1596 1056 1597
3 1373 1597 980
3 363 1598 1489
3 1598 1541 1489
3 1598 366 1541
3 1489 1541 364
3 1061 1599 1601
3 1599 1600 1601
3 1599 1085 1600
3 1601 1600 498
3 531 1602 1451
3 1602 1603 1451
3 1602 808 1603
3 1451 1603 807
3 562 1420 1409
3 1420 1604 1409
3 1420 1013 1604
3 1409 1604 588
3 461 1605 1607
3 1605 1606 1607
3 1605 987 1606
3 1607 1606 800
3 767 1608 1496
3 1608 1609 1496
3 1608 1150 1609
3 1496 1609 450
3 786 1610 1515
3 1610 1611 1515
3 1610 1096 1611
3 1515 1611 508
3 35 1612 1614
3 1612 1613 1614
3 1612 1063 1613
3 1614 1613 891
3 368 1556 1575
3 1556 1615 1575
3 1556 369 1615
3 1575 1615 367
3 24 1616 118
3 1616 1617 118
3 1616 244 1617
3 118 1617 23
3 535 1618 1620
3 1618 1619 1620
3 1618 537 1619
3 1620 1619 536
3 584 1621 1622
3 1621 1214 1622
3 1621 586 1214
3 1622 1214 583
3 541 1623 1625
3 1623 1624 1625
3 1623 544 1624
3 1625 1624 540
3 40 1626 1308
3 1626 1627 1308
3 1626 1114 1627
3 1308 1627 406
3 697 1628 1630
3 1628 1629 1630
3 1628 1117 1629
3 1630 1629 889
3 617 1631 1583
3 1631 1632 1583
3 1631 1005 1632
3 1583 1632 695
3 536 1517 1634
3 1517 1633 1634
3 1517 853 1633
3 1634 1633 533
3 539 1635 1637
3 1635 1636 1637
3 1635 540 1636
3 1637 1636 538
3 59 1638 1545
3 1638 1639 1545
3 1638 408 1639
3 1545 1639 242
3 862 1640 1399
3 1640 1641 1399
3 1640 1052 1641
3 1399 1641 819
3 936 1642 1464
3 1642 1643 1464
3 1642 1105 1643
3 1464 1643 698
3 548 1438 1528
3 1438 1644 1528
3 1438 550 1644
3 1528 1644 546
3 478 1560 1646
3 1560 1645 1646
3 1560 1095 1645
3 1646 1645 631
3 148 1647 147
3 1647 1648 147
3 1647 335 1648
3 147 1648 36
3 524 1649 1355
3 1649 1650 1355
3 1649 928 1650
3 1355 1650 803
3 231 1651 230
3 1651 1475 230
3 1651 530 1475
3 230 1475 73
3 408 1652 1653
3 1652 1525 1653
3 1652 888 1525
3 1653 1525 517
3 646 1654 1407
3 1654 1655 1407
3 1654 802 1655
3 1407 1655 801
3 618 1656 1657
3 1656 1429 1657
3 1656 1197 1429
3 1657 1429 586
3 589 1658 1268
3 1658 1659 1268
3 1658 846 1659
3 1268 1659 812
3 754 1660 1662
3 1660 1661 1662
3 1660 1106 1661
3 1662 1661 1059
3 745 1358 1664
3 1358 1663 1664
3 1358 1139 1663
3 1664 1663 38
3 588 1665 1410
3 1665 1666 1410
3 1665 1200 1666
3 1410 1666 570
3 11 1667 1669
3 1667 1668 1669
3 1667 904 1668
3 1669 1668 772
3 361 1670 1577
3 1670 1491 1577
3 1670 363 1491
3 1577 1491 362
3 537 1671 1619
3 1671 1672 1619
3 1671 538 1672
3 1619 1672 536
3 382 1673 1675
3 1673 1674 1675
3 1673 395 1674
3 1675 1674 384
3 376 1676 1677
3 1676 1328 1677
3 1676 756 1328
3 1677 1328 378
3 573 1678 1680
3 1678 1679 1680
3 1678 574 1679
3 1680 1679 559
3 652 1435 1416
3 1435 1681 1416
3 1435 839 1681
3 1416 1681 691
3 1110 1682 1684
3 1682 1683 1684
3 1682 1134 1683
3 1684 1683 1010
3 775 1685 1687
3 1685 1686 1687
3 1685 966 1686
3 1687 1686 49
3 579 1688 1689
3 1688 1248 1689
3 1688 583 1248
3 1689 1248 575
3 53 1690 1692
3 1690 1691 1692
3 1690 861 1691
3 1692 1691 247
3 51 1693 1695
3 1693 1694 1695
3 1693 1111 1694
3 1695 1694 456
3 243 1696 1542
3 1696 1484 1542
3 1696 1044 1484
3 1542 1484 660
3 485 1697 1698
3 1697 1532 1698
3 1697 947 1532
3 1698 1532 692
3 535 1620 1572
3 1620 1634 1572
3 1620 536 1634
3 1572 1634 533
3 304 1699 1497
3 1699 1573 1497
3 1699 534 1573
3 1497 1573 533
3 537 1700 1671
3 1700 1637 1671
3 1700 539 1637
3 1671 1637 538
3 39 1701 1703
3 1701 1702 1703
3 1701 1178 1702
3 1703 1702 745
3 151 1704 1706
3 1704 1705 1706
3 1704 982 1705
3 1706 1705 304
3 531 1707 1602
3 1707 1708 1602
3 1707 818 1708
3 1602 1708 808
3 970 1709 1711
3 1709 1710 1711
3 1709 1070 1710
3 1711 1710 859
3 586 1712 1714
3 1712 1713 1714
3 1712 780 1713
3 1714 1713 650
3 363 1715 1598
3 1715 1716 1598
3 1715 833 1716
3 1598 1716 366
3 639 1320 1718
3 1320 1717 1718
3 1320 944 1717
3 1718 1717 896
3 543 1719 1721
3 1719 1720 1721
3 1719 1184 1720
3 1721 1720 770
3 617 1585 1213
3 1585 1246 1213
3 1585 694 1246
3 1213 1246 583
3 800 1722 1607
3 1722 1723 1607
3 1722 1092 1723
3 1607 1723 461
3 446 1724 1726
3 1724 1725 1726
3 1724 1113 1725
3 1726 1725 777
3 78 1727 1729
3 1727 1728 1729
3 1727 1017 1728
3 1729 1728 839
3 957 1730 1732
3 1730 1731 1732
3 1730 1133 1731
3 1732 1731 57
3 26 1733 1734
3 1733 1226 1734
3 1733 1091 1226
3 1734 1226 946
3 679 1735 1567
3 1735 1736 1567
3 1735 1000 1736
3 1567 1736 921
3 889 1737 1630
3 1737 1738 1630
3 1737 1039 1738
3 1630 1738 697
3 651 1739 1740
3 1739 1418 1740
3 1739 652 1418
3 1740 1418 618
3 495 1741 1743
3 1741 1742 1743
3 1741 892 1742
3 1743 1742 883
3 213 1744 1746
3 1744 1745 1746
3 1744 984 1745
3 1746 1745 662
3 61 1747 1749
3 1747 1748 1749
3 1747 789 1748
3 1749 1748 776
3 799 1750 1751
3 1750 1568 1751
3 1750 1153 1568
3 1751 1568 1107
3 640 1752 1754
3 1752 1753 1754
3 1752 822 1753
3 1754 1753 804
3 976 1755 1230
3 1755 1756 1230
3 1755 1129 1756
3 1230 1756 713
3 631 1645 1757
3 1645 1459 1757
3 1645 1095 1459
3 1757 1459 1049
3 570 1269 1759
3 1269 1758 1759
3 1269 812 1758
3 1759 1758 571
3 846 1760 1255
3 1760 1761 1255
3 1760 1198 1761
3 1255 1761 622
3 936 1762 1550
3 1762 1763 1550
3 1762 1088 1763
3 1550 1763 719
3 779 1764 1766
3 1764 1765 1766
3 1764 1145 1765
3 1766 1765 802
3 35 1614 145
3 1614 1767 145
3 1614 891 1767
3 145 1767 34
3 380 1768 1770
3 1768 1769 1770
3 1768 755 1769
3 1770 1769 382
3 1025 1468 1771
3 1468 1297 1771
3 1468 1084 1297
3 1771 1297 725
3 802 1772 1766
3 1772 1773 1766
3 1772 834 1773
3 1766 1773 779
3 931 1774 1507
3 1774 1775 1507
3 1774 1113 1775
3 1507 1775 629
3 247 1691 1777
3 1691 1776 1777
3 1691 861 1776
3 1777 1776 405
3 69 1778 1780
3 1778 1779 1780
3 1778 353 1779
3 1780 1779 289
3 132 1781 131
3 1781 1782 131
3 1781 1116 1782
3 131 1782 30
3 898 1783 1785
3 1783 1784 1785
3 1783 945 1784
3 1785 1784 894
3 59 1786 1638
3 1786 1652 1638
3 1786 888 1652
3 1638 1652 408
3 791 1787 1275
3 1787 1788 1275
3 1787 1008 1788
3 1275 1788 680
3 610 1789 1791
3 1789 1790 1791
3 1789 865 1790
3 1791 1790 224
3 1183 1471 1792
3 1471 1760 1792
3 1471 1198 1760
3 1792 1760 846
3 732 1793 1379
3 1793 1794 1379
3 1793 1046 1794
3 1379 1794 943
3 1013 1795 1797
3 1795 1796 1797
3 1795 1115 1796
3 1797 1796 761
3 664 1798 1520
3 1798 1799 1520
3 1798 814 1799
3 1520 1799 201
3 977 1800 1802
3 1800 1801 1802
3 1800 1110 1801
3 1802 1801 1027
3 640 1754 1804
3 1754 1803 1804
3 1754 804 1803
3 1804 1803 561
3 371 1805 1807
3 1805 1806 1807
3 1805 1160 1806
3 1807 1806 762
3 378 1506 1809
3 1506 1808 1809
3 1506 380 1808
3 1809 1808 379
3 190 1810 189
3 1810 1523 189
3 1810 829 1523
3 189 1523 58
3 761 1811 1813
3 1811 1812 1813
3 1811 1012 1812
3 1813 1812 588
3 797 1814 1394
3 1814 1815 1394
3 1814 917 1815
3 1394 1815 869
3 617 1430 1631
3 1430 1360 1631
3 1430 1197 1360
3 1631 1360 1005
3 376 1677 1817
3 1677 1816 1817
3 1677 378 1816
3 1817 1816 377
3 594 1818 1820
3 1818 1819 1820
3 1818 1094 1819
3 1820 1819 762
3 396 1821 1823
3 1821 1822 1823
3 1821 850 1822
3 1823 1822 439
3 371 1807 1825
3 1807 1824 1825
3 1807 762 1824
3 1825 1824 376
3 954 1826 1827
3 1826 1660 1827
3 1826 1106 1660
3 1827 1660 754
3 248 1828 1830
3 1828 1829 1830
3 1828 811 1829
3 1830 1829 496
3 304 1499 1832
3 1499 1831 1832
3 1499 532 1831
3 1832 1831 37
3 51 1833 175
3 1833 1834 175
3 1833 1211 1834
3 175 1834 50
3 762 1806 1820
3 1806 1835 1820
3 1806 1160 1835
3 1820 1835 594
3 590 1564 1837
3 1564 1836 1837
3 1564 623 1836
3 1837 1836 582
3 867 1838 1447
3 1838 1839 1447
3 1838 1074 1839
3 1447 1839 841
3 793 1840 1842
3 1840 1841 1842
3 1840 794 1841
3 1842 1841 297
3 833 1843 1716
3 1843 1844 1716
3 1843 1071 1844
3 1716 1844 366
3 883 1742 1846
3 1742 1845 1846
3 1742 892 1845
3 1846 1845 632
3 777 1847 1726
3 1847 1848 1726
3 1847 1022 1848
3 1726 1848 446
3 807 1849 1851
3 1849 1850 1851
3 1849 1152 1850
3 1851 1850 758
3 663 1852 1853
3 1852 1319 1853
3 1852 944 1319
3 1853 1319 505
3 885 1854 1582
3 1854 1855 1582
3 1854 963 1855
3 1582 1855 514
3 69 1780 219
3 1780 1856 219
3 1780 289 1856
3 219 1856 218
3 456 1857 1695
3 1857 1833 1695
3 1857 1211 1833
3 1695 1833 51
3 885 1581 1858
3 1581 1439 1858
3 1581 1093 1439
3 1858 1439 860
3 539 1859 1635
3 1859 1625 1635
3 1859 541 1625
3 1635 1625 540
3 259 1860 1862
3 1860 1861 1862
3 1860 284 1861
3 1862 1861 257
3 49 1686 1864
3 1686 1863 1864
3 1686 966 1863
3 1864 1863 835
3 825 1865 1867
3 1865 1866 1867
3 1865 980 1866
3 1867 1866 752
3 278 1868 1870
3 1868 1869 1870
3 1868 297 1869
3 1870 1869 276
3 929 1871 1873
3 1871 1872 1873
3 1871 998 1872
3 1873 1872 288
3 541 1874 1623
3 1874 1343 1623
3 1874 769 1343
3 1623 1343 544
3 574 1875 1679
3 1875 1876 1679
3 1875 806 1876
3 1679 1876 559
3 218 1877 217
3 1877 1878 217
3 1877 790 1878
3 217 1878 68
3 735 1879 1881
3 1879 1880 1881
3 1879 782 1880
3 1881 1880 781
3 57 1731 185
3 1731 1882 185
3 1731 1133 1882
3 185 1882 56
3 812 1659 1883
3 1659 1396 1883
3 1659 846 1396
3 1883 1396 613
3 674 1884 1885
3 1884 1709 1885
3 1884 1070 1709
3 1885 1709 970
3 894 1886 1785
3 1886 1887 1785
3 1886 1205 1887
3 1785 1887 898
3 42 1888 1890
3 1888 1889 1890
3 1888 847 1889
3 1890 1889 764
3 717 1891 1893
3 1891 1892 1893
3 1891 864 1892
3 1893 1892 509
3 781 1894 1881
3 1894 1895 1881
3 1894 1128 1895
3 1881 1895 735
3 890 1896 1897
3 1896 1467 1897
3 1896 1084 1467
3 1897 1467 678
3 877 1427 1899
3 1427 1898 1899
3 1427 950 1898
3 1899 1898 432
3 770 1900 1902
3 1900 1901 1902
3 1900 831 1901
3 1902 1901 830
3 6 1903 84
3 1903 1904 84
3 1903 763 1904
3 84 1904 5
3 662 1745 1906
3 1745 1905 1906
3 1745 984 1905
3 1906 1905 828
3 380 1907 1768
3 1907 1908 1768
3 1907 1192 1908
3 1768 1908 755
3 877 1909 1428
3 1909 1910 1428
3 1909 1143 1910
3 1428 1910 723
3 32 1594 138
3 1594 1911 138
3 1594 807 1911
3 138 1911 137
3 349 1912 1913
3 1912 1589 1913
3 1912 989 1589
3 1913 1589 913
3 391 1914 1916
3 1914 1915 1916
3 1914 1075 1915
3 1916 1915 959
3 770 1902 1917
3 1902 1595 1917
3 1902 830 1595
3 1917 1595 769
3 559 1876 1501
3 1876 1387 1501
3 1876 806 1387
3 1501 1387 558
3 402 1918 1920
3 1918 1919 1920
3 1918 872 1919
3 1920 1919 852
3 359 1921 1922
3 1921 1526 1922
3 1921 1085 1526
3 1922 1526 357
3 380 1770 1924
3 1770 1923 1924
3 1770 382 1923
3 1924 1923 381
3 73 1925 1454
3 1925 1926 1454
3 1925 973 1926
3 1454 1926 903
3 832 1927 1929
3 1927 1928 1929
3 1927 1136 1928
3 1929 1928 13
3 453 1930 1931
3 1930 1684 1931
3 1930 1110 1684
3 1931 1684 1010
3 519 1341 1932
3 1341 1251 1932
3 1341 969 1251
3 1932 1251 643
3 297 1244 1869
3 1244 1933 1869
3 1244 1125 1933
3 1869 1933 276
3 1097 1934 1936
3 1934 1935 1936
3 1934 1161 1935
3 1936 1935 1098
3 251 1937 1939
3 1937 1938 1939
3 1937 252 1938
3 1939 1938 250
3 249 1940 1942
3 1940 1941 1942
3 1940 250 1941
3 1942 1941 248
3 207 208 1943
3 208 209 1943
3 208 66 209
3 1943 209 210
3 1027 1801 1944
3 1801 1930 1944
3 1801 1110 1930
3 1944 1930 453
3 806 1945 1419
3 1945 1795 1419
3 1945 1115 1795
3 1419 1795 1013
3 662 1946 1948
3 1946 1947 1948
3 1946 827 1947
3 1948 1947 826
3 499 1949 1951
3 1949 1950 1951
3 1949 926 1950
3 1951 1950 814
3 433 1224 1952
3 1224 1302 1952
3 1224 1040 1302
3 1952 1302 621
3 278 1953 1868
3 1953 1842 1868
3 1953 793 1842
3 1868 1842 297
3 265 1954 1956
3 1954 1955 1956
3 1954 305 1955
3 1956 1955 263
3 670 1553 1957
3 1553 1752 1957
3 1553 822 1752
3 1957 1752 640
3 252 1958 1960
3 1958 1959 1960
3 1958 787 1959
3 1960 1959 254
3 964 1961 1963
3 1961 1962 1963
3 1961 1104 1962
3 1963 1962 500
3 280 1449 1964
3 1449 1953 1964
3 1449 793 1953
3 1964 1953 278
3 33 1965 141
3 1965 1453 141
3 1965 531 1453
3 141 1453 140
3 247 1966 1968
3 1966 1967 1968
3 1966 248 1967
3 1968 1967 246
3 1 1969 79
3 1969 1970 79
3 1969 1150 1970
3 79 1970 0
3 382 1769 1673
3 1769 1971 1673
3 1769 755 1971
3 1673 1971 395
3 789 1972 1748
3 1972 1973 1748
3 1972 1060 1973
3 1748 1973 776
3 371 1825 1975
3 1825 1974 1975
3 1825 376 1974
3 1975 1974 373
3 935 1976 1250
3 1976 1693 1250
3 1976 1111 1693
3 1250 1693 51
3 582 1977 1979
3 1977 1978 1979
3 1977 781 1978
3 1979 1978 566
3 593 1980 1982
3 1980 1981 1982
3 1980 594 1981
3 1982 1981 374
3 661 1221 1984
3 1221 1983 1984
3 1221 1084 1983
3 1984 1983 951
3 828 1985 1986
3 1985 1461 1986
3 1985 1049 1461
3 1986 1461 1030
3 187 1987 186
3 1987 1732 186
3 1987 957 1732
3 186 1732 57
3 752 1988 1867
3 1988 1989 1867
3 1988 1165 1989
3 1867 1989 825
3 1044 1990 1992
3 1990 1991 1992
3 1990 1068 1991
3 1992 1991 1025
3 932 1993 1995
3 1993 1994 1995
3 1993 1107 1994
3 1995 1994 394
3 178 1996 177
3 1996 1997 177
3 1996 813 1997
3 177 1997 52
3 881 1998 2000
3 1998 1999 2000
3 1998 1090 1999
3 2000 1999 937
3 634 2001 1591
3 2001 2002 1591
3 2001 1146 2002
3 1591 2002 913
3 17 2003 103
3 2003 2004 103
3 2003 1161 2004
3 103 2004 16
3 666 2005 2006
3 2005 1563 2006
3 2005 796 1563
3 2006 1563 590
3 662 1906 1946
3 1906 2007 1946
3 1906 828 2007
3 1946 2007 827
3 607 2008 2010
3 2008 2009 2010
3 2008 816 2009
3 2010 2009 815
3 537 2011 1700
3 2011 2012 1700
3 2011 895 2012
3 1700 2012 539
3 874 2013 2015
3 2013 2014 2015
3 2013 1077 2014
3 2015 2014 963
3 978 2016 2018
3 2016 2017 2018
3 2016 1028 2017
3 2018 2017 620
3 364 2019 2020
3 2019 1446 2020
3 2019 867 1446
3 2020 1446 498
3 852 1919 2022
3 1919 2021 2022
3 1919 872 2021
3 2022 2021 624
3 151 1706 150
3 1706 1832 150
3 1706 304 1832
3 150 1832 37
3 36 2023 146
3 2023 1612 146
3 2023 1063 1612
3 146 1612 35
3 539 2012 2025
3 2012 2024 2025
3 2012 895 2024
3 2025 2024 542
3 780 1442 1713
3 1442 2026 1713
3 1442 912 2026
3 1713 2026 650
3 793 1317 1840
3 1317 2027 1840
3 1317 795 2027
3 1840 2027 794
3 420 2028 1505
3 2028 1907 1505
3 2028 1192 1907
3 1505 1907 380
3 402 1920 2029
3 1920 1557 2029
3 1920 852 1557
3 2029 1557 404
3 137 1911 2030
3 1911 1851 2030
3 1911 807 1851
3 2030 1851 758
3 791 2031 2033
3 2031 2032 2033
3 2031 868 2032
3 2033 2032 468
3 3 1434 81
3 1434 2034 81
3 1434 1016 2034
3 81 2034 2
3 137 2030 136
3 2030 2035 136
3 2030 758 2035
3 136 2035 31
3 509 1892 2037
3 1892 2036 2037
3 1892 864 2036
3 2037 2036 471
3 555 2038 2040
3 2038 2039 2040
3 2038 567 2039
3 2040 2039 552
3 929 2041 1871
3 2041 2042 1871
3 2041 1059 2042
3 1871 2042 998
3 776 2043 2045
3 2043 2044 2045
3 2043 856 2044
3 2045 2044 241
3 396 2046 1821
3 2046 2047 1821
3 2046 1006 2047
3 1821 2047 850
3 358 2048 2049
3 2048 1922 2049
3 2048 359 1922
3 2049 1922 357
3 958 2050 2052
3 2050 2051 2052
3 2050 1165 2051
3 2052 2051 569
3 261 2053 2055
3 2053 2054 2055
3 2053 934 2054
3 2055 2054 259
3 439 1822 2057
3 1822 2056 2057
3 1822 850 2056
3 2057 2056 503
3 840 2058 2059
3 2058 1764 2059
3 2058 1145 1764
3 2059 1764 779
3 601 2060 2061
3 2060 1282 2061
3 2060 1073 1282
3 2061 1282 636
3 736 2062 2063
3 2062 1325 2063
3 2062 1018 1325
3 2063 1325 654
3 758 2064 2035
3 2064 2065 2035
3 2064 1088 2065
3 2035 2065 31
3 587 2066 2067
3 2066 1837 2067
3 2066 590 1837
3 2067 1837 582
3 701 2068 1262
3 2068 2069 1262
3 2068 1078 2069
3 1262 2069 787
3 589 2070 1658
3 2070 1792 1658
3 2070 1183 1792
3 1658 1792 846
3 597 2071 2073
3 2071 2072 2073
3 2071 1187 2072
3 2073 2072 727
3 684 2074 2076
3 2074 2075 2076
3 2074 768 2075
3 2076 2075 766
3 27 2077 123
3 2077 1733 123
3 2077 1091 1733
3 123 1733 26
3 511 2078 2080
3 2078 2079 2080
3 2078 848 2079
3 2080 2079 716
3 790 2081 1403
3 2081 2082 1403
3 2081 1140 2082
3 1403 2082 749
3 58 1522 2084
3 1522 2083 2084
3 1522 1147 2083
3 2084 2083 855
3 252 1960 1938
3 1960 2085 1938
3 1960 254 2085
3 1938 2085 250
3 792 2086 1216
3 2086 2087 1216
3 2086 1155 2087
3 1216 2087 163
3 210 2088 1943
3 2088 2089 1943
3 2088 826 2089
3 1943 2089 207
3 50 1386 174
3 1386 1687 174
3 1386 775 1687
3 174 1687 49
3 849 2090 1534
3 2090 2091 1534
3 2090 959 2091
3 1534 2091 692
3 480 2092 2094
3 2092 2093 2094
3 2092 1152 2093
3 2094 2093 808
3 988 2095 2096
3 2095 1608 2096
3 2095 1150 1608
3 2096 1608 767
3 658 2097 2099
3 2097 2098 2099
3 2097 930 2098
3 2099 2098 863
3 749 2082 2101
3 2082 2100 2101
3 2082 1140 2100
3 2101 2100 938
3 335 2102 1648
3 2102 2023 1648
3 2102 1063 2023
3 1648 2023 36
3 24 2103 1616
3 2103 2104 1616
3 2103 1079 2104
3 1616 2104 244
3 261 2105 2107
3 2105 2106 2107
3 2105 1080 2106
3 2107 2106 1053
3 823 2108 2109
3 2108 1481 2109
3 2108 1034 1481
3 2109 1481 1020
3 851 2110 2111
3 2110 2022 2111
3 2110 852 2022
3 2111 2022 624
3 356 2112 2114
3 2112 2113 2114
3 2112 1049 2113
3 2114 2113 984
3 275 2115 2117
3 2115 2116 2117
3 2115 953 2116
3 2117 2116 287
3 253 2118 2120
3 2118 2119 2120
3 2118 255 2119
3 2120 2119 252
3 1130 2121 2123
3 2121 2122 2123
3 2121 1201 2122
3 2123 2122 941
3 255 1335 2119
3 1335 1958 2119
3 1335 787 1958
3 2119 1958 252
3 596 2124 1279
3 2124 2125 1279
3 2124 1037 2125
3 1279 2125 914
3 839 1326 1729
3 1326 1421 1729
3 1326 1018 1421
3 1729 1421 78
3 534 2126 1571
3 2126 2127 1571
3 2126 561 2127
3 1571 2127 535
3 469 2128 2130
3 2128 2129 2130
3 2128 472 2129
3 2130 2129 471
3 472 2131 2133
3 2131 2132 2133
3 2131 511 2132
3 2133 2132 509
3 75 2134 1393
3 2134 1651 1393
3 2134 530 1651
3 1393 1651 231
3 369 2135 2136
3 2135 1805 2136
3 2135 1160 1805
3 2136 1805 371
3 351 2137 2139
3 2137 2138 2139
3 2137 834 2138
3 2139 2138 400
3 795 1527 2140
3 1527 1599 2140
3 1527 1085 1599
3 2140 1599 1061
3 375 2141 2142
3 2141 1982 2142
3 2141 593 1982
3 2142 1982 374
3 13 1928 2144
3 1928 2143 2144
3 1928 1136 2143
3 2144 2143 508
3 5 1904 2146
3 1904 2145 2146
3 1904 763 2145
3 2146 2145 245
3 63 2147 199
3 2147 2148 199
3 2147 926 2148
3 199 2148 62
3 43 2149 161
3 2149 2150 161
3 2149 1155 2150
3 161 2150 42
3 593 1256 1980
3 1256 2151 1980
3 1256 622 2151
3 1980 2151 594
3 249 2152 1940
3 2152 1939 1940
3 2152 251 1939
3 1940 1939 250
3 382 1675 2154
3 1675 2153 2154
3 1675 384 2153
3 2154 2153 383
3 533 1633 1498
3 1633 2155 1498
3 1633 853 2155
3 1498 2155 532
3 244 2156 2158
3 2156 2157 2158
3 2156 436 2157
3 2158 2157 435
3 580 2159 2160
3 2159 1979 2160
3 2159 582 1979
3 2160 1979 566
3 295 2161 2163
3 2161 2162 2163
3 2161 397 2162
3 2163 2162 20
3 408 2164 1639
3 2164 2165 1639
3 2164 414 2165
3 1639 2165 242
3 834 2166 2138
3 2166 2167 2138
3 2166 906 2167
3 2138 2167 400
3 247 2168 1966
3 2168 1942 1966
3 2168 249 1942
3 1966 1942 248
3 277 2169 2170
3 2169 1870 2170
3 2169 278 1870
3 2170 1870 276
3 511 2080 2132
3 2080 2171 2132
3 2080 716 2171
3 2132 2171 509
3 708 2172 2174
3 2172 2173 2174
3 2172 933 2173
3 2174 2173 675
3 594 1835 1981
3 1835 2175 1981
3 1835 1160 2175
3 1981 2175 374
3 823 2176 2178
3 2176 2177 2178
3 2176 843 2177
3 2178 2177 335
3 116 2179 115
3 2179 1544 115
3 2179 243 1544
3 115 1544 22
3 472 2133 2129
3 2133 2037 2129
3 2133 509 2037
3 2129 2037 471
3 869 1815 2181
3 1815 2180 2181
3 1815 917 2180
3 2181 2180 284
3 151 2182 1704
3 2182 2183 1704
3 2182 1139 2183
3 1704 2183 982
3 1081 2184 2186
3 2184 2185 2186
3 2184 1101 2185
3 2186 2185 759
3 758 2187 2064
3 2187 2188 2064
3 2187 1151 2188
3 2064 2188 1088
3 684 2189 2074
3 2189 2190 2074
3 2189 1201 2190
3 2074 2190 768
3 543 1721 2191
3 1721 1917 2191
3 1721 770 1917
3 2191 1917 769
3 506 2192 2193
3 2192 2184 2193
3 2192 1101 2184
3 2193 2184 1081
3 58 2084 188
3 2084 2194 188
3 2084 855 2194
3 188 2194 187
3 963 2014 2196
3 2014 2195 2196
3 2014 1077 2195
3 2196 2195 529
3 837 2197 1284
3 2197 2198 1284
3 2197 949 2198
3 1284 2198 636
3 791 1456 2031
3 1456 2199 2031
3 1456 962 2199
3 2031 2199 868
3 543 2191 2200
3 2191 1874 2200
3 2191 769 1874
3 2200 1874 541
3 503 2056 2202
3 2056 2201 2202
3 2056 850 2201
3 2202 2201 849
3 785 2203 2205
3 2203 2204 2205
3 2203 1199 2204
3 2205 2204 933
3 579 2206 1688
3 2206 1622 1688
3 2206 584 1622
3 1688 1622 583
3 815 2207 2010
3 2207 2208 2010
3 2207 1209 2208
3 2010 2208 607
3 802 2209 1772
3 2209 2166 1772
3 2209 906 2166
3 1772 2166 834
3 1098 1935 2211
3 1935 2210 2211
3 1935 1161 2210
3 2211 2210 1138
3 814 2212 1951
3 2212 2213 1951
3 2212 1158 2213
3 1951 2213 499
3 414 2214 2165
3 2214 2215 2165
3 2214 415 2215
3 2165 2215 242
3 909 2216 1492
3 2216 2112 1492
3 2216 1049 2112
3 1492 2112 356
3 368 2217 1554
3 2217 2142 1554
3 2217 375 2142
3 1554 2142 374
3 2 2218 80
3 2218 2219 80
3 2218 450 2219
3 80 2219 1
3 933 2204 2173
3 2204 2220 2173
3 2204 1199 2220
3 2173 2220 675
3 959 2221 1916
3 2221 2222 1916
3 2221 1202 2222
3 1916 2222 391
3 561 1803 2127
3 1803 2223 2127
3 1803 804 2223
3 2127 2223 535
3 61 1749 195
3 1749 2224 195
3 1749 776 2224
3 195 2224 60
3 811 2225 1829
3 2225 2226 1829
3 2225 1023 2226
3 1829 2226 496
3 468 2227 2229
3 2227 2228 2229
3 2227 469 2228
3 2229 2228 442
3 978 2230 2231
3 2230 1914 2231
3 2230 1075 1914
3 2231 1914 391
3 265 2232 1954
3 2232 1508 1954
3 2232 1131 1508
3 1954 1508 305
3 666 2233 2005
3 2233 2234 2005
3 2233 797 2234
3 2005 2234 796
3 707 2235 2237
3 2235 2236 2237
3 2235 1086 2236
3 2237 2236 818
3 789 2238 2240
3 2238 2239 2240
3 2238 1158 2239
3 2240 2239 1015
3 364 2020 1490
3 2020 2241 1490
3 2020 498 2241
3 1490 2241 362
3 937 2242 2000
3 2242 2243 2000
3 2242 1164 2243
3 2000 2243 881
3 441 2244 2246
3 2244 2245 2246
3 2244 442 2245
3 2246 2245 415
3 856 1252 2044
3 1252 2247 2044
3 1252 969 2247
3 2044 2247 241
3 645 2248 2249
3 2248 2078 2249
3 2248 848 2078
3 2249 2078 511
3 623 2250 1836
3 2250 1977 1836
3 2250 781 1977
3 1836 1977 582
3 820 2251 2252
3 2251 1333 2252
3 2251 927 1333
3 2252 1333 605
3 285 2253 2254
3 2253 1450 2254
3 2253 357 1450
3 2254 1450 280
3 53 1692 2255
3 1692 1968 2255
3 1692 247 1968
3 2255 1968 246
3 496 2226 2257
3 2226 2256 2257
3 2226 1023 2256
3 2257 2256 1007
3 921 1736 2259
3 1736 2258 2259
3 1736 1000 2258
3 2259 2258 920
3 949 2260 2198
3 2260 2261 2198
3 2260 1185 2261
3 2198 2261 636
3 60 2224 2262
3 2224 2045 2262
3 2224 776 2045
3 2262 2045 241
3 586 1714 1657
3 1714 2263 1657
3 1714 650 2263
3 1657 2263 618
3 645 2264 2248
3 2264 2265 2248
3 2264 929 2265
3 2248 2265 848
3 263 2266 2267
3 2266 2105 2267
3 2266 1080 2105
3 2267 2105 261
3 451 2268 2269
3 2268 1398 2269
3 2268 862 1398
3 2269 1398 708
3 700 2270 2271
3 2270 2115 2271
3 2270 953 2115
3 2271 2115 275
3 49 2272 173
3 2272 2273 173
3 2272 1050 2273
3 173 2273 48
3 624 2021 2275
3 2021 2274 2275
3 2021 872 2274
3 2275 2274 324
3 353 2276 1779
3 2276 2277 1779
3 2276 462 2277
3 1779 2277 289
3 552 2278 2279
3 2278 1719 2279
3 2278 1184 1719
3 2279 1719 543
3 148 2280 1647
3 2280 2281 1647
3 2280 1170 2281
3 1647 2281 335
3 159 2282 158
3 2282 2283 158
3 2282 835 2283
3 158 2283 41
3 837 2284 2197
3 2284 2285 2197
3 2284 1033 2285
3 2197 2285 949
3 409 2286 2288
3 2286 2287 2288
3 2286 451 2287
3 2288 2287 397
3 673 2289 2291
3 2289 2290 2291
3 2289 871 2290
3 2291 2290 870
3 445 2292 2294
3 2292 2293 2294
3 2292 447 2293
3 2294 2293 446
3 54 2295 180
3 2295 1690 180
3 2295 861 1690
3 180 1690 53
3 257 2296 2297
3 2296 1334 2297
3 2296 981 1334
3 2297 1334 255
3 573 2298 1678
3 2298 2299 1678
3 2298 575 2299
3 1678 2299 574
3 830 1901 1414
3 1901 2300 1414
3 1901 831 2300
3 1414 2300 572
3 864 2301 2302
3 2301 2189 2302
3 2301 1201 2189
3 2302 2189 684
3 528 2303 2305
3 2303 2304 2305
3 2303 771 2304
3 2305 2304 706
3 44 2306 1215
3 2306 2307 1215
3 2306 1072 2307
3 1215 2307 792
3 395 2308 1674
3 2308 2309 1674
3 2308 805 2309
3 1674 2309 384
3 679 1566 2310
3 1566 1628 2310
3 1566 1117 1628
3 2310 1628 697
3 819 1641 2312
3 1641 2311 2312
3 1641 1052 2311
3 2312 2311 715
3 481 2313 2315
3 2313 2314 2315
3 2313 974 2314
3 2315 2314 644
3 710 2316 2318
3 2316 2317 2318
3 2316 760 2317
3 2318 2317 619
3 286 2319 2321
3 2319 2320 2321
3 2319 875 2320
3 2321 2320 274
3 53 2255 179
3 2255 2322 179
3 2255 246 2322
3 179 2322 178
3 414 2323 2214
3 2323 2246 2214
3 2323 441 2246
3 2214 2246 415
3 624 2324 2111
3 2324 2325 2111
3 2324 884 2325
3 2111 2325 851
3 653 2326 2327
3 2326 1436 2327
3 2326 654 1436
3 2327 1436 652
3 605 2328 2252
3 2328 2329 2252
3 2328 1185 2329
3 2252 2329 820
3 441 2330 2244
3 2330 2229 2244
3 2330 468 2229
3 2244 2229 442
3 822 2331 1753
3 2331 2332 1753
3 2331 895 2332
3 1753 2332 804
3 784 1558 2333
3 1558 2110 2333
3 1558 852 2110
3 2333 2110 851
3 279 2334 2335
3 2334 1964 2335
3 2334 280 1964
3 2335 1964 278
3 369 2136 2337
3 2136 2336 2337
3 2136 371 2336
3 2337 2336 370
3 779 1773 1313
3 1773 2338 1313
3 1773 834 2338
3 1313 2338 403
3 1007 2256 2340
3 2256 2339 2340
3 2256 1023 2339
3 2340 2339 750
3 911 2341 2342
3 2341 1535 2342
3 2341 1154 1535
3 2342 1535 245
3 570 1666 1270
3 1666 2343 1270
3 1666 1200 2343
3 1270 2343 589
3 535 2223 1618
3 2223 2344 1618
3 2223 804 2344
3 1618 2344 537
3 272 2345 2347
3 2345 2346 2347
3 2345 276 2346
3 2347 2346 269
3 584 2348 1621
3 2348 1712 1621
3 2348 780 1712
3 1621 1712 586
3 639 2349 2350
3 2349 2318 2350
3 2349 710 2318
3 2350 2318 619
3 497 2351 2353
3 2351 2352 2353
3 2351 979 2352
3 2353 2352 857
3 505 2354 2356
3 2354 2355 2356
3 2354 619 2355
3 2356 2355 504
3 650 2357 2263
3 2357 1740 2263
3 2357 651 1740
3 2263 1740 618
3 26 2358 122
3 2358 2359 122
3 2358 1083 2359
3 122 2359 25
3 771 2360 1424
3 2360 1331 1424
3 2360 955 1331
3 1424 1331 927
3 420 1349 2362
3 1349 2361 2362
3 1349 930 2361
3 2362 2361 915
3 395 2363 2308
3 2363 1441 2308
3 2363 912 1441
3 2308 1441 805
3 890 2364 2366
3 2364 2365 2366
3 2364 1039 2365
3 2366 2365 951
3 213 1746 212
3 1746 2367 212
3 1746 662 2367
3 212 2367 67
3 703 2368 2370
3 2368 2369 2370
3 2368 866 2369
3 2370 2369 352
3 484 1241 2372
3 1241 2371 2372
3 1241 1122 2371
3 2372 2371 721
3 718 2373 2375
3 2373 2374 2375
3 2373 1118 2374
3 2375 2374 865
3 504 2376 2378
3 2376 2377 2378
3 2376 629 2377
3 2378 2377 447
3 632 1845 2380
3 1845 2379 2380
3 1845 892 2379
3 2380 2379 457
3 819 2381 1400
3 2381 2382 1400
3 2381 1076 2382
3 1400 2382 708
3 789 2383 1972
3 2383 2384 1972
3 2383 1163 2384
3 1972 2384 1060
3 360 2385 2386
3 2385 1579 2386
3 2385 361 1579
3 2386 1579 359
3 251 2387 1937
3 2387 2120 1937
3 2387 253 2120
3 1937 2120 252
3 544 1529 2389
3 1529 2388 2389
3 1529 546 2388
3 2389 2388 545
3 282 2390 2392
3 2390 2391 2392
3 2390 939 2391
3 2392 2391 293
3 755 1366 1971
3 1366 2393 1971
3 1366 990 2393
3 1971 2393 395
3 742 1272 2395
3 1272 2394 2395
3 1272 1149 2394
3 2395 2394 1022
3 987 2396 1606
3 2396 2397 1606
3 2396 1087 2397
3 1606 2397 800
3 858 2398 2400
3 2398 2399 2400
3 2398 859 2399
3 2400 2399 429
3 946 2401 2403
3 2401 2402 2403
3 2401 1157 2402
3 2403 2402 1083
3 110 2404 109
3 2404 2163 109
3 2404 295 2163
3 109 2163 20
3 448 2405 2406
3 2405 2378 2406
3 2405 504 2378
3 2406 2378 447
3 1071 2407 2409
3 2407 2408 2409
3 2407 1109 2408
3 2409 2408 614
3 824 2410 2411
3 2410 1289 2411
3 2410 1103 1289
3 2411 1289 757
3 786 2412 2413
3 2412 2203 2413
3 2412 1199 2203
3 2413 2203 785
3 380 1924 1808
3 1924 2414 1808
3 1924 381 2414
3 1808 2414 379
3 692 1370 2416
3 1370 2415 2416
3 1370 1047 2415
3 2416 2415 411
3 406 2417 1309
3 2417 2418 1309
3 2417 1102 2418
3 1309 2418 155
3 378 1809 1816
3 1809 2419 1816
3 1809 379 2419
3 1816 2419 377
3 451 2269 2420
3 2269 2174 2420
3 2269 708 2174
3 2420 2174 675
3 808 2421 2094
3 2421 2422 2094
3 2421 1086 2422
3 2094 2422 480
3 622 2423 2151
3 2423 2424 2151
3 2423 863 2424
3 2151 2424 594
3 574 2425 1875
3 2425 1945 1875
3 2425 1115 1945
3 1875 1945 806
3 824 2426 2428
3 2426 2427 2428
3 2426 1114 2427
3 2428 2427 443
3 881 2429 2430
3 2429 1846 2430
3 2429 883 1846
3 2430 1846 632
3 1083 2402 2432
3 2402 2431 2432
3 2402 1157 2431
3 2432 2431 516
3 2 2433 2218
3 2433 2434 2218
3 2433 512 2434
3 2218 2434 450
3 445 2294 2436
3 2294 2435 2436
3 2294 446 2435
3 2436 2435 444
3 101 2437 100
3 2437 2438 100
3 2437 832 2438
3 100 2438 15
3 530 2439 2440
3 2439 2096 2440
3 2439 988 2096
3 2440 2096 767
3 340 2441 2443
3 2441 2442 2443
3 2441 887 2442
3 2443 2442 349
3 403 2338 2444
3 2338 2137 2444
3 2338 834 2137
3 2444 2137 351
3 821 2445 2446
3 2445 1722 2446
3 2445 1092 1722
3 2446 1722 800
3 355 2447 2448
3 2447 2400 2448
3 2447 858 2400
3 2448 2400 429
3 29 2449 127
3 2449 2450 127
3 2449 972 2450
3 127 2450 126
3 824 2451 2410
3 2451 2452 2410
3 2451 1162 2452
3 2410 2452 1103
3 475 2453 2455
3 2453 2454 2455
3 2453 476 2454
3 2455 2454 431
3 870 2456 2291
3 2456 2457 2291
3 2456 1070 2457
3 2291 2457 673
3 554 2458 1382
3 2458 2459 1382
3 2458 1100 2459
3 1382 2459 822
3 2 2034 2461
3 2034 2460 2461
3 2034 1016 2460
3 2461 2460 633
3 530 2440 1473
3 2440 2462 1473
3 2440 767 2462
3 1473 2462 642
3 207 2089 206
3 2089 2463 206
3 2089 826 2463
3 206 2463 65
3 353 2464 2276
3 2464 2465 2276
3 2464 486 2465
3 2276 2465 462
3 651 2466 1739
3 2466 2327 1739
3 2466 653 2327
3 1739 2327 652
3 863 2467 2099
3 2467 2468 2099
3 2467 1038 2468
3 2099 2468 658
3 376 1817 1974
3 1817 2469 1974
3 1817 377 2469
3 1974 2469 373
3 256 2470 2471
3 2470 2297 2471
3 2470 257 2297
3 2471 2297 255
3 776 1973 2043
3 1973 2472 2043
3 1973 1060 2472
3 2043 2472 856
3 434 2473 2474
3 2473 1858 2474
3 2473 885 1858
3 2474 1858 860
3 310 2475 2477
3 2475 2476 2477
3 2475 913 2476
3 2477 2476 876
3 528 2305 2479
3 2305 2478 2479
3 2305 706 2478
3 2479 2478 527
3 246 2480 2322
3 2480 1996 2322
3 2480 813 1996
3 2322 1996 178
3 686 2481 2483
3 2481 2482 2483
3 2481 970 2482
3 2483 2482 879
3 882 2484 1374
3 2484 2485 1374
3 2484 1021 2485
3 1374 2485 886
3 580 2486 2159
3 2486 2067 2159
3 2486 587 2067
3 2159 2067 582
3 880 2487 2488
3 2487 2430 2488
3 2487 881 2430
3 2488 2430 632
3 248 1830 1967
3 1830 2489 1967
3 1830 496 2489
3 1967 2489 246
3 355 2448 2491
3 2448 2490 2491
3 2448 429 2490
3 2491 2490 428
3 591 2492 2493
3 2492 2006 2493
3 2492 666 2006
3 2493 2006 590
3 475 2494 2453
3 2494 2495 2453
3 2494 487 2495
3 2453 2495 476
3 567 2496 2039
3 2496 2278 2039
3 2496 1184 2278
3 2039 2278 552
3 856 2497 1277
3 2497 2498 1277
3 2497 857 2498
3 1277 2498 681
3 1098 2499 2500
3 2499 2412 2500
3 2499 1199 2412
3 2500 2412 786
3 904 2501 1668
3 2501 2502 1668
3 2501 1207 2502
3 1668 2502 772
3 515 2503 2504
3 2503 2249 2504
3 2503 645 2249
3 2504 2249 511
3 250 2505 1941
3 2505 1828 1941
3 2505 811 1828
3 1941 1828 248
3 348 2506 2508
3 2506 2507 2508
3 2506 355 2507
3 2508 2507 354
3 37 2509 149
3 2509 2510 149
3 2509 1141 2510
3 149 2510 148
3 577 2511 2512
3 2511 1804 2512
3 2511 640 1804
3 2512 1804 561
3 244 2513 2156
3 2513 2514 2156
3 2513 437 2514
3 2156 2514 436
3 843 2515 2177
3 2515 2102 2177
3 2515 1063 2102
3 2177 2102 335
3 866 2516 2517
3 2516 2473 2517
3 2516 885 2473
3 2517 2473 434
3 344 2518 2520
3 2518 2519 2520
3 2518 423 2519
3 2520 2519 28
3 473 2521 2522
3 2521 2302 2522
3 2521 864 2302
3 2522 2302 684
3 430 2523 2524
3 2523 2455 2524
3 2523 475 2455
3 2524 2455 431
3 352 2369 2526
3 2369 2525 2526
3 2369 866 2525
3 2526 2525 334
3 294 2527 2529
3 2527 2528 2529
3 2527 876 2528
3 2529 2528 283
3 398 2530 2531
3 2530 2319 2531
3 2530 875 2319
3 2531 2319 286
3 503 2202 2533
3 2202 2532 2533
3 2202 849 2532
3 2533 2532 688
3 430 2524 2535
3 2524 2534 2535
3 2524 431 2534
3 2535 2534 419
3 259 2054 1860
3 2054 2536 1860
3 2054 934 2536
3 1860 2536 284
3 335 2537 2178
3 2537 2108 2178
3 2537 1034 2108
3 2178 2108 823
3 272 2538 2345
3 2538 2170 2345
3 2538 277 2170
3 2345 2170 276
3 684 2076 2540
3 2076 2539 2540
3 2076 766 2539
3 2540 2539 765
3 258 2541 2542
3 2541 1862 2542
3 2541 259 1862
3 2542 1862 257
3 468 2032 2227
3 2032 2543 2227
3 2032 868 2543
3 2227 2543 469
3 445 2544 2546
3 2544 2545 2546
3 2544 900 2545
3 2546 2545 448
3 544 2389 1624
3 2389 2547 1624
3 2389 545 2547
3 1624 2547 540
3 883 2548 1743
3 2548 2549 1743
3 2548 1008 2549
3 1743 2549 495
3 445 2546 2292
3 2546 2406 2292
3 2546 448 2406
3 2292 2406 447
3 657 2550 2551
3 2550 2063 2551
3 2550 736 2063
3 2551 2063 654
3 50 1834 1324
3 1834 2552 1324
3 1834 1211 2552
3 1324 2552 467
3 437 2553 2554
3 2553 2436 2554
3 2553 445 2436
3 2554 2436 444
3 482 2555 2556
3 2555 1257 2556
3 2555 1137 1257
3 2556 1257 616
3 588 1604 1813
3 1604 1797 1813
3 1604 1013 1797
3 1813 1797 761
3 721 2557 2558
3 2557 2530 2558
3 2557 875 2530
3 2558 2530 398
3 452 2559 2560
3 2559 2479 2560
3 2559 528 2479
3 2560 2479 527
3 753 2561 2563
3 2561 2562 2563
3 2561 754 2562
3 2563 2562 645
3 495 2564 2565
3 2564 2033 2565
3 2564 791 2033
3 2565 2033 468
3 738 2566 2568
3 2566 2567 2568
3 2566 1080 2567
3 2568 2567 948
3 959 1915 2091
3 1915 1368 2091
3 1915 1075 1368
3 2091 1368 692
3 848 2569 2570
3 2569 1682 2570
3 2569 1134 1682
3 2570 1682 1110
3 344 2571 2518
3 2571 2572 2518
3 2571 798 2572
3 2518 2572 423
3 429 2573 2490
3 2573 2574 2490
3 2573 870 2574
3 2490 2574 428
3 936 1463 2575
3 1463 1781 2575
3 1463 1116 1781
3 2575 1781 132
3 667 1593 2577
3 1593 2576 2577
3 1593 965 2576
3 2577 2576 581
3 850 2578 2201
3 2578 2090 2201
3 2578 959 2090
3 2201 2090 849
3 428 2574 2580
3 2574 2579 2580
3 2574 870 2579
3 2580 2579 464
3 518 2581 2582
3 2581 2488 2582
3 2581 880 2488
3 2582 2488 632
3 505 1321 2354
3 1321 2350 2354
3 1321 639 2350
3 2354 2350 619
3 481 2315 2584
3 2315 2583 2584
3 2315 644 2583
3 2584 2583 612
3 767 1495 2462
3 1495 2585 2462
3 1495 975 2585
3 2462 2585 642
3 469 2543 2128
3 2543 2586 2128
3 2543 868 2586
3 2128 2586 472
3 504 2587 2376
3 2587 1530 2376
3 2587 1032 1530
3 2376 1530 629
3 930 2588 2098
3 2588 2589 2098
3 2588 1094 2589
3 2098 2589 863
3 845 2590 2592
3 2590 2591 2592
3 2590 1144 2591
3 2592 2591 487
3 703 2593 2368
3 2593 2516 2368
3 2593 885 2516
3 2368 2516 866
3 448 2545 2595
3 2545 2594 2595
3 2545 900 2594
3 2595 2594 663
3 856 2472 2497
3 2472 2596 2497
3 2472 1060 2596
3 2497 2596 857
3 418 2597 2598
3 2597 2535 2598
3 2597 430 2535
3 2598 2535 419
3 484 2372 2599
3 2372 2558 2599
3 2372 721 2558
3 2599 2558 398
3 347 2600 2602
3 2600 2601 2602
3 2600 893 2601
3 2602 2601 884
3 473 2522 2604
3 2522 2603 2604
3 2522 684 2603
3 2604 2603 683
3 558 1389 2606
3 1389 2605 2606
3 1389 562 2605
3 2606 2605 560
3 261 2107 2053
3 2107 2607 2053
3 2107 1053 2607
3 2053 2607 934
3 448 2608 2405
3 2608 2356 2405
3 2608 505 2356
3 2405 2356 504
3 884 2601 2325
3 2601 2609 2325
3 2601 893 2609
3 2325 2609 851
3 295 2610 2612
3 2610 2611 2612
3 2610 925 2611
3 2612 2611 460
3 709 1346 2614
3 1346 2613 2614
3 1346 955 2613
3 2614 2613 528
3 668 2615 2617
3 2615 2616 2617
3 2615 904 2616
3 2617 2616 712
3 878 2618 2620
3 2618 2619 2620
3 2618 879 2619
3 2620 2619 859
3 68 2621 216
3 2621 2622 216
3 2621 356 2622
3 216 2622 215
3 711 2623 2625
3 2623 2624 2625
3 2623 800 2624
3 2625 2624 710
3 796 2626 1478
3 2626 1750 1478
3 2626 1153 1750
3 1478 1750 799
3 428 2580 2628
3 2580 2627 2628
3 2580 464 2627
3 2628 2627 449
3 951 1983 2366
3 1983 1896 2366
3 1983 1084 1896
3 2366 1896 890
3 710 2629 2316
3 2629 1363 2316
3 2629 1087 1363
3 2316 1363 760
3 518 2582 2630
3 2582 2380 2630
3 2582 632 2380
3 2630 2380 457
3 476 2631 2633
3 2631 2632 2633
3 2631 478 2632
3 2633 2632 477
3 402 2634 2635
3 2634 2444 2635
3 2634 403 2444
3 2635 2444 351
3 781 2636 1978
3 2636 2637 1978
3 2636 1196 2637
3 1978 2637 566
3 324 2274 2639
3 2274 2638 2639
3 2274 872 2638
3 2639 2638 321
3 218 2640 1877
3 2640 2081 1877
3 2640 1140 2081
3 1877 2081 790
3 716 2641 2171
3 2641 1893 2171
3 2641 717 1893
3 2171 1893 509
3 355 2491 2507
3 2491 2642 2507
3 2491 428 2642
3 2507 2642 354
3 709 2643 1347
3 2643 2515 1347
3 2643 1063 2515
3 1347 2515 843
3 875 2644 2645
3 2644 1961 2645
3 2644 1104 1961
3 2645 1961 964
3 376 1824 1676
3 1824 2646 1676
3 1824 762 2646
3 1676 2646 756
3 704 2647 2649
3 2647 2648 2649
3 2647 1004 2648
3 2649 2648 928
3 425 2650 2652
3 2650 2651 2652
3 2650 887 2651
3 2652 2651 399
3 314 2653 2655
3 2653 2654 2655
3 2653 889 2654
3 2655 2654 413
3 674 2656 2658
3 2656 2657 2658
3 2656 744 2657
3 2658 2657 513
3 949 2285 2660
3 2285 2659 2660
3 2285 1033 2659
3 2660 2659 489
3 277 2661 2169
3 2661 2335 2169
3 2661 279 2335
3 2169 2335 278
3 298 2662 2664
3 2662 2663 2664
3 2662 482 2663
3 2664 2663 337
3 746 2665 2666
3 2665 2437 2666
3 2665 832 2437
3 2666 2437 101
3 322 2667 2668
3 2667 2635 2668
3 2667 402 2635
3 2668 2635 351
3 466 2669 2671
3 2669 2670 2671
3 2669 679 2670
3 2671 2670 677
3 870 2290 2579
3 2290 2672 2579
3 2290 871 2672
3 2579 2672 464
3 369 2337 1615
3 2337 2673 1615
3 2337 370 2673
3 1615 2673 367
3 183 2674 2676
3 2674 2675 2676
3 2674 1180 2675
3 2676 2675 54
3 589 2343 2677
3 2343 1586 2677
3 2343 1200 1586
3 2677 1586 1182
3 399 2651 2678
3 2651 2441 2678
3 2651 887 2441
3 2678 2441 340
3 826 1947 2463
3 1947 2679 2463
3 1947 827 2679
3 2463 2679 65
3 326 2680 2681
3 2680 2324 2681
3 2680 884 2324
3 2681 2324 624
3 260 2682 2683
3 2682 2055 2683
3 2682 261 2055
3 2683 2055 259
3 325 2684 2686
3 2684 2685 2686
3 2684 326 2685
3 2686 2685 324
3 409 2687 2286
3 2687 2268 2286
3 2687 862 2268
3 2286 2268 451
3 163 2087 162
3 2087 2149 162
3 2087 1155 2149
3 162 2149 43
3 760 2688 2317
3 2688 2689 2317
3 2688 1032 2689
3 2317 2689 619
3 418 2598 2691
3 2598 2690 2691
3 2598 419 2690
3 2691 2690 417
3 478 1646 2693
3 1646 2692 2693
3 1646 631 2692
3 2693 2692 630
3 587 2694 2066
3 2694 2493 2066
3 2694 591 2493
3 2066 2493 590
3 313 2695 2697
3 2695 2696 2697
3 2695 886 2696
3 2697 2696 315
3 833 2698 1843
3 2698 2407 1843
3 2698 1109 2407
3 1843 2407 1071
3 171 2699 170
3 2699 2700 170
3 2699 1191 2700
3 170 2700 47
3 285 2701 2253
3 2701 2049 2253
3 2701 358 2049
3 2253 2049 357
3 639 2702 2349
3 2702 2625 2349
3 2702 711 2625
3 2349 2625 710
3 424 2703 2704
3 2703 2652 2704
3 2703 425 2652
3 2704 2652 399
3 763 2705 2145
3 2705 2706 2145
3 2705 1121 2706
3 2145 2706 245
3 348 2707 2506
3 2707 2708 2506
3 2707 434 2708
3 2506 2708 355
3 47 2700 2710
3 2700 2709 2710
3 2700 1191 2709
3 2710 2709 847
3 306 2711 2713
3 2711 2712 2713
3 2711 919 2712
3 2713 2712 341
3 1000 2714 2258
3 2714 1412 2258
3 2714 1149 1412
3 2258 1412 920
3 472 2715 2131
3 2715 2504 2131
3 2715 515 2504
3 2131 2504 511
3 334 2525 2717
3 2525 2716 2717
3 2525 866 2716
3 2717 2716 348
3 319 2718 2720
3 2718 2719 2720
3 2718 320 2719
3 2720 2719 318
3 818 2721 2237
3 2721 2722 2237
3 2721 1176 2722
3 2237 2722 707
3 321 2723 2725
3 2723 2724 2725
3 2723 322 2724
3 2725 2724 320
3 423 2726 2728
3 2726 2727 2728
3 2726 896 2727
3 2728 2727 747
3 452 2729 2559
3 2729 2614 2559
3 2729 709 2614
3 2559 2614 528
3 126 2730 125
3 2730 2520 125
3 2730 344 2520
3 125 2520 28
3 326 2681 2685
3 2681 2275 2685
3 2681 624 2275
3 2685 2275 324
3 512 2731 2434
3 2731 2732 2434
3 2731 513 2732
3 2434 2732 450
3 525 2733 2735
3 2733 2734 2735
3 2733 1052 2734
3 2735 2734 492
3 224 2736 223
3 2736 2737 223
3 2736 1041 2737
3 223 2737 70
3 262 2738 2739
3 2738 2267 2739
3 2738 263 2267
3 2739 2267 261
3 374 2175 1555
3 2175 2135 1555
3 2175 1160 2135
3 1555 2135 369
3 317 2740 2742
3 2740 2741 2742
3 2740 901 2741
3 2742 2741 319
3 382 2154 1923
3 2154 2743 1923
3 2154 383 2743
3 1923 2743 381
3 542 2744 2745
3 2744 2200 2745
3 2744 543 2200
3 2745 2200 541
3 673 2457 2746
3 2457 1884 2746
3 2457 1070 1884
3 2746 1884 674
3 836 2747 2748
3 2747 2698 2748
3 2747 1109 2698
3 2748 2698 833
3 622 2749 2423
3 2749 2467 2423
3 2749 1038 2467
3 2423 2467 863
3 417 2750 2752
3 2750 2751 2752
3 2750 874 2751
3 2752 2751 703
3 795 2140 2027
3 2140 2753 2027
3 2140 1061 2753
3 2027 2753 794
3 339 1375 2754
3 1375 2695 2754
3 1375 886 2695
3 2754 2695 313
3 334 2717 2756
3 2717 2755 2756
3 2717 348 2755
3 2756 2755 347
3 416 2757 2758
3 2757 2691 2758
3 2757 418 2691
3 2758 2691 417
3 408 2759 2164
3 2759 2760 2164
3 2759 457 2760
3 2164 2760 414
3 469 2130 2762
3 2130 2761 2762
3 2130 471 2761
3 2762 2761 470
3 295 2763 2161
3 2763 2288 2161
3 2763 409 2288
3 2161 2288 397
3 323 2764 2765
3 2764 2686 2765
3 2764 325 2686
3 2765 2686 324
3 348 2508 2755
3 2508 2766 2755
3 2508 354 2766
3 2755 2766 347
3 244 2158 1617
3 2158 2767 1617
3 2158 435 2767
3 1617 2767 23
3 434 2768 2708
3 2768 2447 2708
3 2768 858 2447
3 2708 2447 355
3 727 2769 2770
3 2769 2747 2770
3 2769 1109 2747
3 2770 2747 836
3 472 2586 2715
3 2586 2771 2715
3 2586 868 2771
3 2715 2771 515
3 492 2772 2773
3 2772 2687 2773
3 2772 862 2687
3 2773 2687 409
3 526 2774 2775
3 2774 1408 2775
3 2774 646 1408
3 2775 1408 525
3 264 2776 2777
3 2776 1956 2777
3 2776 265 1956
3 2777 1956 263
3 328 2778 2779
3 2778 2680 2779
3 2778 884 2680
3 2779 2680 326
3 569 2780 2052
3 2780 2781 2052
3 2780 1051 2781
3 2052 2781 958
3 476 2633 2454
3 2633 2782 2454
3 2633 477 2782
3 2454 2782 431
3 463 2783 2784
3 2783 2740 2784
3 2783 901 2740
3 2784 2740 317
3 919 2785 2712
3 2785 2786 2712
3 2785 920 2786
3 2712 2786 341
3 419 2787 2690
3 2787 2750 2690
3 2787 874 2750
3 2690 2750 417
3 402 2029 2634
3 2029 1234 2634
3 2029 404 1234
3 2634 1234 403
3 493 2788 2789
3 2788 2735 2789
3 2788 525 2735
3 2789 2735 492
3 284 2536 2181
3 2536 2790 2181
3 2536 934 2790
3 2181 2790 869
3 451 2791 2287
3 2791 2792 2287
3 2791 615 2792
3 2287 2792 397
3 327 2793 2795
3 2793 2794 2795
3 2793 905 2794
3 2795 2794 333
3 623 2796 2250
3 2796 1894 2250
3 2796 1128 1894
3 2250 1894 781
3 329 2797 2798
3 2797 2475 2798
3 2797 913 2475
3 2798 2475 310
3 416 2799 2757
3 2799 2800 2757
3 2799 877 2800
3 2757 2800 418
3 322 2668 2802
3 2668 2801 2802
3 2668 351 2801
3 2802 2801 350
3 327 2803 2804
3 2803 2779 2804
3 2803 328 2779
3 2804 2779 326
3 460 2805 2806
3 2805 2773 2806
3 2805 492 2773
3 2806 2773 409
3 333 2807 2809
3 2807 2808 2809
3 2807 334 2808
3 2809 2808 328
3 920 1413 2786
3 1413 2810 2786
3 1413 1099 2810
3 2786 2810 341
3 241 2811 2813
3 2811 2812 2813
3 2811 888 2812
3 2813 2812 193
3 498 1600 2241
3 1600 2814 2241
3 1600 1085 2814
3 2241 2814 362
3 317 2815 2817
3 2815 2816 2817
3 2815 318 2816
3 2817 2816 316
3 770 2818 1900
3 2818 2819 1900
3 2818 995 2819
3 1900 2819 831
3 992 2820 1423
3 2820 2821 1423
3 2820 1019 2821
3 1423 2821 78
3 0 2822 240
3 2822 2823 240
3 2822 988 2823
3 240 2823 239
3 486 2824 2465
3 2824 2825 2465
3 2824 514 2825
3 2465 2825 462
3 938 2826 2101
3 2826 2827 2101
3 2826 1168 2827
3 2101 2827 749
3 904 2828 2616
3 2828 2829 2616
3 2828 1096 2829
3 2616 2829 712
3 279 2830 2334
3 2830 2831 2334
3 2830 281 2831
3 2334 2831 280
3 418 2800 2832
3 2800 1899 2832
3 2800 877 1899
3 2832 1899 432
3 428 2628 2642
3 2628 2833 2642
3 2628 449 2833
3 2642 2833 354
3 315 2696 2835
3 2696 2834 2835
3 2696 886 2834
3 2835 2834 463
3 1015 2836 2240
3 2836 2383 2240
3 2836 1163 2383
3 2240 2383 789
3 365 2837 2838
3 2837 1715 2838
3 2837 833 1715
3 2838 1715 363
3 646 2839 1654
3 2839 2209 1654
3 2839 906 2209
3 1654 2209 802
3 704 2649 2840
3 2649 1649 2840
3 2649 928 1649
3 2840 1649 524
3 437 2554 2514
3 2554 2841 2514
3 2554 444 2841
3 2514 2841 436
3 353 2842 2464
3 2842 2843 2464
3 2842 608 2843
3 2464 2843 486
3 60 2262 194
3 2262 2813 194
3 2262 241 2813
3 194 2813 193
3 323 2765 2844
3 2765 2639 2844
3 2765 324 2639
3 2844 2639 321
3 638 2845 2847
3 2845 2846 2847
3 2845 820 2846
3 2847 2846 626
3 899 2848 2850
3 2848 2849 2850
3 2848 1029 2849
3 2850 2849 406
3 193 2812 192
3 2812 1786 192
3 2812 888 1786
3 192 1786 59
3 325 2851 2853
3 2851 2852 2853
3 2851 894 2852
3 2853 2852 346
3 859 1710 2399
3 1710 2854 2399
3 1710 1070 2854
3 2399 2854 429
3 287 2116 2856
3 2116 2855 2856
3 2116 953 2855
3 2856 2855 298
3 820 2329 2857
3 2329 2260 2857
3 2329 1185 2260
3 2857 2260 949
3 322 2802 2724
3 2802 2858 2724
3 2802 350 2858
3 2724 2858 320
3 551 1415 1500
3 1415 2859 1500
3 1415 572 2859
3 1500 2859 559
3 441 2860 2330
3 2860 2565 2330
3 2860 495 2565
3 2330 2565 468
3 310 2477 2861
3 2477 2527 2861
3 2477 876 2527
3 2861 2527 294
3 417 2752 2862
3 2752 2370 2862
3 2752 703 2370
3 2862 2370 352
3 601 2061 2864
3 2061 2863 2864
3 2061 636 2863
3 2864 2863 603
3 466 2865 2669
3 2865 2866 2669
3 2865 907 2866
3 2669 2866 679
3 827 2867 2679
3 2867 2868 2679
3 2867 916 2868
3 2679 2868 65
3 315 2835 2869
3 2835 2784 2869
3 2835 463 2784
3 2869 2784 317
3 471 2036 2870
3 2036 2521 2870
3 2036 864 2521
3 2870 2521 473
3 33 2871 1965
3 2871 2872 1965
3 2871 983 2872
3 1965 2872 531
3 418 2832 2597
3 2832 2873 2597
3 2832 432 2873
3 2597 2873 430
3 325 2874 2684
3 2874 2804 2684
3 2874 327 2804
3 2684 2804 326
3 0 1970 2822
3 1970 2095 2822
3 1970 1150 2095
3 2822 2095 988
3 514 2875 2825
3 2875 2876 2825
3 2875 529 2876
3 2825 2876 462
3 293 2391 2878
3 2391 2877 2878
3 2391 939 2877
3 2878 2877 458
3 643 1278 2880
3 1278 2879 2880
3 1278 681 2879
3 2880 2879 647
3 446 2881 2435
3 2881 2882 2435
3 2881 494 2882
3 2435 2882 444
3 520 2883 2884
3 2883 2581 2884
3 2883 880 2581
3 2884 2581 518
3 620 1476 2018
3 1476 2230 2018
3 1476 1075 2230
3 2018 2230 978
3 5 2146 83
3 2146 1536 83
3 2146 245 1536
3 83 1536 4
3 464 2885 2627
3 2885 2886 2627
3 2885 465 2886
3 2627 2886 449
3 679 2310 2670
3 2310 2887 2670
3 2310 697 2887
3 2670 2887 677
3 346 2888 2889
3 2888 2793 2889
3 2888 905 2793
3 2889 2793 327
3 460 2611 2891
3 2611 2890 2891
3 2611 925 2890
3 2891 2890 873
3 835 2892 1864
3 2892 2272 1864
3 2892 1050 2272
3 1864 2272 49
3 319 2741 2894
3 2741 2893 2894
3 2741 901 2893
3 2894 2893 323
3 608 2895 2843
3 2895 2896 2843
3 2895 609 2896
3 2843 2896 486
3 320 2897 2719
3 2897 2898 2719
3 2897 908 2898
3 2719 2898 318
3 673 2746 2899
3 2746 2658 2899
3 2746 674 2658
3 2899 2658 513
3 622 1761 2749
3 1761 2900 2749
3 1761 1198 2900
3 2749 2900 1038
3 695 2901 2903
3 2901 2902 2903
3 2901 838 2902
3 2903 2902 724
3 340 2443 2905
3 2443 2904 2905
3 2443 349 2904
3 2905 2904 329
3 323 2906 2764
3 2906 2851 2764
3 2906 894 2851
3 2764 2851 325
3 857 2596 2353
3 2596 2907 2353
3 2596 1060 2907
3 2353 2907 497
3 700 2908 2270
3 2908 2909 2270
3 2908 954 2909
3 2270 2909 953
3 347 2602 2910
3 2602 2778 2910
3 2602 884 2778
3 2910 2778 328
3 572 2911 2859
3 2911 1680 2859
3 2911 573 1680
3 2859 1680 559
3 314 2655 2913
3 2655 2912 2913
3 2655 413 2912
3 2913 2912 312
3 575 1315 2299
3 1315 2914 2299
3 1315 1048 2914
3 2299 2914 574
3 281 2915 2831
3 2915 2254 2831
3 2915 285 2254
3 2831 2254 280
3 316 2916 2917
3 2916 2653 2917
3 2916 889 2653
3 2917 2653 314
3 419 2918 2787
3 2918 2919 2787
3 2918 923 2919
3 2787 2919 874
3 515 2920 2503
3 2920 2563 2503
3 2920 753 2563
3 2503 2563 645
3 524 1356 2922
3 1356 2921 2922
3 1356 784 2921
3 2922 2921 523
3 728 1264 2923
3 1264 2348 2923
3 1264 780 2348
3 2923 2348 584
3 820 2857 2846
3 2857 2924 2846
3 2857 949 2924
3 2846 2924 626
3 465 2925 2926
3 2925 2922 2926
3 2925 524 2922
3 2926 2922 523
3 416 2758 2927
3 2758 2862 2927
3 2758 417 2862
3 2927 2862 352
3 243 2928 1696
3 2928 1990 1696
3 2928 1068 1990
3 1696 1990 1044
3 451 2420 2791
3 2420 2929 2791
3 2420 675 2929
3 2791 2929 615
3 436 2930 2157
3 2930 2931 2157
3 2930 466 2931
3 2157 2931 435
3 612 2932 2934
3 2932 2933 2934
3 2932 1112 2933
3 2934 2933 720
3 334 2756 2808
3 2756 2910 2808
3 2756 347 2910
3 2808 2910 328
3 703 2935 2593
3 2935 1854 2593
3 2935 963 1854
3 2593 1854 885
3 858 2936 2398
3 2936 2620 2398
3 2936 878 2620
3 2398 2620 859
3 768 2190 2937
3 2190 2121 2937
3 2190 1201 2121
3 2937 2121 1130
3 397 2938 2162
3 2938 2939 2162
3 2938 968 2939
3 2162 2939 20
3 474 2940 2942
3 2940 2941 2942
3 2940 668 2941
3 2942 2941 491
3 475 2943 2494
3 2943 2944 2494
3 2943 497 2944
3 2494 2944 487
3 672 2945 2947
3 2945 2946 2947
3 2945 899 2946
3 2947 2946 824
3 804 2332 2344
3 2332 2011 2344
3 2332 895 2011
3 2344 2011 537
3 803 1650 2949
3 1650 2948 2949
3 1650 928 2948
3 2949 2948 669
3 309 2950 2951
3 2950 2861 2951
3 2950 310 2861
3 2951 2861 294
3 474 2952 2940
3 2952 2953 2940
3 2952 902 2953
3 2940 2953 668
3 8 2954 88
3 2954 2955 88
3 2954 759 2955
3 88 2955 87
3 482 2556 2663
3 2556 2956 2663
3 2556 616 2956
3 2663 2956 337
3 333 2794 2958
3 2794 2957 2958
3 2794 905 2957
3 2958 2957 416
3 317 2742 2815
3 2742 2720 2815
3 2742 319 2720
3 2815 2720 318
3 641 2959 2960
3 2959 1957 2960
3 2959 670 1957
3 2960 1957 640
3 592 2961 2963
3 2961 2962 2963
3 2961 1057 2962
3 2963 2962 752
3 21 2964 111
3 2964 2965 111
3 2964 925 2965
3 111 2965 110
3 777 1725 2966
3 1725 1774 2966
3 1725 1113 1774
3 2966 1774 931
3 647 2967 2969
3 2967 2968 2969
3 2967 648 2968
3 2969 2968 521
3 197 2970 196
3 2970 2971 196
3 2970 499 2971
3 196 2971 61
3 917 2972 2180
3 2972 2973 2180
3 2972 981 2973
3 2180 2973 284
3 517 2974 2975
3 2974 2630 2975
3 2974 518 2630
3 2975 2630 457
3 384 2309 2976
3 2309 1239 2976
3 2309 805 1239
3 2976 1239 386
3 253 2977 2118
3 2977 2471 2118
3 2977 256 2471
3 2118 2471 255
3 42 2150 1888
3 2150 2978 1888
3 2150 1155 2978
3 1888 2978 847
3 695 2979 1584
3 2979 2980 1584
3 2979 696 2980
3 1584 2980 694
3 519 2981 2982
3 2981 2884 2982
3 2981 520 2884
3 2982 2884 518
3 564 2983 1516
3 2983 2984 1516
3 2983 1055 2984
3 1516 2984 853
3 520 2985 2883
3 2985 2986 2883
3 2985 882 2986
3 2883 2986 880
3 643 2880 2987
3 2880 2969 2987
3 2880 647 2969
3 2987 2969 521
3 325 2853 2874
3 2853 2889 2874
3 2853 346 2889
3 2874 2889 327
3 631 2988 2692
3 2988 2989 2692
3 2988 909 2989
3 2692 2989 630
3 647 2990 2967
3 2990 2991 2967
3 2990 723 2991
3 2967 2991 648
3 538 2992 1672
3 2992 1518 1672
3 2992 564 1518
3 1672 1518 536
3 321 2638 2723
3 2638 2993 2723
3 2638 872 2993
3 2723 2993 322
3 519 1932 2994
3 1932 2987 2994
3 1932 643 2987
3 2994 2987 521
3 576 2995 2996
3 2995 2512 2996
3 2995 577 2512
3 2996 2512 561
3 6 2997 1903
3 2997 2998 1903
3 2997 1142 2998
3 1903 2998 763
3 549 2999 3000
3 2999 2279 3000
3 2999 552 2279
3 3000 2279 543
3 519 2994 2981
3 2994 3001 2981
3 2994 521 3001
3 2981 3001 520
3 517 1342 2974
3 1342 2982 2974
3 1342 519 2982
3 2974 2982 518
3 269 3002 3003
3 3002 1487 3003
3 3002 1125 1487
3 3003 1487 267
3 477 3004 2782
3 3004 3005 2782
3 3004 923 3005
3 2782 3005 431
3 322 2993 2667
3 2993 1918 2667
3 2993 872 1918
3 2667 1918 402
3 437 3006 2553
3 3006 2544 2553
3 3006 900 2544
3 2553 2544 445
3 764 3007 3008
3 3007 2892 3008
3 3007 1050 2892
3 3008 2892 835
3 478 2693 2632
3 2693 3009 2632
3 2693 630 3009
3 2632 3009 477
3 701 1261 3010
3 1261 2972 3010
3 1261 981 2972
3 3010 2972 917
3 794 3011 1841
3 3011 1245 1841
3 3011 1064 1245
3 1841 1245 297
3 716 3012 2641
3 3012 3013 2641
3 3012 977 3013
3 2641 3013 717
3 327 2795 2803
3 2795 2809 2803
3 2795 333 2809
3 2803 2809 328
3 452 2560 3015
3 2560 3014 3015
3 2560 527 3014
3 3015 3014 273
3 953 2909 3017
3 2909 3016 3017
3 2909 954 3016
3 3017 3016 482
3 315 2869 3018
3 2869 2817 3018
3 2869 317 2817
3 3018 2817 316
3 465 2926 2886
3 2926 3019 2886
3 2926 523 3019
3 2886 3019 449
3 813 3020 1997
3 3020 1249 1997
3 3020 935 1249
3 1997 1249 52
3 739 1509 3021
3 1509 1503 3021
3 1509 1131 1503
3 3021 1503 740
3 913 2002 2476
3 2002 3022 2476
3 2002 1146 3022
3 2476 3022 876
3 531 2872 1707
3 2872 3023 1707
3 2872 983 3023
3 1707 3023 818
3 523 3024 3019
3 3024 3025 3019
3 3024 893 3025
3 3019 3025 449
3 384 3026 2153
3 3026 3027 2153
3 3026 385 3027
3 2153 3027 383
3 526 3028 2774
3 3028 3029 2774
3 3028 690 3029
3 2774 3029 646
3 34 3030 144
3 3030 3031 144
3 3030 273 3031
3 144 3031 143
3 458 3032 3034
3 3032 3033 3034
3 3032 844 3033
3 3034 3033 659
3 648 3035 3037
3 3035 3036 3037
3 3035 898 3036
3 3037 3036 897
3 318 3038 2816
3 3038 3039 2816
3 3038 401 3039
3 2816 3039 316
3 648 3037 2968
3 3037 3040 2968
3 3037 897 3040
3 2968 3040 521
3 485 1698 3041
3 1698 2416 3041
3 1698 692 2416
3 3041 2416 411
3 333 3042 2807
3 3042 2526 2807
3 3042 352 2526
3 2807 2526 334
3 748 3043 3044
3 3043 3004 3044
3 3043 923 3004
3 3044 3004 477
3 47 3045 169
3 3045 3046 169
3 3045 792 3046
3 169 3046 168
3 413 3047 2912
3 3047 3048 2912
3 3047 919 3048
3 2912 3048 312
3 521 3040 3001
3 3040 3049 3001
3 3040 897 3049
3 3001 3049 520
3 351 2139 2801
3 2139 3050 2801
3 2139 400 3050
3 2801 3050 350
3 513 3051 2732
3 3051 1494 2732
3 3051 975 1494
3 2732 1494 450
3 436 3052 2930
3 3052 2865 2930
3 3052 907 2865
3 2930 2865 466
3 434 2474 2768
3 2474 3053 2768
3 2474 860 3053
3 2768 3053 858
3 444 3054 2841
3 3054 3052 2841
3 3054 907 3052
3 2841 3052 436
3 512 3055 2731
3 3055 2899 2731
3 3055 673 2899
3 2731 2899 513
3 827 3056 2867
3 3056 3057 2867
3 3056 1030 3057
3 2867 3057 916
3 860 1440 3053
3 1440 2936 3053
3 1440 878 2936
3 3053 2936 858
3 460 2891 3059
3 2891 3058 3059
3 2891 873 3058
3 3059 3058 493
3 367 3060 1540
3 3060 2019 1540
3 3060 867 2019
3 1540 2019 364
3 319 3061 2718
3 3061 2725 2718
3 3061 321 2725
3 2718 2725 320
3 784 2333 2921
3 2333 3062 2921
3 2333 851 3062
3 2921 3062 523
3 354 3063 2766
3 3063 2600 2766
3 3063 893 2600
3 2766 2600 347
3 350 3064 2858
3 3064 2897 2858
3 3064 908 2897
3 2858 2897 320
3 449 3025 2833
3 3025 3063 2833
3 3025 893 3063
3 2833 3063 354
3 684 2540 2603
3 2540 3065 2603
3 2540 765 3065
3 2603 3065 683
3 22 1543 114
3 1543 3066 114
3 1543 660 3066
3 114 3066 113
3 457 2379 2760
3 2379 3067 2760
3 2379 892 3067
3 2760 3067 414
3 597 2073 3069
3 2073 3068 3069
3 2073 727 3068
3 3069 3068 599
3 333 2958 3042
3 2958 2927 3042
3 2958 416 2927
3 3042 2927 352
3 318 2898 3038
3 2898 3070 3038
3 2898 908 3070
3 3038 3070 401
3 520 3049 2985
3 3049 3071 2985
3 3049 897 3071
3 2985 3071 882
3 266 3072 3074
3 3072 3073 3074
3 3072 267 3073
3 3074 3073 265
3 441 3075 2860
3 3075 1741 2860
3 3075 892 1741
3 2860 1741 495
3 1035 3076 3078
3 3076 3077 3078
3 3076 1111 3077
3 3078 3077 750
3 1097 3079 3081
3 3079 3080 3081
3 3079 1136 3080
3 3081 3080 746
3 454 3082 3083
3 3082 2312 3083
3 3082 819 2312
3 3083 2312 715
3 754 3084 2562
3 3084 2264 2562
3 3084 929 2264
3 2562 2264 645
3 414 3067 2323
3 3067 3075 2323
3 3067 892 3075
3 2323 3075 441
3 343 3085 3087
3 3085 3086 3087
3 3085 454 3086
3 3087 3086 426
3 499 3088 2971
3 3088 1747 2971
3 3088 789 1747
3 2971 1747 61
3 1060 2384 2907
3 2384 3089 2907
3 2384 1163 3089
3 2907 3089 497
3 627 3090 3092
3 3090 3091 3092
3 3090 778 3091
3 3092 3091 669
3 12 3093 3094
3 3093 2828 3094
3 3093 1096 2828
3 3094 2828 904
3 607 3095 2008
3 3095 3096 2008
3 3095 817 3096
3 2008 3096 816
3 672 3097 2945
3 3097 3098 2945
3 3097 967 3098
3 2945 3098 899
3 408 1653 2759
3 1653 2975 2759
3 1653 517 2975
3 2759 2975 457
3 447 3099 2293
3 3099 1724 2293
3 3099 1113 1724
3 2293 1724 446
3 612 2934 3100
3 2934 1551 3100
3 2934 720 1551
3 3100 1551 719
3 440 3101 3103
3 3101 3102 3103
3 3101 627 3102
3 3103 3102 507
3 487 2591 2495
3 2591 3104 2495
3 2591 1144 3104
3 2495 3104 476
3 750 3077 2340
3 3077 3105 2340
3 3077 1111 3105
3 2340 3105 1007
3 69 3106 1778
3 3106 3107 1778
3 3106 1036 3107
3 1778 3107 353
3 778 1512 3091
3 1512 2949 3091
3 1512 803 2949
3 3091 2949 669
3 323 2893 2906
3 2893 3108 2906
3 2893 901 3108
3 2906 3108 894
3 12 3094 96
3 3094 1667 96
3 3094 904 1667
3 96 1667 11
3 315 3018 3109
3 3018 2917 3109
3 3018 316 2917
3 3109 2917 314
3 312 3048 3110
3 3048 2711 3110
3 3048 919 2711
3 3110 2711 306
3 627 3092 3102
3 3092 3111 3102
3 3092 669 3111
3 3102 3111 507
3 242 3112 1546
3 3112 1810 1546
3 3112 829 1810
3 1546 1810 190
3 68 1878 2621
3 1878 1493 2621
3 1878 790 1493
3 2621 1493 356
3 197 3113 2970
3 3113 1949 2970
3 3113 926 1949
3 2970 1949 499
3 349 1913 2904
3 1913 2797 2904
3 1913 913 2797
3 2904 2797 329
3 464 3114 2885
3 3114 3115 2885
3 3114 910 3115
3 2885 3115 465
3 34 3116 3030
3 3116 3015 3030
3 3116 452 3015
3 3030 3015 273
3 460 3059 2805
3 3059 2789 2805
3 3059 493 2789
3 2805 2789 492
3 799 1751 3117
3 1751 1993 3117
3 1751 1107 1993
3 3117 1993 932
3 384 2976 3026
3 2976 3118 3026
3 2976 386 3118
3 3026 3118 385
3 493 3119 2788
3 3119 2775 2788
3 3119 526 2775
3 2788 2775 525
3 416 2957 2799
3 2957 3120 2799
3 2957 905 3120
3 2799 3120 877
3 668 2617 2941
3 2617 3121 2941
3 2617 712 3121
3 2941 3121 491
3 529 3122 2876
3 3122 3123 2876
3 3122 938 3123
3 2876 3123 462
3 401 3124 3039
3 3124 2916 3039
3 3124 889 2916
3 3039 2916 316
3 348 2716 2707
3 2716 2517 2707
3 2716 866 2517
3 2707 2517 434
3 697 3125 2887
3 3125 3126 2887
3 3125 890 3126
3 2887 3126 677
3 671 3127 3129
3 3127 3128 3129
3 3127 825 3128
3 3129 3128 670
3 974 3130 2314
3 3130 3131 2314
3 3130 1092 3131
3 2314 3131 644
3 948 2567 3133
3 2567 3132 3133
3 2567 1080 3132
3 3133 3132 305
3 576 3134 2995
3 3134 3135 2995
3 3134 649 3135
3 2995 3135 577
3 851 2609 3062
3 2609 3024 3062
3 2609 893 3024
3 3062 3024 523
3 630 3136 3138
3 3136 3137 3138
3 3136 749 3137
3 3138 3137 748
3 227 3139 226
3 3139 3140 226
3 3139 338 3140
3 226 3140 71
3 431 3005 2534
3 3005 2918 2534
3 3005 923 2918
3 2534 2918 419
3 562 1411 3142
3 1411 3141 3142
3 1411 570 3141
3 3142 3141 563
3 598 3143 3145
3 3143 3144 3145
3 3143 1209 3144
3 3145 3144 1037
3 319 2894 3061
3 2894 2844 3061
3 2894 323 2844
3 3061 2844 321
3 875 2645 2320
3 2645 3146 2320
3 2645 964 3146
3 2320 3146 274
3 284 2973 1861
3 2973 2296 1861
3 2973 981 2296
3 1861 2296 257
3 876 3147 2528
3 3147 3148 2528
3 3147 956 3148
3 2528 3148 283
3 591 3149 2492
3 3149 3150 2492
3 3149 701 3150
3 2492 3150 666
3 110 2965 2404
3 2965 2610 2404
3 2965 925 2610
3 2404 2610 295
3 469 2762 2228
3 2762 3151 2228
3 2762 470 3151
3 2228 3151 442
3 454 3152 3082
3 3152 3153 3082
3 3152 952 3153
3 3082 3153 819
3 306 2713 3155
3 2713 3154 3155
3 2713 341 3154
3 3155 3154 302
3 787 3156 1959
3 3156 3157 1959
3 3156 1129 3157
3 1959 3157 254
3 307 3158 3159
3 3158 2754 3159
3 3158 339 2754
3 3159 2754 313
3 986 3160 3162
3 3160 3161 3162
3 3160 1066 3161
3 3162 3161 693
3 825 1989 3163
3 1989 2050 3163
3 1989 1165 2050
3 3163 2050 958
3 894 1784 2852
3 1784 3164 2852
3 1784 945 3164
3 2852 3164 346
3 822 2459 2331
3 2459 3165 2331
3 2459 1100 3165
3 2331 3165 895
3 20 2939 108
3 2939 1295 108
3 2939 968 1295
3 108 1295 19
3 9 3166 91
3 3166 3167 91
3 3166 902 3167
3 91 3167 90
3 721 2371 3169
3 2371 3168 3169
3 2371 1122 3168
3 3169 3168 844
3 215 3170 214
3 3170 1744 214
3 3170 984 1744
3 214 1744 213
3 918 3171 3172
3 3171 2235 3172
3 3171 1086 2235
3 3172 2235 707
3 699 3173 3175
3 3173 3174 3175
3 3173 725 3174
3 3175 3174 690
3 553 3176 3177
3 3176 2040 3177
3 3176 555 2040
3 3177 2040 552
3 690 3178 3029
3 3178 2839 3029
3 3178 906 2839
3 3029 2839 646
3 865 3179 1790
3 3179 2736 1790
3 3179 1041 2736
3 1790 2736 224
3 62 2148 198
3 2148 3113 198
3 2148 926 3113
3 198 3113 197
3 706 3180 2478
3 3180 3181 2478
3 3180 707 3181
3 2478 3181 527
3 928 2648 3183
3 2648 3182 3183
3 2648 1004 3182
3 3183 3182 714
3 723 3184 2991
3 3184 3185 2991
3 3184 945 3185
3 2991 3185 648
3 711 3186 2623
3 3186 2446 2623
3 3186 821 2446
3 2623 2446 800
3 647 3187 2990
3 3187 1426 2990
3 3187 950 1426
3 2990 1426 723
3 695 2903 2979
3 2903 3188 2979
3 2903 724 3188
3 2979 3188 696
3 745 3189 1359
3 3189 3190 1359
3 3189 1171 3190
3 1359 3190 783
3 448 2595 2608
3 2595 1853 2608
3 2595 663 1853
3 2608 1853 505
3 440 3103 3192
3 3103 3191 3192
3 3103 507 3191
3 3192 3191 506
3 16 3193 102
3 3193 2666 102
3 3193 746 2666
3 102 2666 101
3 313 2697 3194
3 2697 3109 3194
3 2697 315 3109
3 3194 3109 314
3 361 3195 1670
3 3195 2838 1670
3 3195 365 2838
3 1670 2838 363
3 362 2814 1578
3 2814 1921 1578
3 2814 1085 1921
3 1578 1921 359
3 471 2870 2761
3 2870 3196 2761
3 2870 473 3196
3 2761 3196 470
3 1109 3197 3199
3 3197 3198 3199
3 3197 1187 3198
3 3199 3198 788
3 528 2613 2303
3 2613 2360 2303
3 2613 955 2360
3 2303 2360 771
3 42 1890 160
3 1890 3200 160
3 1890 764 3200
3 160 3200 159
3 577 3201 2511
3 3201 2960 2511
3 3201 641 2960
3 2511 2960 640
3 642 3202 1474
3 3202 1925 1474
3 3202 973 1925
3 1474 1925 73
3 290 3203 3204
3 3203 2531 3204
3 3203 398 2531
3 3204 2531 286
3 668 3205 2615
3 3205 2501 2615
3 3205 1207 2501
3 2615 2501 904
3 674 3206 2656
3 3206 3207 2656
3 3206 1174 3207
3 2656 3207 744
3 90 3208 89
3 3208 3209 89
3 3208 330 3209
3 89 3209 8
3 539 2025 1859
3 2025 2745 1859
3 2025 542 2745
3 1859 2745 541
3 993 3210 3211
3 3210 2092 3211
3 3210 1152 2092
3 3211 2092 480
3 657 3212 3214
3 3212 3213 3214
3 3212 1038 3213
3 3214 3213 737
3 929 3215 2265
3 3215 2569 2265
3 3215 1134 2569
3 2265 2569 848
3 630 3138 3009
3 3138 3044 3009
3 3138 748 3044
3 3009 3044 477
3 268 3216 3217
3 3216 3003 3217
3 3216 269 3003
3 3217 3003 267
3 296 3218 3220
3 3218 3219 3220
3 3218 702 3219
3 3220 3219 665
3 358 3221 2048
3 3221 2386 2048
3 3221 360 2386
3 2048 2386 359
3 661 3222 3223
3 3222 3064 3223
3 3222 908 3064
3 3223 3064 350
3 534 3224 2126
3 3224 2996 2126
3 3224 576 2996
3 2126 2996 561
3 997 3225 1301
3 3225 3226 1301
3 3225 1156 3226
3 1301 3226 730
3 677 3126 3227
3 3126 1897 3227
3 3126 890 1897
3 3227 1897 678
3 301 3228 3230
3 3228 3229 3230
3 3228 421 3229
3 3230 3229 303
3 400 3231 3050
3 3231 3223 3050
3 3231 661 3223
3 3050 3223 350
3 1037 3144 3232
3 3144 2207 3232
3 3144 1209 2207
3 3232 2207 815
3 432 3233 2873
3 3233 3234 2873
3 3233 979 3234
3 2873 3234 430
3 287 2856 3236
3 2856 3235 3236
3 2856 298 3235
3 3236 3235 291
3 742 3237 3239
3 3237 3238 3239
3 3237 777 3238
3 3239 3238 522
3 919 3240 2785
3 3240 2259 2785
3 3240 921 2259
3 2785 2259 920
3 72 1455 228
3 1455 3241 228
3 1455 903 3241
3 228 3241 227
3 916 3057 3243
3 3057 3242 3243
3 3057 1030 3242
3 3243 3242 702
3 289 3244 1856
3 3244 2640 1856
3 3244 1140 2640
3 1856 2640 218
3 937 1999 3245
3 1999 1547 3245
3 1999 1090 1547
3 3245 1547 339
3 204 3246 203
3 3246 3247 203
3 3246 296 3247
3 203 3247 64
3 65 2868 205
3 2868 3248 205
3 2868 916 3248
3 205 3248 204
3 980 1597 1866
3 1597 3249 1866
3 1597 1056 3249
3 1866 3249 752
3 483 3250 3251
3 3250 2599 3251
3 3250 484 2599
3 3251 2599 398
3 338 3252 3254
3 3252 3253 3254
3 3252 685 3253
3 3254 3253 611
3 871 3255 2672
3 3255 3114 2672
3 3255 910 3114
3 2672 3114 464
3 760 3256 2688
3 3256 3257 2688
3 3256 1169 3257
3 2688 3257 1032
3 298 2664 3259
3 2664 3258 3259
3 2664 337 3258
3 3259 3258 299
3 46 3260 166
3 3260 3261 166
3 3260 1072 3261
3 166 3261 45
3 630 2989 3136
3 2989 1401 3136
3 2989 909 1401
3 3136 1401 749
3 879 2482 2619
3 2482 1711 2619
3 2482 970 1711
3 2619 1711 859
3 371 1975 3263
3 1975 3262 3263
3 1975 373 3262
3 3263 3262 372
3 568 3264 3265
3 3264 2160 3265
3 3264 580 2160
3 3265 2160 566
3 466 2671 3267
3 2671 3266 3267
3 2671 677 3266
3 3267 3266 676
3 672 2947 3268
3 2947 2411 3268
3 2947 824 2411
3 3268 2411 757
3 298 2855 2662
3 2855 3017 2662
3 2855 953 3017
3 2662 3017 482
3 984 2113 1905
3 2113 1985 1905
3 2113 1049 1985
3 1905 1985 828
3 788 3269 3270
3 3269 1883 3270
3 3269 812 1883
3 3270 1883 613
3 873 1537 3058
3 1537 3271 3058
3 1537 924 3271
3 3058 3271 493
3 270 3272 3273
3 3272 2347 3273
3 3272 272 2347
3 3273 2347 269
3 1118 3274 2374
3 3274 3275 2374
3 3274 1193 3275
3 2374 3275 865
3 556 3276 3278
3 3276 3277 3278
3 3276 557 3277
3 3278 3277 555
3 680 3279 3281
3 3279 3280 3281
3 3279 1009 3280
3 3281 3280 960
3 698 3282 3283
3 3282 2449 3283
3 3282 972 2449
3 3283 2449 29
3 585 3284 3285
3 3284 2923 3285
3 3284 728 2923
3 3285 2923 584
3 254 3286 2085
3 3286 2505 2085
3 3286 811 2505
3 2085 2505 250
3 701 3010 3150
3 3010 3287 3150
3 3010 917 3287
3 3150 3287 666
3 462 3123 2277
3 3123 3288 2277
3 3123 938 3288
3 2277 3288 289
3 494 3289 2882
3 3289 3054 2882
3 3289 907 3054
3 2882 3054 444
3 666 3287 2233
3 3287 1814 2233
3 3287 917 1814
3 2233 1814 797
3 499 2213 3088
3 2213 2238 3088
3 2213 1158 2238
3 3088 2238 789
3 835 1863 2283
3 1863 3290 2283
3 1863 966 3290
3 2283 3290 41
3 282 3291 3293
3 3291 3292 3293
3 3291 283 3292
3 3293 3292 281
3 614 2408 3294
3 2408 3199 3294
3 2408 1109 3199
3 3294 3199 788
3 555 3295 2038
3 3295 3296 2038
3 3295 1108 3296
3 2038 3296 567
3 855 3297 2194
3 3297 1987 2194
3 3297 957 1987
3 2194 1987 187
3 458 2877 3032
3 2877 3298 3032
3 2877 939 3298
3 3032 3298 844
3 565 3299 3301
3 3299 3300 3301
3 3299 566 3300
3 3301 3300 557
3 487 3302 2592
3 3302 3303 2592
3 3302 1015 3303
3 2592 3303 845
3 271 3304 3305
3 3304 2271 3305
3 3304 700 2271
3 3305 2271 275
3 972 3306 3308
3 3306 3307 3308
3 3306 1105 3307
3 3308 3307 1024
3 731 3309 3311
3 3309 3310 3311
3 3309 732 3310
3 3311 3310 729
3 256 3312 2470
3 3312 2542 2470
3 3312 258 2542
3 2470 2542 257
3 754 3313 1827
3 3313 3314 1827
3 3313 1137 3314
3 1827 3314 954
3 1034 3315 1482
3 3315 3316 1482
3 3315 1194 3316
3 1482 3316 817
3 295 2612 2763
3 2612 2806 2763
3 2612 460 2806
3 2763 2806 409
3 592 2963 3318
3 2963 3317 3318
3 2963 752 3317
3 3318 3317 751
3 245 3319 2342
3 3319 3320 2342
3 3319 1004 3320
3 2342 3320 911
3 424 3321 2703
3 3321 3322 2703
3 3321 918 3322
3 2703 3322 425
3 440 3192 3324
3 3192 3323 3324
3 3192 506 3323
3 3324 3323 407
3 474 2942 3326
3 2942 3325 3326
3 2942 491 3325
3 3326 3325 490
3 735 3327 3329
3 3327 3328 3329
3 3327 932 3328
3 3329 3328 733
3 330 3330 3332
3 3330 3331 3332
3 3330 474 3331
3 3332 3331 342
3 423 2728 2519
3 2728 3333 2519
3 2728 747 3333
3 2519 3333 28
3 93 3334 92
3 3334 3335 92
3 3334 772 3335
3 92 3335 9
3 506 2193 3323
3 2193 3336 3323
3 2193 1081 3336
3 3323 3336 407
3 465 3337 2925
3 3337 2840 2925
3 3337 704 2840
3 2925 2840 524
3 799 3338 1479
3 3338 2796 1479
3 3338 1128 2796
3 1479 2796 623
3 258 3339 2541
3 3339 2683 2541
3 3339 260 2683
3 2541 2683 259
3 454 3340 3086
3 3340 3341 3086
3 3340 455 3341
3 3086 3341 426
3 881 2243 2429
3 2243 3342 2429
3 2243 1164 3342
3 2429 3342 883
3 996 1383 3344
3 1383 3343 3344
3 1383 1026 3343
3 3344 3343 578
3 994 3345 3346
3 3345 3011 3346
3 3345 1064 3011
3 3346 3011 794
3 475 3347 2943
3 3347 2351 2943
3 3347 979 2351
3 2943 2351 497
3 345 3348 3349
3 3348 2678 3349
3 3348 399 2678
3 3349 2678 340
3 889 1629 2654
3 1629 3350 2654
3 1629 1117 3350
3 2654 3350 413
3 883 3342 3352
3 3342 3351 3352
3 3342 1164 3351
3 3352 3351 1009
3 481 2584 3354
3 2584 3353 3354
3 2584 612 3353
3 3354 3353 595
3 665 3355 3357
3 3355 3356 3357
3 3355 845 3356
3 3357 3356 722
3 732 3358 3310
3 3358 3359 3310
3 3358 985 3359
3 3310 3359 729
3 264 3360 2776
3 3360 3074 2776
3 3360 266 3074
3 2776 3074 265
3 712 3361 3362
3 3361 2413 3362
3 3361 786 2413
3 3362 2413 785
3 262 3363 2738
3 3363 2777 2738
3 3363 264 2777
3 2738 2777 263
3 681 3364 2879
3 3364 3187 2879
3 3364 950 3187
3 2879 3187 647
3 311 3365 3366
3 3365 2798 3366
3 3365 329 2798
3 3366 2798 310
3 635 3367 3368
3 3367 2577 3368
3 3367 667 2577
3 3368 2577 581
3 271 3369 3304
3 3369 3370 3304
3 3369 1001 3370
3 3304 3370 700
3 507 3371 3191
3 3371 3372 3191
3 3371 942 3372
3 3191 3372 506
3 503 2533 3374
3 2533 3373 3374
3 2533 688 3373
3 3374 3373 687
3 308 3375 3376
3 3375 2951 3376
3 3375 309 2951
3 3376 2951 294
3 126 2450 2730
3 2450 3377 2730
3 2450 972 3377
3 2730 3377 344
3 330 3378 3209
3 3378 3379 3209
3 3378 331 3379
3 3209 3379 8
3 825 3163 3128
3 3163 1552 3128
3 3163 958 1552
3 3128 1552 670
3 648 3185 3035
3 3185 1783 3035
3 3185 945 1783
3 3035 1783 898
3 558 2606 1562
3 2606 3380 1562
3 2606 560 3380
3 1562 3380 550
3 47 2710 3045
3 2710 3381 3045
3 2710 847 3381
3 3045 3381 792
3 474 3326 3331
3 3326 3382 3331
3 3326 490 3382
3 3331 3382 342
3 712 3362 3121
3 3362 3383 3121
3 3362 785 3383
3 3121 3383 491
3 702 3384 3219
3 3384 3385 3219
3 3384 922 3385
3 3219 3385 665
3 874 2015 2751
3 2015 2935 2751
3 2015 963 2935
3 2751 2935 703
3 960 3280 3387
3 3280 3386 3387
3 3280 1009 3386
3 3387 3386 421
3 465 3115 3337
3 3115 3388 3337
3 3115 910 3388
3 3337 3388 704
3 298 3259 3235
3 3259 3389 3235
3 3259 299 3389
3 3235 3389 291
3 332 3390 3392
3 3390 3391 3392
3 3390 461 3391
3 3392 3391 345
3 526 3393 3028
3 3393 3175 3028
3 3393 699 3175
3 3028 3175 690
3 279 3394 2830
3 3394 3293 2830
3 3394 282 3293
3 2830 3293 281
3 309 3395 3397
3 3395 3396 3397
3 3395 336 3396
3 3397 3396 311
3 307 3398 3158
3 3398 3245 3158
3 3398 937 3245
3 3158 3245 339
3 615 3399 2792
3 3399 2938 2792
3 3399 968 2938
3 2792 2938 397
3 677 3227 3266
3 3227 3400 3266
3 3227 678 3400
3 3266 3400 676
3 756 3401 1348
3 3401 2588 1348
3 3401 1094 2588
3 1348 2588 930
3 251 3402 2387
3 3402 3403 2387
3 3402 292 3403
3 2387 3403 253
3 841 3404 1448
3 3404 1601 1448
3 3404 1061 1601
3 1448 1601 498
3 260 3405 2682
3 3405 2739 2682
3 3405 262 2739
3 2682 2739 261
3 669 2948 3406
3 2948 3183 3406
3 2948 928 3183
3 3406 3183 714
3 685 3407 3253
3 3407 3408 3253
3 3407 686 3408
3 3253 3408 611
3 915 3409 2362
3 3409 3410 2362
3 3409 991 3410
3 2362 3410 420
3 879 3411 2483
3 3411 3412 2483
3 3411 1126 3412
3 2483 3412 686
3 443 3413 2428
3 3413 2451 2428
3 3413 1162 2451
3 2428 2451 824
3 307 3159 3415
3 3159 3414 3415
3 3159 313 3414
3 3415 3414 312
3 798 3416 2572
3 3416 3417 2572
3 3416 1054 3417
3 2572 3417 423
3 887 3418 3419
3 3418 3160 3419
3 3418 1066 3160
3 3419 3160 986
3 777 2966 3238
3 2966 3420 3238
3 2966 931 3420
3 3238 3420 522
3 394 3421 1995
3 3421 3422 1995
3 3421 1046 3422
3 1995 3422 932
3 918 3423 3322
3 3423 3424 3322
3 3423 1067 3424
3 3322 3424 425
3 896 1717 2727
3 1717 1432 2727
3 1717 944 1432
3 2727 1432 747
3 227 3241 3139
3 3241 3425 3139
3 3241 903 3425
3 3139 3425 338
3 970 3426 1885
3 3426 3206 1885
3 3426 1174 3206
3 1885 3206 674
3 546 3427 3429
3 3427 3428 3429
3 3427 914 3428
3 3429 3428 547
3 413 3430 3047
3 3430 3240 3047
3 3430 921 3240
3 3047 3240 919
3 491 3431 3325
3 3431 3432 3325
3 3431 933 3432
3 3325 3432 490
3 143 3433 142
3 3433 2871 142
3 3433 983 2871
3 142 2871 33
3 368 3434 2217
3 3434 3435 2217
3 3434 1071 3435
3 2217 3435 375
3 268 3436 3216
3 3436 3273 3216
3 3436 270 3273
3 3216 3273 269
3 616 1276 2956
3 1276 3437 2956
3 1276 680 3437
3 2956 3437 337
3 426 3438 3439
3 3438 3324 3439
3 3438 440 3324
3 3439 3324 407
3 986 3440 3441
3 3440 1912 3441
3 3440 989 1912
3 3441 1912 349
3 454 3083 3340
3 3083 3442 3340
3 3083 715 3442
3 3340 3442 455
3 305 3132 1955
3 3132 2266 1955
3 3132 1080 2266
3 1955 2266 263
3 665 3385 3355
3 3385 3443 3355
3 3385 922 3443
3 3355 3443 845
3 578 3444 3445
3 3444 1689 3445
3 3444 579 1689
3 3445 1689 575
3 538 3446 2992
3 3446 3447 2992
3 3446 1082 3447
3 2992 3447 564
3 514 1855 2875
3 1855 2196 2875
3 1855 963 2196
3 2875 2196 529
3 908 3448 3070
3 3448 3449 3070
3 3448 951 3449
3 3070 3449 401
3 48 2273 172
3 2273 3450 172
3 2273 1050 3450
3 172 3450 171
3 313 3194 3414
3 3194 2913 3414
3 3194 314 2913
3 3414 2913 312
3 1002 3451 3452
3 3451 2928 3452
3 3451 1068 2928
3 3452 2928 243
3 483 3453 3250
3 3453 3454 3250
3 3453 522 3454
3 3250 3454 484
3 840 3455 3457
3 3455 3456 3457
3 3455 1181 3456
3 3457 3456 455
3 293 3458 3459
3 3458 2529 3459
3 3458 294 2529
3 3459 2529 283
3 422 3460 3462
3 3460 3461 3462
3 3460 481 3461
3 3462 3461 479
3 332 3463 3464
3 3463 2905 3464
3 3463 340 2905
3 3464 2905 329
3 641 3465 3467
3 3465 3466 3467
3 3465 672 3466
3 3467 3466 671
3 496 3468 2489
3 3468 2480 2489
3 3468 813 2480
3 2489 2480 246
3 423 3417 2726
3 3417 3469 2726
3 3417 1054 3469
3 2726 3469 896
3 609 1405 2896
3 1405 3470 2896
3 1405 1093 3470
3 2896 3470 486
3 450 1609 2219
3 1609 1969 2219
3 1609 1150 1969
3 2219 1969 1
3 439 2057 3472
3 2057 3471 3472
3 2057 503 3471
3 3472 3471 502
3 508 2143 1513
3 2143 3079 1513
3 2143 1136 3079
3 1513 3079 1097
3 290 3473 3203
3 3473 3251 3203
3 3473 483 3251
3 3203 3251 398
3 343 3087 3474
3 3087 3439 3474
3 3087 426 3439
3 3474 3439 407
3 342 3475 3477
3 3475 3476 3477
3 3475 343 3476
3 3477 3476 331
3 607 3478 3095
3 3478 1483 3095
3 3478 1020 1483
3 3095 1483 817
3 134 3479 133
3 3479 2575 133
3 3479 936 2575
3 133 2575 132
3 266 3480 3072
3 3480 3217 3072
3 3480 268 3217
3 3072 3217 267
3 134 3481 3479
3 3481 1762 3479
3 3481 1088 1762
3 3479 1762 936
3 483 3482 3453
3 3482 3483 3453
3 3482 741 3483
3 3453 3483 522
3 299 3484 3389
3 3484 3485 3389
3 3484 300 3485
3 3389 3485 291
3 168 3486 167
3 3486 3260 167
3 3486 1072 3260
3 167 3260 46
3 715 3487 3442
3 3487 3488 3442
3 3487 801 3488
3 3442 3488 455
3 254 3489 3286
3 3489 3490 3286
3 3489 976 3490
3 3286 3490 811
3 309 3397 2950
3 3397 3366 2950
3 3397 311 3366
3 2950 3366 310
3 239 2823 1288
3 2823 3491 1288
3 2823 988 3491
3 1288 3491 75
3 116 3492 2179
3 3492 3452 2179
3 3492 1002 3452
3 2179 3452 243
3 241 2247 2811
3 2247 1524 2811
3 2247 969 1524
3 2811 1524 888
3 303 3493 3495
3 3493 3494 3495
3 3493 307 3494
3 3495 3494 306
3 744 3496 2657
3 3496 3051 2657
3 3496 975 3051
3 2657 3051 513
3 90 3167 3208
3 3167 3497 3208
3 3167 902 3497
3 3208 3497 330
3 675 3498 2929
3 3498 3499 2929
3 3498 726 3499
3 2929 3499 615
3 2 2461 2433
3 2461 3500 2433
3 2461 633 3500
3 2433 3500 512
3 488 3501 3503
3 3501 3502 3503
3 3501 634 3502
3 3503 3502 625
3 493 3271 3119
3 3271 3504 3119
3 3271 924 3504
3 3119 3504 526
3 737 3505 3507
3 3505 3506 3507
3 3505 809 3506
3 3507 3506 736
3 625 3508 3510
3 3508 3509 3510
3 3508 626 3509
3 3510 3509 489
3 480 3511 3512
3 3511 3321 3512
3 3511 918 3321
3 3512 3321 424
3 488 3513 3515
3 3513 3514 3515
3 3513 489 3514
3 3515 3514 360
3 421 3516 3229
3 3516 3517 3229
3 3516 937 3517
3 3229 3517 303
3 525 1353 2733
3 1353 3518 2733
3 1353 1172 3518
3 2733 3518 1052
3 659 3519 3520
3 3519 1443 3520
3 3519 774 1443
3 3520 1443 773
3 638 1425 2845
3 1425 2251 2845
3 1425 927 2251
3 2845 2251 820
3 891 1613 3521
3 1613 2643 3521
3 1613 1063 2643
3 3521 2643 709
3 753 1258 2561
3 1258 3313 2561
3 1258 1137 3313
3 2561 3313 754
3 649 3522 3135
3 3522 3523 3135
3 3522 967 3523
3 3135 3523 577
3 639 1718 2702
3 1718 3524 2702
3 1718 896 3524
3 2702 3524 711
3 842 3525 1458
3 3525 3526 1458
3 3525 1119 3526
3 1458 3526 106
3 330 3332 3378
3 3332 3477 3378
3 3332 342 3477
3 3378 3477 331
3 567 3296 3528
3 3296 3527 3528
3 3296 1108 3527
3 3528 3527 1042
3 887 3419 2442
3 3419 3441 2442
3 3419 986 3441
3 2442 3441 349
3 422 3529 3530
3 3529 2704 3530
3 3529 424 2704
3 3530 2704 399
3 287 3531 3532
3 3531 3204 3532
3 3531 290 3204
3 3532 3204 286
3 542 3533 2744
3 3533 3000 2744
3 3533 549 3000
3 2744 3000 543
3 204 3248 3246
3 3248 3534 3246
3 3248 916 3534
3 3246 3534 296
3 722 3535 3536
3 3535 1798 3536
3 3535 814 1798
3 3536 1798 664
3 844 3537 3169
3 3537 3538 3169
3 3537 1104 3538
3 3169 3538 721
3 307 3415 3494
3 3415 3110 3494
3 3415 312 3110
3 3494 3110 306
3 301 3230 3540
3 3230 3539 3540
3 3230 303 3539
3 3540 3539 302
3 466 3267 2931
3 3267 3541 2931
3 3267 676 3541
3 2931 3541 435
3 720 3542 1549
3 3542 1642 1549
3 3542 1105 1642
3 1549 1642 936
3 627 3543 3544
3 3543 3455 3544
3 3543 1181 3455
3 3544 3455 840
3 458 3034 3546
3 3034 3545 3546
3 3034 659 3545
3 3546 3545 459
3 287 3236 3531
3 3236 3547 3531
3 3236 291 3547
3 3531 3547 290
3 883 3352 2548
3 3352 3548 2548
3 3352 1009 3548
3 2548 3548 1008
3 669 3406 3111
3 3406 3549 3111
3 3406 714 3549
3 3111 3549 507
3 296 3534 3218
3 3534 3243 3218
3 3534 916 3243
3 3218 3243 702
3 901 3550 3108
3 3550 1886 3108
3 3550 1205 1886
3 3108 1886 894
3 741 3551 3483
3 3551 3239 3483
3 3551 742 3239
3 3483 3239 522
3 299 3552 3484
3 3552 3553 3484
3 3552 301 3553
3 3484 3553 300
3 479 3554 3555
3 3554 3512 3555
3 3554 480 3512
3 3555 3512 424
3 628 1587 3557
3 1587 3556 3557
3 1587 1200 3556
3 3557 3556 1012
3 508 1611 3558
3 1611 3093 3558
3 1611 1096 3093
3 3558 3093 12
3 1182 3559 2677
3 3559 2070 2677
3 3559 1183 2070
3 2677 2070 589
3 672 3268 3466
3 3268 3560 3466
3 3268 757 3560
3 3466 3560 671
3 301 3561 3228
3 3561 3387 3228
3 3561 960 3387
3 3228 3387 421
3 637 3562 3563
3 3562 2847 3563
3 3562 638 2847
3 3563 2847 626
3 272 3564 2538
3 3564 3565 2538
3 3564 500 3565
3 2538 3565 277
3 303 3495 3539
3 3495 3155 3539
3 3495 306 3155
3 3539 3155 302
3 516 3566 3567
3 3566 2103 3567
3 3566 1079 2103
3 3567 2103 24
3 371 3263 2336
3 3263 3568 2336
3 3263 372 3568
3 2336 3568 370
3 882 1548 2986
3 1548 3569 2986
3 1548 1090 3569
3 2986 3569 880
3 868 2199 2771
3 2199 3570 2771
3 2199 962 3570
3 2771 3570 515
3 430 3234 2523
3 3234 3347 2523
3 3234 979 3347
3 2523 3347 475
3 341 3571 3154
3 3571 3572 3154
3 3571 1058 3572
3 3154 3572 302
3 659 3520 3545
3 3520 3573 3545
3 3520 773 3573
3 3545 3573 459
3 1067 3574 3576
3 3574 3575 3576
3 3574 1089 3575
3 3576 3575 1066
3 641 3467 2959
3 3467 3129 2959
3 3467 671 3129
3 2959 3129 670
3 566 2637 3300
3 2637 3577 3300
3 2637 1196 3577
3 3300 3577 557
3 330 3497 3330
3 3497 2952 3330
3 3497 902 2952
3 3330 2952 474
3 912 3578 2026
3 3578 3579 2026
3 3578 1188 3579
3 2026 3579 650
3 941 2122 3581
3 2122 3580 3581
3 2122 1201 3580
3 3581 3580 717
3 547 3582 3583
3 3582 3232 3583
3 3582 1037 3232
3 3583 3232 815
3 338 3425 3252
3 3425 3584 3252
3 3425 903 3584
3 3252 3584 685
3 332 3392 3463
3 3392 3349 3463
3 3392 345 3349
3 3463 3349 340
3 301 3540 3553
3 3540 3585 3553
3 3540 302 3585
3 3553 3585 300
3 603 3586 3588
3 3586 3587 3588
3 3586 605 3587
3 3588 3587 604
3 522 3420 3454
3 3420 1371 3454
3 3420 931 1371
3 3454 1371 484
3 338 3589 3140
3 3589 3590 3140
3 3589 610 3590
3 3140 3590 71
3 923 3591 2919
3 3591 2013 2919
3 3591 1077 2013
3 2919 2013 874
3 838 3592 3594
3 3592 3593 3594
3 3592 1019 3593
3 3594 3593 1011
3 797 3595 2234
3 3595 2626 2234
3 3595 1153 2626
3 2234 2626 796
3 247 1777 2168
3 1777 3596 2168
3 1777 405 3596
3 2168 3596 249
3 717 3013 3581
3 3013 3597 3581
3 3013 977 3597
3 3581 3597 941
3 665 3357 3598
3 3357 3536 3598
3 3357 722 3536
3 3598 3536 664
3 442 3599 2245
3 3599 3600 2245
3 3599 1003 3600
3 2245 3600 415
3 34 1767 3116
3 1767 3601 3116
3 1767 891 3601
3 3116 3601 452
3 275 2117 3602
3 2117 3532 3602
3 2117 287 3532
3 3602 3532 286
3 338 3254 3589
3 3254 3603 3589
3 3254 611 3603
3 3589 3603 610
3 268 3604 3436
3 3604 3605 3436
3 3604 271 3605
3 3436 3605 270
3 488 3503 3513
3 3503 3510 3513
3 3503 625 3510
3 3513 3510 489
3 356 2114 2622
3 2114 3170 2622
3 2114 984 3170
3 2622 3170 215
3 587 3606 2694
3 3606 3607 2694
3 3606 713 3607
3 2694 3607 591
3 75 3491 2134
3 3491 2439 2134
3 3491 988 2439
3 2134 2439 530
3 785 2205 3383
3 2205 3431 3383
3 2205 933 3431
3 3383 3431 491
3 309 3608 3395
3 3608 1305 3395
3 3608 971 1305
3 3395 1305 336
3 661 1984 3222
3 1984 3448 3222
3 1984 951 3448
3 3222 3448 908
3 275 3602 3609
3 3602 2321 3609
3 3602 286 2321
3 3609 2321 274
3 899 3610 2946
3 3610 2426 2946
3 3610 1114 2426
3 2946 2426 824
3 415 3611 2215
3 3611 3112 2215
3 3611 829 3112
3 2215 3112 242
3 343 3612 3085
3 3612 3152 3085
3 3612 952 3152
3 3085 3152 454
3 273 3613 3031
3 3613 3433 3031
3 3613 983 3433
3 3031 3433 143
3 271 3614 3605
3 3614 3615 3605
3 3614 274 3615
3 3605 3615 270
3 641 3616 3465
3 3616 3097 3465
3 3616 967 3097
3 3465 3097 672
3 303 3517 3493
3 3517 3398 3493
3 3517 937 3398
3 3493 3398 307
3 941 3597 3618
3 3597 3617 3618
3 3597 977 3617
3 3618 3617 292
3 526 3504 3393
3 3504 3619 3393
3 3504 924 3619
3 3393 3619 699
3 972 3308 3377
3 3308 3620 3377
3 3308 1024 3620
3 3377 3620 344
3 390 3621 3623
3 3621 3622 3623
3 3621 394 3622
3 3623 3622 393
3 452 3601 2729
3 3601 3521 2729
3 3601 891 3521
3 2729 3521 709
3 910 3624 3388
3 3624 3625 3388
3 3624 911 3625
3 3388 3625 704
3 336 1364 3626
3 1364 2396 3626
3 1364 1087 2396
3 3626 2396 987
3 308 3627 3375
3 3627 3608 3375
3 3627 971 3608
3 3375 3608 309
3 809 3628 3506
3 3628 3629 3506
3 3628 992 3629
3 3506 3629 736
3 707 3630 3172
3 3630 3423 3172
3 3630 1067 3423
3 3172 3423 918
3 549 3631 2999
3 3631 3177 2999
3 3631 553 3177
3 2999 3177 552
3 296 3632 3247
3 3632 1519 3247
3 3632 664 1519
3 3247 1519 64
3 455 3633 3457
3 3633 2058 3457
3 3633 1145 2058
3 3457 2058 840
3 658 2468 3634
3 2468 3212 3634
3 2468 1038 3212
3 3634 3212 657
3 473 2604 3636
3 2604 3635 3636
3 2604 683 3635
3 3636 3635 682
3 637 3637 3562
3 3637 1351 3562
3 3637 693 1351
3 3562 1351 638
3 281 3638 2915
3 3638 3639 2915
3 3638 956 3639
3 2915 3639 285
3 778 3640 1312
3 3640 3641 1312
3 3640 1206 3641
3 1312 3641 779
3 311 3642 3365
3 3642 3464 3365
3 3642 332 3464
3 3365 3464 329
3 501 3643 3645
3 3643 3644 3645
3 3643 841 3644
3 3645 3644 438
3 361 3646 3195
3 3646 3647 3195
3 3646 1033 3647
3 3195 3647 365
3 977 1802 3617
3 1802 3648 3617
3 1802 1027 3648
3 3617 3648 292
3 515 3570 2920
3 3570 1336 2920
3 3570 962 1336
3 2920 1336 753
3 720 2933 3650
3 2933 3649 3650
3 2933 1112 3649
3 3650 3649 1024
3 388 3651 3653
3 3651 3652 3653
3 3651 943 3652
3 3653 3652 390
3 995 3654 2819
3 3654 3655 2819
3 3654 996 3655
3 2819 3655 831
3 725 1298 3174
3 1298 3656 3174
3 1298 1043 3656
3 3174 3656 690
3 849 1533 2532
3 1533 3657 2532
3 1533 947 3657
3 2532 3657 688
3 848 2570 2079
3 2570 3658 2079
3 2570 1110 3658
3 2079 3658 716
3 23 3659 117
3 3659 3492 117
3 3659 1002 3492
3 117 3492 116
3 621 1395 3661
3 1395 3660 3661
3 1395 869 3660
3 3661 3660 705
3 337 3662 3258
3 3662 3663 3258
3 3662 960 3663
3 3258 3663 299
3 283 3148 3292
3 3148 3638 3292
3 3148 956 3638
3 3292 3638 281
3 619 2689 2355
3 2689 2587 2355
3 2689 1032 2587
3 2355 2587 504
3 271 3305 3614
3 3305 3609 3614
3 3305 275 3609
3 3614 3609 274
3 345 3664 3348
3 3664 3530 3348
3 3664 422 3530
3 3348 3530 399
3 967 3665 3098
3 3665 2848 3098
3 3665 1029 2848
3 3098 2848 899
3 971 3666 1306
3 3666 3256 1306
3 3666 1169 3256
3 1306 3256 760
3 897 3667 3071
3 3667 2484 3071
3 3667 1021 2484
3 3071 2484 882
3 490 3668 3382
3 3668 3669 3382
3 3668 952 3669
3 3382 3669 342
3 481 3354 3461
3 3354 3670 3461
3 3354 595 3670
3 3461 3670 479
3 270 3671 3272
3 3671 3672 3272
3 3671 964 3672
3 3272 3672 272
3 343 3474 3476
3 3474 3673 3476
3 3474 407 3673
3 3476 3673 331
3 433 1952 3675
3 1952 3674 3675
3 1952 621 3674
3 3675 3674 510
3 296 3220 3632
3 3220 3598 3632
3 3220 665 3598
3 3632 3598 664
3 612 3100 3353
3 3100 3676 3353
3 3100 719 3676
3 3353 3676 595
3 905 3677 3120
3 3677 1909 3120
3 3677 1143 1909
3 3120 1909 877
3 808 2093 1603
3 2093 1849 1603
3 2093 1152 1849
3 1603 1849 807
3 577 3523 3201
3 3523 3616 3201
3 3523 967 3616
3 3201 3616 641
3 282 2392 3291
3 2392 3459 3291
3 2392 293 3459
3 3291 3459 283
3 221 3678 220
3 3678 3106 220
3 3678 1036 3106
3 220 3106 69
3 282 3679 2390
3 3679 3680 2390
3 3679 1031 3680
3 2390 3680 939
3 458 3546 3682
3 3546 3681 3682
3 3546 459 3681
3 3682 3681 308
3 625 3683 3508
3 3683 3563 3508
3 3683 637 3563
3 3508 3563 626
3 626 2924 3509
3 2924 2660 3509
3 2924 949 2660
3 3509 2660 489
3 446 1848 2881
3 1848 3684 2881
3 1848 1022 3684
3 2881 3684 494
3 375 3685 2141
3 3685 1397 2141
3 3685 613 1397
3 2141 1397 593
3 401 3686 3124
3 3686 1737 3124
3 3686 1039 1737
3 3124 1737 889
3 611 3687 3603
3 3687 3688 3603
3 3687 718 3688
3 3603 3688 610
3 680 3281 3437
3 3281 3662 3437
3 3281 960 3662
3 3437 3662 337
3 726 3689 3499
3 3689 3690 3499
3 3689 842 3690
3 3499 3690 615
3 898 3691 3036
3 3691 3667 3036
3 3691 1021 3667
3 3036 3667 897
3 657 3214 2550
3 3214 3507 2550
3 3214 737 3507
3 2550 3507 736
3 120 3692 119
3 3692 3567 119
3 3692 516 3567
3 119 3567 24
3 342 3669 3475
3 3669 3612 3475
3 3669 952 3612
3 3475 3612 343
3 853 3693 2155
3 3693 3694 2155
3 3693 854 3694
3 2155 3694 532
3 16 2004 3193
3 2004 3695 3193
3 2004 1161 3695
3 3193 3695 746
3 553 3696 3176
3 3696 3278 3176
3 3696 556 3278
3 3176 3278 555
3 847 2978 3381
3 2978 2086 3381
3 2978 1155 2086
3 3381 2086 792
3 1019 3697 2821
3 3697 3698 2821
3 3697 1159 3698
3 2821 3698 78
3 764 3008 3200
3 3008 2282 3200
3 3008 835 2282
3 3200 2282 159
3 671 3699 3127
3 3699 1865 3127
3 3699 980 1865
3 3127 1865 825
3 260 3700 3405
3 3700 3701 3405
3 3700 288 3701
3 3405 3701 262
3 578 3702 3344
3 3702 3703 3344
3 3702 1120 3703
3 3344 3703 996
3 602 3704 3706
3 3704 3705 3706
3 3704 607 3705
3 3706 3705 600
3 293 2878 3707
3 2878 3682 3707
3 2878 458 3682
3 3707 3682 308
3 494 3708 3289
3 3708 3709 3289
3 3708 1000 3709
3 3289 3709 907
3 422 3710 3460
3 3710 2313 3460
3 3710 974 2313
3 3460 2313 481
3 907 3709 2866
3 3709 1735 2866
3 3709 1000 1735
3 2866 1735 679
3 603 3711 3586
3 3711 2328 3586
3 3711 1185 2328
3 3586 2328 605
3 276 1933 2346
3 1933 3002 2346
3 1933 1125 3002
3 2346 3002 269
3 422 3462 3529
3 3462 3555 3529
3 3462 479 3555
3 3529 3555 424
3 708 2382 2172
3 2382 3712 2172
3 2382 1076 3712
3 2172 3712 933
3 628 3557 3714
3 3557 3713 3714
3 3557 1012 3713
3 3714 3713 1011
3 540 3715 1636
3 3715 3446 1636
3 3715 1082 3446
3 1636 3446 538
3 264 3716 3360
3 3716 3717 3360
3 3716 427 3717
3 3360 3717 266
3 695 1632 2901
3 1632 3718 2901
3 1632 1005 3718
3 2901 3718 838
3 828 1986 2007
3 1986 3056 2007
3 1986 1030 3056
3 2007 3056 827
3 41 3719 157
3 3719 3720 157
3 3719 443 3720
3 157 3720 40
3 568 3721 3264
3 3721 3722 3264
3 3721 581 3722
3 3264 3722 580
3 717 3580 1891
3 3580 2301 1891
3 3580 1201 2301
3 1891 2301 864
3 635 3723 3367
3 3723 3724 3367
3 3723 750 3724
3 3367 3724 667
3 113 3725 112
3 3725 3726 112
3 3725 1124 3726
3 112 3726 21
3 992 1422 3629
3 1422 2062 3629
3 1422 1018 2062
3 3629 2062 736
3 461 3727 3391
3 3727 3728 3391
3 3727 974 3728
3 3391 3728 345
3 293 3707 3458
3 3707 3376 3458
3 3707 308 3376
3 3458 3376 294
3 842 1457 3690
3 1457 3399 3690
3 1457 968 3399
3 3690 3399 615
3 601 2864 3730
3 2864 3729 3730
3 2864 603 3729
3 3730 3729 602
3 299 3663 3552
3 3663 3561 3552
3 3663 960 3561
3 3552 3561 301
3 129 3731 128
3 3731 3283 128
3 3731 698 3283
3 128 3283 29
3 332 3732 3390
3 3732 1605 3390
3 3732 987 1605
3 3390 1605 461
3 985 3733 1238
3 3733 3734 1238
3 3733 999 3734
3 1238 3734 386
3 844 3168 3033
3 3168 3735 3033
3 3168 1122 3735
3 3033 3735 659
3 256 3736 3312
3 3736 3737 3312
3 3736 453 3737
3 3312 3737 258
3 304 1705 1699
3 1705 3738 1699
3 1705 982 3738
3 1699 3738 534
3 249 3739 2152
3 3739 3740 2152
3 3739 940 3740
3 2152 3740 251
3 470 3741 3151
3 3741 3599 3151
3 3741 1003 3599
3 3151 3599 442
3 900 3742 2594
3 3742 3743 2594
3 3742 1157 3743
3 2594 3743 663
3 714 3744 3549
3 3744 3371 3549
3 3744 942 3371
3 3549 3371 507
3 300 3745 3485
3 3745 3746 3485
3 3745 961 3746
3 3485 3746 291
3 878 3747 2618
3 3747 3748 2618
3 3747 1127 3748
3 2618 3748 879
3 366 1844 1574
3 1844 3434 1574
3 1844 1071 3434
3 1574 3434 368
3 651 3749 2466
3 3749 3750 2466
3 3749 656 3750
3 2466 3750 653
3 565 3751 3299
3 3751 3265 3299
3 3751 568 3265
3 3299 3265 566
3 274 3146 3615
3 3146 3671 3615
3 3146 964 3671
3 3615 3671 270
3 556 3752 3276
3 3752 3301 3276
3 3752 565 3301
3 3276 3301 557
3 932 3753 3117
3 3753 3338 3117
3 3753 1128 3338
3 3117 3338 799
3 576 3754 3134
3 3754 3755 3134
3 3754 783 3755
3 3134 3755 649
3 455 3456 3341
3 3456 3756 3341
3 3456 1181 3756
3 3341 3756 426
3 291 3746 3547
3 3746 3757 3547
3 3746 961 3757
3 3547 3757 290
3 483 3758 3482
3 3758 3759 3482
3 3758 961 3759
3 3482 3759 741
3 385 3760 3762
3 3760 3761 3762
3 3760 388 3761
3 3762 3761 387
3 440 3763 3101
3 3763 3543 3101
3 3763 1181 3543
3 3101 3543 627
3 488 3764 3501
3 3764 3765 3501
3 3764 1014 3765
3 3501 3765 634
3 365 3766 2837
3 3766 2748 2837
3 3766 836 2748
3 2837 2748 833
3 1025 1991 1469
3 1991 3767 1469
3 1991 1068 3767
3 1469 3767 678
3 272 3672 3564
3 3672 1963 3564
3 3672 964 1963
3 3564 1963 500
3 395 2393 2363
3 2393 3768 2363
3 2393 990 3768
3 2363 3768 912
3 503 3374 3471
3 3374 3769 3471
3 3374 687 3769
3 3471 3769 502
3 70 2737 222
3 2737 3770 222
3 2737 1041 3770
3 222 3770 221
3 802 1765 1655
3 1765 3771 1655
3 1765 1145 3771
3 1655 3771 801
3 478 3772 1561
3 3772 3773 1561
3 3772 1144 3773
3 1561 3773 922
3 290 3757 3473
3 3757 3758 3473
3 3757 961 3758
3 3473 3758 483
3 459 3774 3681
3 3774 3627 3681
3 3774 971 3627
3 3681 3627 308
3 545 3775 2547
3 3775 3715 2547
3 3775 1082 3715
3 2547 3715 540
3 841 1839 3644
3 1839 3776 3644
3 1839 1074 3776
3 3644 3776 438
3 733 3777 3778
3 3777 1793 3778
3 3777 1046 1793
3 3778 1793 732
3 388 3653 3780
3 3653 3779 3780
3 3653 390 3779
3 3780 3779 389
3 903 1926 3584
3 1926 3781 3584
3 1926 973 3781
3 3584 3781 685
3 766 3782 3784
3 3782 3783 3784
3 3782 1132 3783
3 3784 3783 861
3 818 2236 1708
3 2236 2421 1708
3 2236 1086 2421
3 1708 2421 808
3 390 3623 3786
3 3623 3785 3786
3 3623 393 3785
3 3786 3785 392
3 886 2485 2834
3 2485 3787 2834
3 2485 1021 3787
3 2834 3787 463
3 344 3620 2571
3 3620 3788 2571
3 3620 1024 3788
3 2571 3788 798
3 975 3789 2585
3 3789 3790 2585
3 3789 1189 3790
3 2585 3790 642
3 637 3791 3637
3 3791 3162 3637
3 3791 986 3162
3 3637 3162 693
3 606 3792 3794
3 3792 3793 3794
3 3792 823 3793
3 3794 3793 604
3 495 2549 2564
3 2549 1787 2564
3 2549 1008 1787
3 2564 1787 791
3 605 1576 3587
3 1576 3794 3587
3 1576 606 3794
3 3587 3794 604
3 731 3795 3309
3 3795 3778 3309
3 3795 733 3778
3 3309 3778 732
3 379 3796 2419
3 3796 3797 2419
3 3796 391 3797
3 2419 3797 377
3 410 3798 3800
3 3798 3799 3800
3 3798 411 3799
3 3800 3799 392
3 716 3658 3012
3 3658 1800 3012
3 3658 1110 1800
3 3012 1800 977
3 676 3801 3541
3 3801 3802 3541
3 3801 1002 3802
3 3541 3802 435
3 443 2427 3720
3 2427 1626 3720
3 2427 1114 1626
3 3720 1626 40
3 609 3803 1406
3 3803 3747 1406
3 3803 1127 3747
3 1406 3747 878
3 390 3652 3621
3 3652 3804 3621
3 3652 943 3804
3 3621 3804 394
3 336 3626 3396
3 3626 3805 3396
3 3626 987 3805
3 3396 3805 311
3 251 3740 3402
3 3740 3806 3402
3 3740 940 3806
3 3402 3806 292
3 768 3807 2075
3 3807 3782 2075
3 3807 1132 3782
3 2075 3782 766
3 685 3808 3407
3 3808 3809 3407
3 3808 1065 3809
3 3407 3809 686
3 254 3157 3489
3 3157 1755 3489
3 3157 1129 1755
3 3489 1755 976
3 754 1662 3084
3 1662 2041 3084
3 1662 1059 2041
3 3084 2041 929
3 581 2576 3722
3 2576 3810 3722
3 2576 965 3810
3 3722 3810 580
3 300 3811 3745
3 3811 3812 3745
3 3811 1058 3812
3 3745 3812 961
3 373 3813 3262
3 3813 3814 3262
3 3813 396 3814
3 3262 3814 372
3 838 3594 2902
3 3594 3815 2902
3 3594 1011 3815
3 2902 3815 724
3 546 3429 2388
3 3429 3816 2388
3 3429 547 3816
3 2388 3816 545
3 906 3817 2167
3 3817 3818 2167
3 3817 1043 3818
3 2167 3818 400
3 1024 3307 3650
3 3307 3542 3650
3 3307 1105 3542
3 3650 3542 720
3 437 3819 3006
3 3819 3820 3006
3 3819 1079 3820
3 3006 3820 900
3 365 3647 3821
3 3647 2284 3821
3 3647 1033 2284
3 3821 2284 837
3 473 3636 3196
3 3636 3822 3196
3 3636 682 3822
3 3196 3822 470
3 606 1267 3792
3 1267 2176 3792
3 1267 843 2176
3 3792 2176 823
3 1061 3823 2753
3 3823 3824 2753
3 3823 1123 3824
3 2753 3824 794
3 705 3825 3827
3 3825 3826 3827
3 3825 738 3826
3 3827 3826 510
3 568 3828 3721
3 3828 3829 3721
3 3828 592 3829
3 3721 3829 581
3 663 3830 1852
3 3830 1431 1852
3 3830 946 1431
3 1852 1431 944
3 1097 1936 1514
3 1936 2500 1514
3 1936 1098 2500
3 1514 2500 786
3 700 3831 2908
3 3831 1826 2908
3 3831 1106 1826
3 2908 1826 954
3 940 3832 3806
3 3832 3618 3806
3 3832 941 3618
3 3806 3618 292
3 653 3833 2326
3 3833 3834 2326
3 3833 655 3834
3 2326 3834 654
3 21 3726 2964
3 3726 3835 2964
3 3726 1124 3835
3 2964 3835 925
3 932 3422 3328
3 3422 3777 3328
3 3422 1046 3777
3 3328 3777 733
3 580 3810 2486
3 3810 3836 2486
3 3810 965 3836
3 2486 3836 587
3 961 3812 3759
3 3812 3837 3759
3 3812 1058 3837
3 3759 3837 741
3 762 1819 2646
3 1819 3401 2646
3 1819 1094 3401
3 2646 3401 756
3 752 3249 3317
3 3249 3838 3317
3 3249 1056 3838
3 3317 3838 751
3 603 3588 3729
3 3588 3839 3729
3 3588 604 3839
3 3729 3839 602
3 765 3840 3065
3 3840 3841 3065
3 3840 957 3841
3 3065 3841 683
3 839 1728 1681
3 1728 3842 1681
3 1728 1017 3842
3 1681 3842 691
3 607 2208 3705
3 2208 3843 3705
3 2208 1209 3843
3 3705 3843 600
3 667 3844 1592
3 3844 3845 1592
3 3844 1023 3845
3 1592 3845 976
3 358 3846 3221
3 3846 3515 3221
3 3846 488 3515
3 3221 3515 360
3 279 3847 3394
3 3847 3679 3394
3 3847 1031 3679
3 3394 3679 282
3 381 3848 2414
3 3848 3849 2414
3 3848 978 3849
3 2414 3849 379
3 742 2395 3237
3 2395 1847 3237
3 2395 1022 1847
3 3237 1847 777
3 690 3656 3178
3 3656 3817 3178
3 3656 1043 3817
3 3178 3817 906
3 1104 3850 1962
3 3850 3851 1962
3 3850 1173 3851
3 1962 3851 500
3 1057 3852 2962
3 3852 1988 2962
3 3852 1165 1988
3 2962 1988 752
3 435 3802 2767
3 3802 3659 2767
3 3802 1002 3659
3 2767 3659 23
3 687 3853 3769
3 3853 3854 3769
3 3853 689 3854
3 3769 3854 502
3 385 3762 3027
3 3762 3855 3027
3 3762 387 3855
3 3027 3855 383
3 634 1590 3502
3 1590 3856 3502
3 1590 989 3856
3 3502 3856 625
3 1029 3857 2849
3 3857 2417 2849
3 3857 1102 2417
3 2849 2417 406
3 933 3712 3432
3 3712 3858 3432
3 3712 1076 3858
3 3432 3858 490
3 433 3859 3860
3 3859 3041 3860
3 3859 485 3041
3 3860 3041 411
3 845 3303 3356
3 3303 3861 3356
3 3303 1015 3861
3 3356 3861 722
3 429 2854 2573
3 2854 2456 2573
3 2854 1070 2456
3 2573 2456 870
3 393 3862 3785
3 3862 3800 3785
3 3862 410 3800
3 3785 3800 392
3 655 3863 3865
3 3863 3864 3865
3 3863 915 3864
3 3865 3864 658
3 813 3866 3020
3 3866 3867 3020
3 3866 1007 3867
3 3020 3867 935
3 1126 3868 3870
3 3868 3869 3870
3 3868 1127 3869
3 3870 3869 718
3 585 3871 3284
3 3871 3872 3284
3 3871 729 3872
3 3284 3872 728
3 697 1738 3125
3 1738 2364 3125
3 1738 1039 2364
3 3125 2364 890
3 500 3873 3565
3 3873 3874 3565
3 3873 1031 3874
3 3565 3874 277
3 707 2722 3181
3 2722 3875 3181
3 2722 1176 3875
3 3181 3875 527
3 353 3107 2842
3 3107 3876 2842
3 3107 1036 3876
3 2842 3876 608
3 723 1910 3184
3 1910 3877 3184
3 1910 1143 3877
3 3184 3877 945
3 492 2734 2772
3 2734 1640 2772
3 2734 1052 1640
3 2772 1640 862
3 390 3786 3779
3 3786 3878 3779
3 3786 392 3878
3 3779 3878 389
3 869 2790 3660
3 2790 3879 3660
3 2790 934 3879
3 3660 3879 705
3 396 3880 3814
3 3880 3881 3814
3 3880 438 3881
3 3814 3881 372
3 958 2781 1381
3 2781 3882 1381
3 2781 1051 3882
3 1381 3882 554
3 766 3883 2539
3 3883 3884 2539
3 3883 1062 3884
3 2539 3884 765
3 631 1757 2988
3 1757 2216 2988
3 1757 1049 2216
3 2988 2216 909
3 277 3874 2661
3 3874 3847 2661
3 3874 1031 3847
3 2661 3847 279
3 556 3885 3752
3 3885 3886 3752
3 3885 569 3886
3 3752 3886 565
3 621 3661 3674
3 3661 3827 3674
3 3661 705 3827
3 3674 3827 510
3 345 3728 3664
3 3728 3710 3664
3 3728 974 3710
3 3664 3710 422
3 370 3887 2673
3 3887 3060 2673
3 3887 867 3060
3 2673 3060 367
3 439 3888 3889
3 3888 3645 3889
3 3888 501 3645
3 3889 3645 438
3 809 3890 3892
3 3890 3891 3892
3 3890 1182 3891
3 3892 3891 1175
3 896 3469 3524
3 3469 3893 3524
3 3469 1054 3893
3 3524 3893 711
3 389 3894 3896
3 3894 3895 3896
3 3894 620 3895
3 3896 3895 387
3 826 3897 1948
3 3897 3898 1948
3 3897 1177 3898
3 1948 3898 662
3 587 3836 3606
3 3836 1231 3606
3 3836 965 1231
3 3606 1231 713
3 812 3899 1758
3 3899 3900 1758
3 3899 1186 3900
3 1758 3900 571
3 405 3901 3596
3 3901 3739 3596
3 3901 940 3739
3 3596 3739 249
3 757 1291 3560
3 1291 3699 3560
3 1291 980 3699
3 3560 3699 671
3 393 3902 3862
3 3902 1339 3862
3 3902 412 1339
3 3862 1339 410
3 687 3903 3853
3 3903 3904 3853
3 3903 739 3904
3 3853 3904 689
3 592 3905 3829
3 3905 3368 3829
3 3905 635 3368
3 3829 3368 581
3 739 3021 3904
3 3021 3906 3904
3 3021 740 3906
3 3904 3906 689
3 534 3738 3224
3 3738 3907 3224
3 3738 982 3907
3 3224 3907 576
3 396 1823 3880
3 1823 3889 3880
3 1823 439 3889
3 3880 3889 438
3 655 3908 3834
3 3908 2551 3834
3 3908 657 2551
3 3834 2551 654
3 592 3318 3905
3 3318 3909 3905
3 3318 751 3909
3 3905 3909 635
3 439 3472 3888
3 3472 3910 3888
3 3472 502 3910
3 3888 3910 501
3 771 1236 2304
3 1236 3911 2304
3 1236 1089 3911
3 2304 3911 706
3 400 3818 3231
3 3818 1222 3231
3 3818 1043 1222
3 3231 1222 661
3 502 3912 3910
3 3912 3913 3910
3 3912 994 3913
3 3910 3913 501
3 388 3780 3761
3 3780 3896 3761
3 3780 389 3896
3 3761 3896 387
3 1008 3548 1788
3 3548 3279 1788
3 3548 1009 3279
3 1788 3279 680
3 549 3914 3631
3 3914 3915 3631
3 3914 554 3915
3 3631 3915 553
3 1079 3916 3820
3 3916 3742 3820
3 3916 1157 3742
3 3820 3742 900
3 686 3412 3408
3 3412 3917 3408
3 3412 1126 3917
3 3408 3917 611
3 579 3918 2206
3 3918 3285 2206
3 3918 585 3285
3 2206 3285 584
3 673 3919 2289
3 3919 3920 2289
3 3919 1210 3920
3 2289 3920 871
3 699 3921 3173
3 3921 1771 3173
3 3921 1025 1771
3 3173 1771 725
3 951 2365 3449
3 2365 3686 3449
3 2365 1039 3686
3 3449 3686 401
3 550 3922 1644
3 3922 3427 1644
3 3922 914 3427
3 1644 3427 546
3 311 3805 3642
3 3805 3732 3642
3 3805 987 3732
3 3642 3732 332
3 910 3923 3624
3 3923 3924 3624
3 3923 1135 3924
3 3624 3924 911
3 573 3925 2298
3 3925 3445 2298
3 3925 578 3445
3 2298 3445 575
3 268 3926 3604
3 3926 3369 3604
3 3926 1001 3369
3 3604 3369 271
3 557 3927 3277
3 3927 3295 3277
3 3927 1108 3295
3 3277 3295 555
3 691 1361 1417
3 1361 1656 1417
3 1361 1197 1656
3 1417 1656 618
3 1006 3928 2047
3 3928 3929 2047
3 3928 1202 3929
3 2047 3929 850
3 691 3842 1362
3 3842 3930 1362
3 3842 1017 3930
3 1362 3930 1005
3 847 2709 1889
3 2709 3931 1889
3 2709 1191 3931
3 1889 3931 764
3 415 3600 3611
3 3600 3932 3611
3 3600 1003 3932
3 3611 3932 829
3 995 3933 3654
3 3933 1384 3654
3 3933 997 1384
3 3654 1384 996
3 637 3934 3791
3 3934 3440 3791
3 3934 989 3440
3 3791 3440 986
3 873 3935 1538
3 3935 3936 1538
3 3935 1124 3936
3 1538 3936 660
3 800 2397 2624
3 2397 2629 2624
3 2397 1087 2629
3 2624 2629 710
3 1175 3891 3937
3 3891 1588 3937
3 3891 1182 1588
3 3937 1588 628
3 598 3145 3938
3 3145 2124 3938
3 3145 1037 2124
3 3938 2124 596
3 599 3939 3941
3 3939 3940 3941
3 3939 601 3940
3 3941 3940 600
3 489 2659 3514
3 2659 3942 3514
3 2659 1033 3942
3 3514 3942 360
3 292 3648 3403
3 3648 3943 3403
3 3648 1027 3943
3 3403 3943 253
3 792 2307 3046
3 2307 3486 3046
3 2307 1072 3486
3 3046 3486 168
3 821 3944 2445
3 3944 3945 2445
3 3944 1208 3945
3 2445 3945 1092
3 433 3675 3859
3 3675 3946 3859
3 3675 510 3946
3 3859 3946 485
3 625 3856 3683
3 3856 3934 3683
3 3856 989 3934
3 3683 3934 637
3 857 3947 2498
3 3947 3948 2498
3 3947 1148 3948
3 2498 3948 681
3 266 3949 3480
3 3949 3926 3480
3 3949 1001 3926
3 3480 3926 268
3 388 3950 3651
3 3950 3951 3651
3 3950 1204 3951
3 3651 3951 943
3 947 3952 3657
3 3952 3953 3657
3 3952 948 3953
3 3657 3953 688
3 706 3954 3180
3 3954 3630 3180
3 3954 1067 3630
3 3180 3630 707
3 683 3955 3635
3 3955 3956 3635
3 3955 855 3956
3 3635 3956 682
3 749 2827 3137
3 2827 3957 3137
3 2827 1168 3957
3 3137 3957 748
3 262 3958 3363
3 3958 3959 3363
3 3958 998 3959
3 3363 3959 264
3 956 3960 3639
3 3960 3961 3639
3 3960 1014 3961
3 3639 3961 285
3 948 3962 3953
3 3962 3963 3953
3 3962 1045 3963
3 3953 3963 688
3 210 3964 2088
3 3964 3897 2088
3 3964 1177 3897
3 2088 3897 826
3 649 3965 3522
3 3965 3665 3522
3 3965 1029 3665
3 3522 3665 967
3 285 3961 2701
3 3961 3966 2701
3 3961 1014 3966
3 2701 3966 358
3 45 3261 165
3 3261 2306 165
3 3261 1072 2306
3 165 2306 44
3 1092 3945 3131
3 3945 3967 3131
3 3945 1208 3967
3 3131 3967 644
3 911 3320 3625
3 3320 2647 3625
3 3320 1004 2647
3 3625 2647 704
3 662 3898 2367
3 3898 3968 2367
3 3898 1177 3968
3 2367 3968 67
3 831 3969 2300
3 3969 3970 2300
3 3969 1120 3970
3 2300 3970 572
3 305 1293 3133
3 1293 3962 3133
3 1293 1045 3962
3 3133 3962 948
3 410 1225 3798
3 1225 3860 3798
3 1225 433 3860
3 3798 3860 411
3 952 3971 3153
3 3971 2381 3153
3 3971 1076 2381
3 3153 2381 819
3 861 3783 1776
3 3783 3972 1776
3 3783 1132 3972
3 1776 3972 405
3 976 3845 3490
3 3845 2225 3490
3 3845 1023 2225
3 3490 2225 811
3 750 2339 3724
3 2339 3844 3724
3 2339 1023 3844
3 3724 3844 667
3 814 3973 1799
3 3973 3974 1799
3 3973 1203 3974
3 1799 3974 201
3 532 3975 1831
3 3975 2509 1831
3 3975 1141 2509
3 1831 2509 37
3 1053 2106 3976
3 2106 2566 3976
3 2106 1080 2566
3 3976 2566 738
3 734 3977 3978
3 3977 3329 3978
3 3977 735 3329
3 3978 3329 733
3 798 3979 3416
3 3979 3980 3416
3 3979 1208 3980
3 3416 3980 1054
3 718 3869 2373
3 3869 3981 2373
3 3869 1127 3981
3 2373 3981 1118
3 578 3343 3444
3 3343 3982 3444
3 3343 1026 3982
3 3444 3982 579
3 688 3963 3373
3 3963 3983 3373
3 3963 1045 3983
3 3373 3983 687
3 360 3942 2385
3 3942 3646 2385
3 3942 1033 3646
3 2385 3646 361
3 721 3538 2557
3 3538 2644 2557
3 3538 1104 2644
3 2557 2644 875
3 734 3984 3986
3 3984 3985 3986
3 3984 1042 3985
3 3986 3985 782
3 746 3695 3081
3 3695 1934 3081
3 3695 1161 1934
3 3081 1934 1097
3 1102 3987 2418
3 3987 3988 2418
3 3987 1178 3988
3 2418 3988 155
3 288 1872 3701
3 1872 3958 3701
3 1872 998 3958
3 3701 3958 262
3 924 1485 3619
3 1485 3989 3619
3 1485 1044 3989
3 3619 3989 699
3 1066 3575 3161
3 3575 1350 3161
3 3575 1089 1350
3 3161 1350 693
3 706 3911 3954
3 3911 3574 3954
3 3911 1089 3574
3 3954 3574 1067
3 425 3990 2650
3 3990 3418 2650
3 3990 1066 3418
3 2650 3418 887
3 365 3821 3766
3 3821 3991 3766
3 3821 837 3991
3 3766 3991 836
3 946 2403 1734
3 2403 2358 1734
3 2403 1083 2358
3 1734 2358 26
3 479 3992 3554
3 3992 3211 3554
3 3992 993 3211
3 3554 3211 480
3 711 3893 3186
3 3893 3993 3186
3 3893 1054 3993
3 3186 3993 821
3 898 1887 3691
3 1887 3994 3691
3 1887 1205 3994
3 3691 3994 1021
3 562 3142 2605
3 3142 3995 2605
3 3142 563 3995
3 2605 3995 560
3 244 2104 2513
3 2104 3819 2513
3 2104 1079 3819
3 2513 3819 437
3 801 3771 3488
3 3771 3633 3488
3 3771 1145 3633
3 3488 3633 455
3 601 3730 3940
3 3730 3706 3940
3 3730 602 3706
3 3940 3706 600
3 722 3996 3535
3 3996 2212 3535
3 3996 1158 2212
3 3535 2212 814
3 718 2375 3688
3 2375 1789 3688
3 2375 865 1789
3 3688 1789 610
3 945 3877 3164
3 3877 3997 3164
3 3877 1143 3997
3 3164 3997 346
3 1001 3998 3370
3 3998 3831 3370
3 3998 1106 3831
3 3370 3831 700
3 41 3290 3719
3 3290 3999 3719
3 3290 966 3999
3 3719 3999 443
3 840 4000 3544
3 4000 4001 3544
3 4000 1206 4001
3 3544 4001 627
3 895 3165 2024
3 3165 4002 2024
3 3165 1100 4002
3 2024 4002 542
3 579 3982 3918
3 3982 4003 3918
3 3982 1026 4003
3 3918 4003 585
3 954 3314 3016
3 3314 2555 3016
3 3314 1137 2555
3 3016 2555 482
3 948 4004 2568
3 4004 4005 2568
3 4004 1167 4005
3 2568 4005 738
3 264 3959 3716
3 3959 4006 3716
3 3959 998 4006
3 3716 4006 427
3 734 3986 3977
3 3986 1879 3977
3 3986 782 1879
3 3977 1879 735
3 914 2125 3428
3 2125 3582 3428
3 2125 1037 3582
3 3428 3582 547
3 258 4007 3339
3 4007 4008 3339
3 4007 1010 4008
3 3339 4008 260
3 779 3641 2059
3 3641 4000 2059
3 3641 1206 4000
3 2059 4000 840
3 25 2359 121
3 2359 4009 121
3 2359 1083 4009
3 121 4009 120
3 373 4010 3813
3 4010 2046 3813
3 4010 1006 2046
3 3813 2046 396
3 512 4011 3055
3 4011 3919 3055
3 4011 1210 3919
3 3055 3919 673
3 260 4008 3700
3 4008 4012 3700
3 4008 1010 4012
3 3700 4012 288
3 731 4013 3795
3 4013 3978 3795
3 4013 734 3978
3 3795 3978 733
3 880 3569 2487
3 3569 1998 2487
3 3569 1090 1998
3 2487 1998 881
3 485 4014 1697
3 4014 4015 1697
3 4014 1167 4015
3 1697 4015 947
3 991 4016 1511
3 4016 4017 1511
3 4016 1069 4017
3 1511 4017 656
3 375 3435 4018
3 3435 2409 4018
3 3435 1071 2409
3 4018 2409 614
3 861 4019 3784
3 4019 4020 3784
3 4019 1179 4020
3 3784 4020 766
3 267 1504 3073
3 1504 2232 3073
3 1504 1131 2232
3 3073 2232 265
3 67 3968 211
3 3968 3964 211
3 3968 1177 3964
3 211 3964 210
3 823 2109 3793
3 2109 4021 3793
3 2109 1020 4021
3 3793 4021 604
3 427 4022 3717
3 4022 3949 3717
3 4022 1001 3949
3 3717 3949 266
3 18 4023 104
3 4023 4024 104
3 4023 1119 4024
3 104 4024 17
3 682 4025 3822
3 4025 3741 3822
3 4025 1003 3741
3 3822 3741 470
3 486 3470 2824
3 3470 1580 2824
3 3470 1093 1580
3 2824 1580 514
3 699 3989 3921
3 3989 1992 3921
3 3989 1044 1992
3 3921 1992 1025
3 547 3583 4027
3 3583 4026 4027
3 3583 815 4026
3 4027 4026 743
3 432 4028 3233
3 4028 4029 3233
3 4028 1148 4029
3 3233 4029 979
3 480 2422 3511
3 2422 3171 3511
3 2422 1086 3171
3 3511 3171 918
3 763 4030 4032
3 4030 4031 4032
3 4030 1101 4031
3 4032 4031 942
3 496 2257 3468
3 2257 3866 3468
3 2257 1007 3866
3 3468 3866 813
3 597 3069 4034
3 3069 4033 4034
3 3069 599 4033
3 4034 4033 598
3 759 4035 2955
3 4035 4036 2955
3 4035 1190 4036
3 2955 4036 87
3 31 2065 135
3 2065 3481 135
3 2065 1088 3481
3 135 3481 134
3 730 4037 4038
3 4037 3311 4038
3 4037 731 3311
3 4038 3311 729
3 713 4039 3607
3 4039 4040 3607
3 4039 1078 4040
3 3607 4040 591
3 253 3943 2977
3 3943 4041 2977
3 3943 1027 4041
3 2977 4041 256
3 729 3359 3872
3 3359 1217 3872
3 3359 985 1217
3 3872 1217 728
3 599 3941 4033
3 3941 4042 4033
3 3941 600 4042
3 4033 4042 598
3 1050 4043 3450
3 4043 2699 3450
3 4043 1191 2699
3 3450 2699 171
3 358 3966 3846
3 3966 3764 3846
3 3966 1014 3764
3 3846 3764 488
3 915 2361 3864
3 2361 2097 3864
3 2361 930 2097
3 3864 2097 658
3 570 1759 3141
3 1759 4044 3141
3 1759 571 4044
3 3141 4044 563
3 453 1931 3737
3 1931 4007 3737
3 1931 1010 4007
3 3737 4007 258
3 724 4045 3188
3 4045 4046 3188
3 4045 761 4046
3 3188 4046 696
3 273 4047 3613
3 4047 4048 3613
3 4047 1176 4048
3 3613 4048 983
3 678 3767 3400
3 3767 4049 3400
3 3767 1068 4049
3 3400 4049 676
3 689 4050 3854
3 4050 3912 3854
3 4050 994 3912
3 3854 3912 502
3 406 1627 2850
3 1627 3610 2850
3 1627 1114 3610
3 2850 3610 899
3 696 4051 2980
3 4051 1314 2980
3 4051 1048 1314
3 2980 1314 694
3 421 4052 3516
3 4052 2242 3516
3 4052 1164 2242
3 3516 2242 937
3 302 3572 3585
3 3572 3811 3585
3 3572 1058 3811
3 3585 3811 300
3 836 4053 2770
3 4053 4054 2770
3 4053 1073 4054
3 2770 4054 727
3 585 4055 3871
3 4055 4038 3871
3 4055 730 4038
3 3871 4038 729
3 476 3104 2631
3 3104 3772 2631
3 3104 1144 3772
3 2631 3772 478
3 942 4056 4032
3 4056 2705 4032
3 4056 1121 2705
3 4032 2705 763
3 794 3824 3346
3 3824 4057 3346
3 3824 1123 4057
3 3346 4057 994
3 732 1378 3358
3 1378 3733 3358
3 1378 999 3733
3 3358 3733 985
3 1021 3994 3787
3 3994 4058 3787
3 3994 1205 4058
3 3787 4058 463
3 629 1775 2377
3 1775 3099 2377
3 1775 1113 3099
3 2377 3099 447
3 602 4059 3704
3 4059 3478 3704
3 4059 1020 3478
3 3704 3478 607
3 595 4060 3670
3 4060 3992 3670
3 4060 993 3992
3 3670 3992 479
3 38 1663 152
3 1663 2182 152
3 1663 1139 2182
3 152 2182 151
3 341 2810 3571
3 2810 4061 3571
3 2810 1099 4061
3 3571 4061 1058
3 1032 3257 1531
3 3257 4062 1531
3 3257 1169 4062
3 1531 4062 773
3 379 3849 3796
3 3849 2231 3796
3 3849 978 2231
3 3796 2231 391
3 9 4063 3166
3 4063 4064 3166
3 4063 1207 4064
3 3166 4064 902
3 663 3743 3830
3 3743 2401 3830
3 3743 1157 2401
3 3830 2401 946
3 288 4065 1873
3 4065 3215 1873
3 4065 1134 3215
3 1873 3215 929
3 377 4066 2469
3 4066 4010 2469
3 4066 1006 4010
3 2469 4010 373
3 56 4067 184
3 4067 2674 184
3 4067 1180 2674
3 184 2674 183
3 748 4068 3043
3 4068 3591 3043
3 4068 1077 3591
3 3043 3591 923
3 644 4069 2583
3 4069 2932 2583
3 4069 1112 2932
3 2583 2932 612
3 815 2009 4026
3 2009 4070 4026
3 2009 816 4070
3 4026 4070 743
3 490 3858 3668
3 3858 3971 3668
3 3858 1076 3971
3 3668 3971 952
3 902 4064 2953
3 4064 3205 2953
3 4064 1207 3205
3 2953 3205 668
3 256 4041 3736
3 4041 1944 3736
3 4041 1027 1944
3 3736 1944 453
3 599 4071 3939
3 4071 2060 3939
3 4071 1073 2060
3 3939 2060 601
3 411 2415 3799
3 2415 4072 3799
3 2415 1047 4072
3 3799 4072 392
3 567 4073 4074
3 4073 3933 4074
3 4073 997 3933
3 4074 3933 995
3 983 4048 3023
3 4048 2721 3023
3 4048 1176 2721
3 3023 2721 818
3 853 4075 3693
3 4075 4076 3693
3 4075 1194 4076
3 3693 4076 854
3 500 3851 3873
3 3851 4077 3873
3 3851 1173 4077
3 3873 4077 1031
3 734 4078 3984
3 4078 4079 3984
3 4078 1156 4079
3 3984 4079 1042
3 782 4080 1880
3 4080 2636 1880
3 4080 1196 2636
3 1880 2636 781
3 1038 2900 3213
3 2900 4081 3213
3 2900 1198 4081
3 3213 4081 737
3 7 4082 85
3 4082 4083 85
3 4082 1190 4083
3 85 4083 6
3 683 3841 3955
3 3841 3297 3955
3 3841 957 3297
3 3955 3297 855
3 990 4084 3768
3 4084 3578 3768
3 4084 1188 3578
3 3768 3578 912
3 740 1311 3906
3 1311 4085 3906
3 1311 1064 4085
3 3906 4085 689
3 943 1794 3804
3 1794 3421 3804
3 1794 1046 3421
3 3804 3421 394
3 772 2502 3335
3 2502 4063 3335
3 2502 1207 4063
3 3335 4063 9
3 1055 4086 2984
3 4086 4075 2984
3 4086 1194 4075
3 2984 4075 853
3 850 3929 2578
3 3929 2221 2578
3 3929 1202 2221
3 2578 2221 959
3 687 3983 3903
3 3983 1292 3903
3 3983 1045 1292
3 3903 1292 739
3 943 3951 1377
3 3951 4087 1377
3 3951 1204 4087
3 1377 4087 999
3 922 3773 3443
3 3773 2590 3443
3 3773 1144 2590
3 3443 2590 845
3 714 4088 3744
3 4088 4056 3744
3 4088 1121 4056
3 3744 4056 942
3 973 4089 3781
3 4089 3808 3781
3 4089 1065 3808
3 3781 3808 685
3 608 4090 2895
3 4090 4091 2895
3 4090 1118 4091
3 2895 4091 609
3 245 2706 3319
3 2706 4092 3319
3 2706 1121 4092
3 3319 4092 1004
3 655 3865 3908
3 3865 3634 3908
3 3865 658 3634
3 3908 3634 657
3 712 2829 3361
3 2829 1610 3361
3 2829 1096 1610
3 3361 1610 786
3 510 4093 3946
3 4093 4014 3946
3 4093 1167 4014
3 3946 4014 485
3 106 3526 105
3 3526 4023 105
3 3526 1119 4023
3 105 4023 18
3 591 4040 3149
3 4040 2068 3149
3 4040 1078 2068
3 3149 2068 701
3 407 3336 3673
3 3336 4094 3673
3 3336 1081 4094
3 3673 4094 331
3 78 3698 1727
3 3698 4095 1727
3 3698 1159 4095
3 1727 4095 1017
3 155 3988 154
3 3988 1701 154
3 3988 1178 1701
3 154 1701 39
3 494 4096 3708
3 4096 2714 3708
3 4096 1149 2714
3 3708 2714 1000
3 817 4097 3096
3 4097 4098 3096
3 4097 1055 4098
3 3096 4098 816
3 576 3907 3754
3 3907 4099 3754
3 3907 982 4099
3 3754 4099 783
3 743 4100 4101
3 4100 3775 4101
3 4100 1082 3775
3 4101 3775 545
3 681 3948 3364
3 3948 4102 3364
3 3948 1148 4102
3 3364 4102 950
3 676 4049 3801
3 4049 3451 3801
3 4049 1068 3451
3 3801 3451 1002
3 63 4103 2147
3 4103 4104 2147
3 4103 1203 4104
3 2147 4104 926
3 383 4105 2743
3 4105 4106 2743
3 4105 1028 4106
3 2743 4106 381
3 572 3970 2911
3 3970 4107 2911
3 3970 1120 4107
3 2911 4107 573
3 746 3080 2665
3 3080 1927 2665
3 3080 1136 1927
3 2665 1927 832
3 28 4108 124
3 4108 2077 124
3 4108 1091 2077
3 124 2077 27
3 568 4109 3828
3 4109 2961 3828
3 4109 1057 2961
3 3828 2961 592
3 686 4110 2481
3 4110 3426 2481
3 4110 1174 3426
3 2481 3426 970
3 459 4111 3774
3 4111 3666 3774
3 4111 1169 3666
3 3774 3666 971
3 863 2589 2424
3 2589 1818 2424
3 2589 1094 1818
3 2424 1818 594
3 1138 2210 4112
3 2210 2003 4112
3 2210 1161 2003
3 4112 2003 17
3 391 4113 3797
3 4113 4066 3797
3 4113 1006 4066
3 3797 4066 377
3 30 1782 130
3 1782 4114 130
3 1782 1116 4114
3 130 4114 129
3 497 3089 2944
3 3089 4115 2944
3 3089 1163 4115
3 2944 4115 487
3 655 4116 3863
3 4116 4117 3863
3 4116 1069 4117
3 3863 4117 915
3 656 4118 1365
3 4118 4084 1365
3 4118 1188 4084
3 1365 4084 990
3 331 4094 3379
3 4094 4119 3379
3 4094 1081 4119
3 3379 4119 8
3 547 4027 3816
3 4027 4101 3816
3 4027 743 4101
3 3816 4101 545
3 702 4120 3384
3 4120 1559 3384
3 4120 1095 1559
3 3384 1559 922
3 597 4034 4121
3 4034 3938 4121
3 4034 598 3938
3 4121 3938 596
3 1004 4092 3182
3 4092 4088 3182
3 4092 1121 4088
3 3182 4088 714
3 1031 4077 3680
3 4077 4122 3680
3 4077 1173 4122
3 3680 4122 939
3 604 4021 3839
3 4021 4059 3839
3 4021 1020 4059
3 3839 4059 602
3 8 4119 2954
3 4119 2186 2954
3 4119 1081 2186
3 2954 2186 759
3 529 4123 3122
3 4123 2826 3122
3 4123 1168 2826
3 3122 2826 938
3 1078 4124 2069
3 4124 3156 2069
3 4124 1129 3156
3 2069 3156 787
3 998 2042 4006
3 2042 4125 4006
3 2042 1059 4125
3 4006 4125 427
3 427 4126 4022
3 4126 3998 4022
3 4126 1106 3998
3 4022 3998 1001
3 556 4127 3885
3 4127 2780 3885
3 4127 1051 2780
3 3885 2780 569
3 996 3703 3655
3 3703 3969 3655
3 3703 1120 3969
3 3655 3969 831
3 585 4003 4055
3 4003 1299 4055
3 4003 1026 1299
3 4055 1299 730
3 660 3936 3066
3 3936 3725 3066
3 3936 1124 3725
3 3066 3725 113
3 1062 4128 3884
3 4128 4129 3884
3 4128 1133 4129
3 3884 4129 765
3 620 2017 3895
3 2017 4130 3895
3 2017 1028 4130
3 3895 4130 387
3 741 4131 3551
3 4131 1273 3551
3 4131 1099 1273
3 3551 1273 742
3 642 3790 3202
3 3790 4132 3202
3 3790 1189 4132
3 3202 4132 973
3 381 4106 3848
3 4106 2016 3848
3 4106 1028 2016
3 3848 2016 978
3 1011 3713 3815
3 3713 4133 3815
3 3713 1012 4133
3 3815 4133 724
3 393 4134 3902
3 4134 1570 3902
3 4134 1107 1570
3 3902 1570 412
3 942 4031 3372
3 4031 2192 3372
3 4031 1101 2192
3 3372 2192 506
3 737 4135 3505
3 4135 4136 3505
3 4135 810 4136
3 3505 4136 809
3 915 4117 3409
3 4117 4016 3409
3 4117 1069 4016
3 3409 4016 991
3 627 4001 3090
3 4001 3640 3090
3 4001 1206 3640
3 3090 3640 778
3 1042 4079 4137
3 4079 3225 4137
3 4079 1156 3225
3 4137 3225 997
3 635 4138 3723
3 4138 3078 3723
3 4138 1035 3078
3 3723 3078 750
3 614 3294 4139
3 3294 3270 4139
3 3294 788 3270
3 4139 3270 613
3 727 4054 3068
3 4054 4071 3068
3 4054 1073 4071
3 3068 4071 599
3 221 3770 3678
3 3770 4140 3678
3 3770 1041 4140
3 3678 4140 1036
3 1005 4141 3718
3 4141 4142 3718
3 4141 1159 4142
3 3718 4142 838
3 375 4018 3685
3 4018 4139 3685
3 4018 614 4139
3 3685 4139 613
3 925 3835 2890
3 3835 3935 2890
3 3835 1124 3935
3 2890 3935 873
3 994 4057 3913
3 4057 4143 3913
3 4057 1123 4143
3 3913 4143 501
3 659 3735 3519
3 3735 1240 3519
3 3735 1122 1240
3 3519 1240 774
3 553 4144 3696
3 4144 4127 3696
3 4144 1051 4127
3 3696 4127 556
3 1088 2188 1763
3 2188 4145 1763
3 2188 1151 4145
3 1763 4145 719
3 656 4017 3750
3 4017 4146 3750
3 4017 1069 4146
3 3750 4146 653
3 705 4147 3825
3 4147 3976 3825
3 4147 1053 3976
3 3825 3976 738
3 979 4029 2352
3 4029 3947 2352
3 4029 1148 3947
3 2352 3947 857
3 1054 3980 3993
3 3980 3944 3993
3 3980 1208 3944
3 3993 3944 821
3 1103 2452 1385
3 2452 4148 1385
3 2452 1162 4148
3 1385 4148 775
3 346 3997 2888
3 3997 3677 2888
3 3997 1143 3677
3 2888 3677 905
3 120 4009 3692
3 4009 2432 3692
3 4009 1083 2432
3 3692 2432 516
3 571 4149 4150
3 4149 4121 4150
3 4149 597 4121
3 4150 4121 596
3 392 4072 3878
3 4072 4151 3878
3 4072 1047 4151
3 3878 4151 389
3 386 4152 3118
3 4152 4153 3118
3 4152 1204 4153
3 3118 4153 385
3 567 3528 4073
3 3528 4137 4073
3 3528 1042 4137
3 4073 4137 997
3 751 4154 3909
3 4154 4138 3909
3 4154 1035 4138
3 3909 4138 635
3 516 2431 3566
3 2431 3916 3566
3 2431 1157 3916
3 3566 3916 1079
3 727 2072 2769
3 2072 3197 2769
3 2072 1187 3197
3 2769 3197 1109
3 1055 4155 4098
3 4155 4156 4098
3 4155 1195 4156
3 4098 4156 816
3 1012 3556 1812
3 3556 1665 1812
3 3556 1200 1665
3 1812 1665 588
3 201 3974 200
3 3974 4103 200
3 3974 1203 4103
3 200 4103 63
3 763 2998 4030
3 2998 4157 4030
3 2998 1142 4157
3 4030 4157 1101
3 56 1882 4158
3 1882 4128 4158
3 1882 1133 4128
3 4158 4128 1062
3 783 3190 3755
3 3190 4159 3755
3 3190 1171 4159
3 3755 4159 649
3 565 4160 3751
3 4160 4109 3751
3 4160 1057 4109
3 3751 4109 568
3 571 3900 4149
3 3900 4161 4149
3 3900 1186 4161
3 4149 4161 597
3 461 1723 3727
3 1723 3130 3727
3 1723 1092 3130
3 3727 3130 974
3 1035 4162 4164
3 4162 4163 4164
3 4162 1166 4163
3 4164 4163 456
3 425 3424 3990
3 3424 3576 3990
3 3424 1067 3576
3 3990 3576 1066
3 387 4130 3855
3 4130 4105 3855
3 4130 1028 4105
3 3855 4105 383
3 389 4151 3894
3 4151 1477 3894
3 4151 1047 1477
3 3894 1477 620
3 569 4165 3886
3 4165 4160 3886
3 4165 1057 4160
3 3886 4160 565
3 394 1994 3622
3 1994 4134 3622
3 1994 1107 4134
3 3622 4134 393
3 947 4015 3952
3 4015 4004 3952
3 4015 1167 4004
3 3952 4004 948
3 1014 4166 3765
3 4166 2001 3765
3 4166 1146 2001
3 3765 2001 634
3 560 4167 3380
3 4167 3922 3380
3 4167 914 3922
3 3380 3922 550
3 871 4168 3255
3 4168 3923 3255
3 4168 1135 3923
3 3255 3923 910
3 413 3350 3430
3 3350 1565 3430
3 3350 1117 1565
3 3430 1565 921
3 527 3875 3014
3 3875 4047 3014
3 3875 1176 4047
3 3014 4047 273
3 934 2607 3879
3 2607 4147 3879
3 2607 1053 4147
3 3879 4147 705
3 549 4169 3914
3 4169 2458 3914
3 4169 1100 2458
3 3914 2458 554
3 999 4087 3734
3 4087 4152 3734
3 4087 1204 4152
3 3734 4152 386
3 463 4058 2783
3 4058 3550 2783
3 4058 1205 3550
3 2783 3550 901
3 564 4170 2983
3 4170 4155 2983
3 4170 1195 4155
3 2983 4155 1055
3 993 4171 4172
3 4171 2187 4172
3 4171 1151 2187
3 4172 2187 758
3 698 1643 3282
3 1643 3306 3282
3 1643 1105 3306
3 3282 3306 972
3 438 3776 3881
3 3776 4173 3881
3 3776 1074 4173
3 3881 4173 372
3 689 4085 4050
3 4085 3345 4050
3 4085 1064 3345
3 4050 3345 994
3 554 3882 3915
3 3882 4144 3915
3 3882 1051 4144
3 3915 4144 553
3 737 4081 4135
3 4081 1470 4135
3 4081 1198 1470
3 4135 1470 810
3 651 4174 3749
3 4174 4118 3749
3 4174 1188 4118
3 3749 4118 656
3 973 4132 4089
3 4132 4175 4089
3 4132 1189 4175
3 4089 4175 1065
3 1007 3105 3867
3 3105 1976 3867
3 3105 1111 1976
3 3867 1976 935
3 1082 4176 3447
3 4176 4170 3447
3 4176 1195 4170
3 3447 4170 564
3 876 3022 3147
3 3022 4177 3147
3 3022 1146 4177
3 3147 4177 956
3 372 4173 3568
3 4173 4178 3568
3 4173 1074 4178
3 3568 4178 370
3 991 4179 3410
3 4179 2028 3410
3 4179 1192 2028
3 3410 2028 420
3 1058 4061 3837
3 4061 4131 3837
3 4061 1099 4131
3 3837 4131 741
3 87 4036 86
3 4036 4082 86
3 4036 1190 4082
3 86 4082 7
3 735 1895 3327
3 1895 3753 3327
3 1895 1128 3753
3 3327 3753 932
3 1142 4180 4181
3 4180 4035 4181
3 4180 1190 4035
3 4181 4035 759
3 611 3917 3687
3 3917 3870 3687
3 3917 1126 3870
3 3687 3870 718
3 854 4076 4182
3 4076 3315 4182
3 4076 1194 3315
3 4182 3315 1034
3 571 4150 4044
3 4150 1281 4044
3 4150 596 1281
3 4044 1281 563
3 751 4183 4154
3 4183 4162 4154
3 4183 1166 4162
3 4154 4162 1035
3 1042 3527 3985
3 3527 4184 3985
3 3527 1108 4184
3 3985 4184 782
3 731 4185 4013
3 4185 4078 4013
3 4185 1156 4078
3 4013 4078 734
3 1040 4186 1303
3 4186 3595 1303
3 4186 1153 3595
3 1303 3595 797
3 938 2100 3288
3 2100 3244 3288
3 2100 1140 3244
3 3288 3244 289
3 569 2051 4165
3 2051 3852 4165
3 2051 1165 3852
3 4165 3852 1057
3 129 4114 3731
3 4114 1462 3731
3 4114 1116 1462
3 3731 1462 698
3 726 4187 3689
3 4187 4188 3689
3 4187 1138 4188
3 3689 4188 842
3 724 4133 4045
3 4133 1811 4045
3 4133 1012 1811
3 4045 1811 761
3 542 4002 3533
3 4002 4169 3533
3 4002 1100 4169
3 3533 4169 549
3 412 1569 1338
3 1569 4186 1338
3 1569 1153 4186
3 1338 4186 1040
3 758 1850 4172
3 1850 3210 4172
3 1850 1152 3210
3 4172 3210 993
3 467 2552 4190
3 2552 4189 4190
3 2552 1211 4189
3 4190 4189 1166
3 956 4177 3960
3 4177 4166 3960
3 4177 1146 4166
3 3960 4166 1014
3 764 3931 3007
3 3931 4043 3007
3 3931 1191 4043
3 3007 4043 1050
3 950 4102 1898
3 4102 4028 1898
3 4102 1148 4028
3 1898 4028 432
3 854 4191 3694
3 4191 3975 3694
3 4191 1141 3975
3 3694 3975 532
3 653 4146 3833
3 4146 4116 3833
3 4146 1069 4116
3 3833 4116 655
3 675 2220 3498
3 2220 4192 3498
3 2220 1199 4192
3 3498 4192 726
3 426 3756 3438
3 3756 3763 3438
3 3756 1181 3763
3 3438 3763 440
3 1030 1460 3242
3 1460 4120 3242
3 1460 1095 4120
3 3242 4120 702
3 370 4178 3887
3 4178 1838 3887
3 4178 1074 1838
3 3887 1838 867
3 456 1694 4164
3 1694 3076 4164
3 1694 1111 3076
3 4164 3076 1035
3 747 1227 3333
3 1227 4108 3333
3 1227 1091 4108
3 3333 4108 28
3 636 2261 2863
3 2261 3711 2863
3 2261 1185 3711
3 2863 3711 603
3 738 4005 3826
3 4005 4093 3826
3 4005 1167 4093
3 3826 4093 510
3 1135 4193 3924
3 4193 2341 3924
3 4193 1154 2341
3 3924 2341 911
3 773 4062 3573
3 4062 4111 3573
3 4062 1169 4111
3 3573 4111 459
3 573 4107 3925
3 4107 3702 3925
3 4107 1120 3702
3 3925 3702 578
3 595 4194 4060
3 4194 4171 4060
3 4194 1151 4171
3 4060 4171 993
3 744 4195 3496
3 4195 3789 3496
3 4195 1189 3789
3 3496 3789 975
3 1059 1661 4125
3 1661 4126 4125
3 1661 1106 4126
3 4125 4126 427
3 926 4104 1950
3 4104 3973 1950
3 4104 1203 3973
3 1950 3973 814
3 719 4145 3676
3 4145 4194 3676
3 4145 1151 4194
3 3676 4194 595
3 1024 3649 3788
3 3649 4196 3788
3 3649 1112 4196
3 3788 4196 798
3 501 4143 3643
3 4143 4197 3643
3 4143 1123 4197
3 3643 4197 841
3 385 4153 3760
3 4153 3950 3760
3 4153 1204 3950
3 3760 3950 388
3 715 4198 3487
3 4198 1352 3487
3 4198 1172 1352
3 3487 1352 801
3 939 4122 3298
3 4122 4199 3298
3 4122 1173 4199
3 3298 4199 844
3 54 4200 2295
3 4200 4019 2295
3 4200 1179 4019
3 2295 4019 861
3 1108 4201 4184
3 4201 4080 4184
3 4201 1196 4080
3 4184 4080 782
3 1011 4202 3714
3 4202 3937 3714
3 4202 1175 3937
3 3714 3937 628
3 713 1756 4039
3 1756 4124 4039
3 1756 1129 4124
3 4039 4124 1078
3 765 4129 3840
3 4129 1730 3840
3 4129 1133 1730
3 3840 1730 957
3 467 4190 1596
3 4190 4203 1596
3 4190 1166 4203
3 1596 4203 1056
3 1065 4204 3809
3 4204 4110 3809
3 4204 1174 4110
3 3809 4110 686
3 1056 4203 3838
3 4203 4183 3838
3 4203 1166 4183
3 3838 4183 751
3 487 4115 3302
3 4115 2836 3302
3 4115 1163 2836
3 3302 2836 1015
3 842 4188 3525
3 4188 4205 3525
3 4188 1138 4205
3 3525 4205 1119
3 940 4206 3832
3 4206 2123 3832
3 4206 1130 2123
3 3832 2123 941
3 1062 4207 4158
3 4207 4067 4158
3 4207 1180 4067
3 4158 4067 56
3 726 4192 4208
3 4192 2499 4208
3 4192 1199 2499
3 4208 2499 1098
3 1036 4209 3876
3 4209 4210 3876
3 4209 1193 4210
3 3876 4210 608
3 650 3579 2357
3 3579 4174 2357
3 3579 1188 4174
3 2357 4174 651
3 1015 2239 3861
3 2239 3996 3861
3 2239 1158 3996
3 3861 3996 722
3 1041 4211 4140
3 4211 4209 4140
3 4211 1193 4209
3 4140 4209 1036
3 633 4212 3500
3 4212 4011 3500
3 4212 1210 4011
3 3500 4011 512
3 855 2083 3956
3 2083 4213 3956
3 2083 1147 4213
3 3956 4213 682
3 696 4214 4051
3 4214 4215 4051
3 4214 1115 4215
3 4051 4215 1048
3 405 4216 3901
3 4216 4206 3901
3 4216 1130 4206
3 3901 4206 940
3 1010 1683 4012
3 1683 4065 4012
3 1683 1134 4065
3 4012 4065 288
3 557 3577 3927
3 3577 4201 3927
3 3577 1196 4201
3 3927 4201 1108
3 966 4217 3999
3 4217 3413 3999
3 4217 1162 3413
3 3999 3413 443
3 1009 3351 3386
3 3351 4052 3386
3 3351 1164 4052
3 3386 4052 421
3 841 4197 3404
3 4197 3823 3404
3 4197 1123 3823
3 3404 3823 1061
3 761 1796 4046
3 1796 4214 4046
3 1796 1115 4214
3 4046 4214 696
3 1077 4218 2195
3 4218 4123 2195
3 4218 1168 4123
3 2195 4123 529
3 982 2183 4099
3 2183 1357 4099
3 2183 1139 1357
3 4099 1357 783
3 405 3972 4216
3 3972 4219 4216
3 3972 1132 4219
3 4216 4219 1130
3 1016 1466 2460
3 1466 4220 2460
3 1466 1154 4220
3 2460 4220 633
3 1130 4219 2937
3 4219 3807 2937
3 4219 1132 3807
3 2937 3807 768
3 838 4142 3592
3 4142 3697 3592
3 4142 1159 3697
3 3592 3697 1019
3 644 3967 4069
3 3967 4221 4069
3 3967 1208 4221
3 4069 4221 1112
3 1112 4221 4196
3 4221 3979 4196
3 4221 1208 3979
3 4196 3979 798
3 1003 4222 3932
3 4222 1521 3932
3 4222 1147 1521
3 3932 1521 829
3 770 1720 2818
3 1720 4223 2818
3 1720 1184 4223
3 2818 4223 995
3 730 3226 4037
3 3226 4185 4037
3 3226 1156 4185
3 4037 4185 731
3 1022 2394 3684
3 2394 4096 3684
3 2394 1149 4096
3 3684 4096 494
3 775 4148 1685
3 4148 4217 1685
3 4148 1162 4217
3 1685 4217 966
3 1101 4157 2185
3 4157 4181 2185
3 4157 1142 4181
3 2185 4181 759
3 1034 4224 4182
3 4224 4225 4182
3 4224 1170 4225
3 4182 4225 854
3 755 1908 1510
3 1908 4179 1510
3 1908 1192 4179
3 1510 4179 991
3 788 4226 3269
3 4226 3899 3269
3 4226 1186 3899
3 3269 3899 812
3 865 3275 3179
3 3275 4211 3179
3 3275 1193 4211
3 3179 4211 1041
3 600 3843 4042
3 3843 3143 4042
3 3843 1209 3143
3 4042 3143 598
3 1141 4227 2510
3 4227 2280 2510
3 4227 1170 2280
3 2510 2280 148
3 1098 2211 4208
3 2211 4187 4208
3 2211 1138 4187
3 4208 4187 726
3 608 4210 4090
3 4210 3274 4090
3 4210 1193 3274
3 4090 3274 1118
3 649 4159 3965
3 4159 4228 3965
3 4159 1171 4228
3 3965 4228 1029
3 1052 3518 2311
3 3518 4198 2311
3 3518 1172 4198
3 2311 4198 715
3 995 4223 4074
3 4223 2496 4074
3 4223 1184 2496
3 4074 2496 567
3 816 4156 4070
3 4156 4229 4070
3 4156 1195 4229
3 4070 4229 743
3 1019 4230 3593
3 4230 4202 3593
3 4230 1175 4202
3 3593 4202 1011
3 766 4020 3883
3 4020 4231 3883
3 4020 1179 4231
3 3883 4231 1062
3 682 4213 4025
3 4213 4222 4025
3 4213 1147 4222
3 4025 4222 1003
3 1166 4189 4163
3 4189 1857 4163
3 4189 1211 1857
3 4163 1857 456
3 810 1472 4232
3 1472 3559 4232
3 1472 1183 3559
3 4232 3559 1182
3 879 3748 3411
3 3748 3868 3411
3 3748 1127 3868
3 3411 3868 1126
3 748 3957 4068
3 3957 4218 4068
3 3957 1168 4218
3 4068 4218 1077
3 1119 4205 4024
3 4205 4112 4024
3 4205 1138 4112
3 4024 4112 17
3 1186 4233 4161
3 4233 2071 4161
3 4233 1187 2071
3 4161 2071 597
3 854 4225 4191
3 4225 4227 4191
3 4225 1170 4227
3 4191 4227 1141
3 391 2222 4113
3 2222 3928 4113
3 2222 1202 3928
3 4113 3928 1006
3 844 4199 3537
3 4199 3850 3537
3 4199 1173 3850
3 3537 3850 1104
3 1048 4215 2914
3 4215 2425 2914
3 4215 1115 2425
3 2914 2425 574
3 633 4220 4234
3 4220 4193 4234
3 4220 1154 4193
3 4234 4193 1135
3 744 3207 4235
3 3207 4204 4235
3 3207 1174 4204
3 4235 4204 1065
3 1118 3981 4091
3 3981 3803 4091
3 3981 1127 3803
3 4091 3803 609
3 1065 4175 4235
3 4175 4195 4235
3 4175 1189 4195
3 4235 4195 744
3 809 3892 3628
3 3892 4236 3628
3 3892 1175 4236
3 3628 4236 992
3 810 4232 4136
3 4232 3890 4136
3 4232 1182 3890
3 4136 3890 809
3 335 2281 2537
3 2281 4224 2537
3 2281 1170 4224
3 2537 4224 1034
3 1029 4228 3857
3 4228 4237 3857
3 4228 1171 4237
3 3857 4237 1102
3 54 2675 4200
3 2675 4238 4200
3 2675 1180 4238
3 4200 4238 1179
3 817 3316 4097
3 3316 4086 4097
3 3316 1194 4086
3 4097 4086 1055
3 871 3920 4168
3 3920 4239 4168
3 3920 1210 4239
3 4168 4239 1135
3 1102 4237 4240
3 4237 3189 4240
3 4237 1171 3189
3 4240 3189 745
3 1135 4239 4234
3 4239 4212 4234
3 4239 1210 4212
3 4234 4212 633
3 745 1702 4240
3 1702 3987 4240
3 1702 1178 3987
3 4240 3987 1102
3 1179 4238 4231
3 4238 4207 4231
3 4238 1180 4207
3 4231 4207 1062
3 6 4083 2997
3 4083 4180 2997
3 4083 1190 4180
3 2997 4180 1142
3 743 4229 4100
3 4229 4176 4100
3 4229 1195 4176
3 4100 4176 1082
3 1017 4095 3930
3 4095 4141 3930
3 4095 1159 4141
3 3930 4141 1005
3 992 4236 2820
3 4236 4230 2820
3 4236 1175 4230
3 2820 4230 1019
3 788 3198 4226
3 3198 4233 4226
3 3198 1187 4233
3 4226 4233 1186
3 39 1703 153
3 1703 1664 153
3 1703 745 1664
3 153 1664 38
3 93 94 4241
3 94 95 4241
3 94 10 95
3 4241 95 11
3 11 1669 4241
3 1669 3334 4241
3 1669 772 3334
3 4241 3334 93
3 13 2144 97
3 2144 3558 97
3 2144 508 3558
3 97 3558 12
3 14 4242 98
3 4242 1929 98
3 4242 832 1929
3 98 1929 13
3 15 2438 99
3 2438 4242 99
3 2438 832 4242
3 99 4242 14
3 183 2676 182
3 2676 181 182
3 2676 54 181
3 182 181 55
3 71 3590 225
3 3590 1791 225
3 3590 610 1791
3 225 1791 224
3 563 1280 3995
3 1280 4167 3995
3 1280 914 4167
3 3995 4167 560
3 837 1283 3991
3 1283 4053 3991
3 1283 1073 4053
3 3991 4053 836

CELL_TYPES 8559
1
1
1
1
1
1
1
1
1
1
1
1
1
1
1
1
1
1
1
1
1
1
1
1
1
1
1
1
1
1
1
1
1
1
1
1
1
1
1
1
1
1
1
1
1
1
1
1
1
1
1
1
1
1
1
1
1
1
1
1
1
1
1
1
1
1
1
1
1
1
1
1
1
1
1
1
1
1
1
3
3
3
3
3
3
3
3
3
3
3
3
3
3
3
3
3
3
3
3
3
3
3
3
3
3
3
3
3
3
3
3
3
3
3
3
3
3
3
3
3
3
3
3
3
3
3
3
3
3
3
3
3
3
3
3
3
3
3
3
3
3
3
3
3
3
3
3
3
3
3
3
3
3
3
3
3
3
3
3
3
3
3
3
3
3
3
3
3
3
3
3
3
3
3
3
3
3
3
3
3
3
3
3
3
3
3
3
3
3
3
3
3
3
3
3
3
3
3
3
3
3
3
3
3
3
3
3
3
3
3
3
3
3
3
3
3
3
3
3
3
3
3
3
3
3
3
3
3
3
3
3
3
3
3
3
3
3
3
3
3
3
3
3
3
3
3
3
3
3
3
3
3
3
3
3
3
3
3
3
3
3
3
3
3
3
3
3
3
3
3
3
3
3
3
3
3
3
3
3
3
3
3
3
3
3
3
3
3
3
3
3
3
3
3
3
3
3
3
3
3
3
3
3
3
3
3
3
3
3
3
3
3
3
3
3
3
3
3
3
5
5
5
5
5
5
5
5
5
5
5
5
5
5
5
5
5
5
5
5
5
5
5
5
5
5
5
5
5
5
5
5
5
5
5
5
5
5
5
5
5
5
5
5
5
5
5
5
5
5
5
5
5
5
5
5
5
5
5
5
5
5
5
5
5
5
5
5
5
5
5
5
5
5
5
5
5
5
5
5
5
5
5
5
5
5
5
5
5
5
5
5
5
5
5
5
5
5
5
5
5
5
5
5
5
5
5
5
5
5
5
5
5
5
5
5
5
5
5
5
5
5
5
5
5
5
5
5
5
5
5
5
5
5
5
5
5
5
5
5
5
5
5
5
5
5
5
5
5
5
5
5
5
5
5
5
5
5
5
5
5
5
5
5
5
5
5
5
5
5
5
5
5
5
5
5
5
5
5
5
5
5
5
5
5
5
5
5
5
5
5
5
5
5
5
5
5
5
5
5
5
5
5
5
5
5
5
5
5
5
5
5
5
5
5
5
5
5
5
5
5
5
5
5
5
5
5
5
5
5
5
5
5
5
5
5
5
5
5
5
5
5
5
5
5
5
5
5
5
5
5
5
5
5
5
5
5
5
5
5
5
5
5
5
5
5
5
5
5
5
5
5
5
5
5
5
5
5
5
5
5
5
5
5
5
5
5
5
5
5
5
5
5
5
5
5
5
5
5
5
5
5
5
5
5
5
5
5
5
5
5
5
5
5
5
5
5
5
5
5
5
5
5
5
5
5
5
5
5
5
5
5
5
5
5
5
5
5
5
5
5
5
5
5
5
5
5
5
5
5
5
5
5
5
5
5
5
5
5
5
5
5
5
5
5
5
5
5
5
5
5
5
5
5
5
5
5
5
5
5
5
5
5
5
5
5
5
5
5
5
5
5
5
5
5
5
5
5
5
5
5
5
5
5
5
5
5
5
5
5
5
5
5
5
5
5
5
5
5
5
5
5
5
5
5
5
5
5
5
5
5
5
5
5
5
5
5
5
5
5
5
5
5
5
5
5
5
5
5
5
5
5
5
5
5
5
5
5
5
5
5
5
5
5
5
5
5
5
5
5
5
5
5
5
5
5
5
5
5
5
5
5
5
5
5
5
5
5
5
5
5
5
5
5
5
5
5
5
5
5
5
5
5
5
5
5
5
5
5
5
5
5
5
5
5
5
5
5
5
5
5
5
5
5
5
5
5
5
5
5
5
5
5
5
5
5
5
5
5
5
5
5
5
5
5
5
5
5
5
5
5
5
5
5
5
5
5
5
5
5
5
5
5
5
5
5
5
5
5
5
5
5
5
5
5
5
5
5
5
5
5
5
5
5
5
5
5
5
5
5
5
5
5
5
5
5
5
5
5
5
5
5
5
5
5
5
5
5
5
5
5
5
5
5
5
5
5
5
5
5
5
5
5
5
5
5
5
5
5
5
5
5
5
5
5
5
5
5
5
5
5
5
5
5
5
5
5
5
5
5
5
5
5
5
5
5
5
5
5
5
5
5
5
5
5
5
5
5
5
5
5
5
5
5
5
5
5
5
5
5
5
5
5
5
5
5
5
5
5
5
5
5
5
5
5
5
5
5
5
5
5
5
5
5
5
5
5
5
5
5
5
5
5
5
5
5
5
5
5
5
5
5
5
5
5
5
5
5
5
5
5
5
5
5
5
5
5
5
5
5
5
5
5
5
5
5
5
5
5
5
5
5
5
5
5
5
5
5
5
5
5
5
5
5
5
5
5
5
5
5
5
5
5
5
5
5
5
5
5
5
5
5
5
5
5
5
5
5
5
5
5
5
5
5
5
5
5
5
5
5
5
5
5
5
5
5
5
5
5
5
5
5
5
5
5
5
5
5
5
5
5
5
5
5
5
5
5
5
5
5
5
5
5
5
5
5
5
5
5
5
5
5
5
5
5
5
5
5
5
5
5
5
5
5
5
5
5
5
5
5
5
5
5
5
5
5
5
5
5
5
5
5
5
5
5
5
5
5
5
5
5
5
5
5
5
5
5
5
5
5
5
5
5
5
5
5
5
5
5
5
5
5
5
5
5
5
5
5
5
5
5
5
5
5
5
5
5
5
5
5
5
5
5
5
5
5
5
5
5
5
5
5
5
5
5
5
5
5
5
5
5
5
5
5
5
5
5
5
5
5
5
5
5
5
5
5
5
5
5
5
5
5
5
5
5
5
5
5
5
5
5
5
5
5
5
5
5
5
5
5
5
5
5
5
5
5
5
5
5
5
5
5
5
5
5
5
5
5
5
5
5
5
5
5
5
5
5
5
5
5
5
5
5
5
5
5
5
5
5
5
5
5
5
5
5
5
5
5
5
5
5
5
5
5
5
5
5
5
5
5
5
5
5
5
5
5
5
5
5
5
5
5
5
5
5
5
5
5
5
5
5
5
5
5
5
5
5
5
5
5
5
5
5
5
5
5
5
5
5
5
5
5
5
5
5
5
5
5
5
5
5
5
5
5
5
5
5
5
5
5
5
5
5
5
5
5
5
5
5
5
5
5
5
5
5
5
5
5
5
5
5
5
5
5
5
5
5
5
5
5
5
5
5
5
5
5
5
5
5
5
5
5
5
5
5
5
5
5
5
5
5
5
5
5
5
5
5
5
5
5
5
5
5
5
5
5
5
5
5
5
5
5
5
5
5
5
5
5
5
5
5
5
5
5
5
5
5
5
5
5
5
5
5
5
5
5
5
5
5
5
5
5
5
5
5
5
5
5
5
5
5
5
5
5
5
5
5
5
5
5
5
5
5
5
5
5
5
5
5
5
5
5
5
5
5
5
5
5
5
5
5
5
5
5
5
5
5
5
5
5
5
5
5
5
5
5
5
5
5
5
5
5
5
5
5
5
5
5
5
5
5
5
5
5
5
5
5
5
5
5
5
5
5
5
5
5
5
5
5
5
5
5
5
5
5
5
5
5
5
5
5
5
5
5
5
5
5
5
5
5
5
5
5
5
5
5
5
5
5
5
5
5
5
5
5
5
5
5
5
5
5
5
5
5
5
5
5
5
5
5
5
5
5
5
5
5
5
5
5
5
5
5
5
5
5
5
5
5
5
5
5
5
5
5
5
5
5
5
5
5
5
5
5
5
5
5
5
5
5
5
5
5
5
5
5
5
5
5
5
5
5
5
5
5
5
5
5
5
5
5
5
5
5
5
5
5
5
5
5
5
5
5
5
5
5
5
5
5
5
5
5
5
5
5
5
5
5
5
5
5
5
5
5
5
5
5
5
5
5
5
5
5
5
5
5
5
5
5
5
5
5
5
5
5
5
5
5
5
5
5
5
5
5
5
5
5
5
5
5
5
5
5
5
5
5
5
5
5
5
5
5
5
5
5
5
5
5
5
5
5
5
5
5
5
5
5
5
5
5
5
5
5
5
5
5
5
5
5
5
5
5
5
5
5
5
5
5
5
5
5
5
5
5
5
5
5
5
5
5
5
5
5
5
5
5
5
5
5
5
5
5
5
5
5
5
5
5
5
5
5
5
5
5
5
5
5
5
5
5
5
5
5
5
5
5
5
5
5
5
5
5
5
5
5
5
5
5
5
5
5
5
5
5
5
5
5
5
5
5
5
5
5
5
5
5
5
5
5
5
5
5
5
5
5
5
5
5
5
5
5
5
5
5
5
5
5
5
5
5
5
5
5
5
5
5
5
5
5
5
5
5
5
5
5
5
5
5
5
5
5
5
5
5
5
5
5
5
5
5
5
5
5
5
5
5
5
5
5
5
5
5
5
5
5
5
5
5
5
5
5
5
5
5
5
5
5
5
5
5
5
5
5
5
5
5
5
5
5
5
5
5
5
5
5
5
5
5
5
5
5
5
5
5
5
5
5
5
5
5
5
5
5
5
5
5
5
5
5
5
5
5
5
5
5
5
5
5
5
5
5
5
5
5
5
5
5
5
5
5
5
5
5
5
5
5
5
5
5
5
5
5
5
5
5
5
5
5
5
5
5
5
5
5
5
5
5
5
5
5
5
5
5
5
5
5
5
5
5
5
5
5
5
5
5
5
5
5
5
5
5
5
5
5
5
5
5
5
5
5
5
5
5
5
5
5
5
5
5
5
5
5
5
5
5
5
5
5
5
5
5
5
5
5
5
5
5
5
5
5
5
5
5
5
5
5
5
5
5
5
5
5
5
5
5
5
5
5
5
5
5
5
5
5
5
5
5
5
5
5
5
5
5
5
5
5
5
5
5
5
5
5
5
5
5
5
5
5
5
5
5
5
5
5
5
5
5
5
5
5
5
5
5
5
5
5
5
5
5
5
5
5
5
5
5
5
5
5
5
5
5
5
5
5
5
5
5
5
5
5
5
5
5
5
5
5
5
5
5
5
5
5
5
5
5
5
5
5
5
5
5
5
5
5
5
5
5
5
5
5
5
5
5
5
5
5
5
5
5
5
5
5
5
5
5
5
5
5
5
5
5
5
5
5
5
5
5
5
5
5
5
5
5
5
5
5
5
5
5
5
5
5
5
5
5
5
5
5
5
5
5
5
5
5
5
5
5
5
5
5
5
5
5
5
5
5
5
5
5
5
5
5
5
5
5
5
5
5
5
5
5
5
5
5
5
5
5
5
5
5
5
5
5
5
5
5
5
5
5
5
5
5
5
5
5
5
5
5
5
5
5
5
5
5
5
5
5
5
5
5
5
5
5
5
5
5
5
5
5
5
5
5
5
5
5
5
5
5
5
5
5
5
5
5
5
5
5
5
5
5
5
5
5
5
5
5
5
5
5
5
5
5
5
5
5
5
5
5
5
5
5
5
5
5
5
5
5
5
5
5
5
5
5
5
5
5
5
5
5
5
5
5
5
5
5
5
5
5
5
5
5
5
5
5
5
5
5
5
5
5
5
5
5
5
5
5
5
5
5
5
5
5
5
5
5
5
5
5
5
5
5
5
5
5
5
5
5
5
5
5
5
5
5
5
5
5
5
5
5
5
5
5
5
5
5
5
5
5
5
5
5
5
5
5
5
5
5
5
5
5
5
5
5
5
5
5
5
5
5
5
5
5
5
5
5
5
5
5
5
5
5
5
5
5
5
5
5
5
5
5
5
5
5
5
5
5
5
5
5
5
5
5
5
5
5
5
5
5
5
5
5
5
5
5
5
5
5
5
5
5
5
5
5
5
5
5
5
5
5
5
5
5
5
5
5
5
5
5
5
5
5
5
5
5
5
5
5
5
5
5
5
5
5
5
5
5
5
5
5
5
5
5
5
5
5
5
5
5
5
5
5
5
5
5
5
5
5
5
5
5
5
5
5
5
5
5
5
5
5
5
5
5
5
5
5
5
5
5
5
5
5
5
5
5
5
5
5
5
5
5
5
5
5
5
5
5
5
5
5
5
5
5
5
5
5
5
5
5
5
5
5
5
5
5
5
5
5
5
5
5
5
5
5
5
5
5
5
5
5
5
5
5
5
5
5
5
5
5
5
5
5
5
5
5
5
5
5
5
5
5
5
5
5
5
5
5
5
5
5
5
5
5
5
5
5
5
5
5
5
5
5
5
5
5
5
5
5
5
5
5
5
5
5
5
5
5
5
5
5
5
5
5
5
5
5
5
5
5
5
5
5
5
5
5
5
5
5
5
5
5
5
5
5
5
5
5
5
5
5
5
5
5
5
5
5
5
5
5
5
5
5
5
5
5
5
5
5
5
5
5
5
5
5
5
5
5
5
5
5
5
5
5
5
5
5
5
5
5
5
5
5
5
5
5
5
5
5
5
5
5
5
5
5
5
5
5
5
5
5
5
5
5
5
5
5
5
5
5
5
5
5
5
5
5
5
5
5
5
5
5
5
5
5
5
5
5
5
5
5
5
5
5
5
5
5
5
5
5
5
5
5
5
5
5
5
5
5
5
5
5
5
5
5
5
5
5
5
5
5
5
5
5
5
5
5
5
5
5
5
5
5
5
5
5
5
5
5
5
5
5
5
5
5
5
5
5
5
5
5
5
5
5
5
5
5
5
5
5
5
5
5
5
5
5
5
5
5
5
5
5
5
5
5
5
5
5
5
5
5
5
5
5
5
5
5
5
5
5
5
5
5
5
5
5
5
5
5
5
5
5
5
5
5
5
5
5
5
5
5
5
5
5
5
5
5
5
5
5
5
5
5
5
5
5
5
5
5
5
5
5
5
5
5
5
5
5
5
5
5
5
5
5
5
5
5
5
5
5
5
5
5
5
5
5
5
5
5
5
5
5
5
5
5
5
5
5
5
5
5
5
5
5
5
5
5
5
5
5
5
5
5
5
5
5
5
5
5
5
5
5
5
5
5
5
5
5
5
5
5
5
5
5
5
5
5
5
5
5
5
5
5
5
5
5
5
5
5
5
5
5
5
5
5
5
5
5
5
5
5
5
5
5
5
5
5
5
5
5
5
5
5
5
5
5
5
5
5
5
5
5
5
5
5
5
5
5
5
5
5
5
5
5
5
5
5
5
5
5
5
5
5
5
5
5
5
5
5
5
5
5
5
5
5
5
5
5
5
5
5
5
5
5
5
5
5
5
5
5
5
5
5
5
5
5
5
5
5
5
5
5
5
5
5
5
5
5
5
5
5
5
5
5
5
5
5
5
5
5
5
5
5
5
5
5
5
5
5
5
5
5
5
5
5
5
5
5
5
5
5
5
5
5
5
5
5
5
5
5
5
5
5
5
5
5
5
5
5
5
5
5
5
5
5
5
5
5
5
5
5
5
5
5
5
5
5
5
5
5
5
5
5
5
5
5
5
5
5
5
5
5
5
5
5
5
5
5
5
5
5
5
5
5
5
5
5
5
5
5
5
5
5
5
5
5
5
5
5
5
5
5
5
5
5
5
5
5
5
5
5
5
5
5
5
5
5
5
5
5
5
5
5
5
5
5
5
5
5
5
5
5
5
5
5
5
5
5
5
5
5
5
5
5
5
5
5
5
5
5
5
5
5
5
5
5
5
5
5
5
5
5
5
5
5
5
5
5
5
5
5
5
5
5
5
5
5
5
5
5
5
5
5
5
5
5
5
5
5
5
5
5
5
5
5
5
5
5
5
5
5
5
5
5
5
5
5
5
5
5
5
5
5
5
5
5
5
5
5
5
5
5
5
5
5
5
5
5
5
5
5
5
5
5
5
5
5
5
5
5
5
5
5
5
5
5
5
5
5
5
5
5
5
5
5
5
5
5
5
5
5
5
5
5
5
5
5
5
5
5
5
5
5
5
5
5
5
5
5
5
5
5
5
5
5
5
5
5
5
5
5
5
5
5
5
5
5
5
5
5
5
5
5
5
5
5
5
5
5
5
5
5
5
5
5
5
5
5
5
5
5
5
5
5
5
5
5
5
5
5
5
5
5
5
5
5
5
5
5
5
5
5
5
5
5
5
5
5
5
5
5
5
5
5
5
5
5
5
5
5
5
5
5
5
5
5
5
5
5
5
5
5
5
5
5
5
5
5
5
5
5
5
5
5
5
5
5
5
5
5
5
5
5
5
5
5
5
5
5
5
5
5
5
5
5
5
5
5
5
5
5
5
5
5
5
5
5
5
5
5
5
5
5
5
5
5
5
5
5
5
5
5
5
5
5
5
5
5
5
5
5
5
5
5
5
5
5
5
5
5
5
5
5
5
5
5
5
5
5
5
5
5
5
5
5
5
5
5
5
5
5
5
5
5
5
5
5
5
5
5
5
5
5
5
5
5
5
5
5
5
5
5
5
5
5
5
5
5
5
5
5
5
5
5
5
5
5
5
5
5
5
5
5
5
5
5
5
5
5
5
5
5
5
5
5
5
5
5
5
5
5
5
5
5
5
5
5
5
5
5
5
5
5
5
5
5
5
5
5
5
5
5
5
5
5
5
5
5
5
5
5
5
5
5
5
5
5
5
5
5
5
5
5
5
5
5
5
5
5
5
5
5
5
5
5
5
5
5
5
5
5
5
5
5
5
5
5
5
5
5
5
5
5
5
5
5
5
5
5
5
5
5
5
5
5
5
5
5
5
5
5
5
5
5
5
5
5
5
5
5
5
5
5
5
5
5
5
5
5
5
5
5
5
5
5
5
5
5
5
5
5
5
5
5
5
5
5
5
5
5
5
5
5
5
5
5
5
5
5
5
5
5
5
5
5
5
5
5
5
5
5
5
5
5
5
5
5
5
5
5
5
5
5
5
5
5
5
5
5
5
5
5
5
5
5
5
5
5
5
5
5
5
5
5
5
5
5
5
5
5
5
5
5
5
5
5
5
5
5
5
5
5
5
5
5
5
5
5
5
5
5
5
5
5
5
5
5
5
5
5
5
5
5
5
5
5
5
5
5
5
5
5
5
5
5
5
5
5
5
5
5
5
5
5
5
5
5
5
5
5
5
5
5
5
5
5
5
5
5
5
5
5
5
5
5
5
5
5
5
5
5
5
5
5
5
5
5
5
5
5
5
5
5
5
5
5
5
5
5
5
5
5
5
5
5
5
5
5
5
5
5
5
5
5
5
5
5
5
5
5
5
5
5
5
5
5
5
5
5
5
5
5
5
5
5
5
5
5
5
5
5
5
5
5
5
5
5
5
5
5
5
5
5
5
5
5
5
5
5
5
5
5
5
5
5
5
5
5
5
5
5
5
5
5
5
5
5
5
5
5
5
5
5
5
5
5
5
5
5
5
5
5
5
5
5
5
5
5
5
5
5
5
5
5
5
5
5
5
5
5
5
5
5
5
5
5
5
5
5
5
5
5
5
5
5
5
5
5
5
5
5
5
5
5
5
5
5
5
5
5
5
5
5
5
5
5
5
5
5
5
5
5
5
5
5
5
5
5
5
5
5
5
5
5
5
5
5
5
5
5
5
5
5
5
5
5
5
5
5
5
5
5
5
5
5
5
5
5
5
5
5
5
5
5
5
5
5
5
5
5
5
5
5
5
5
5
5
5
5
5
5
5
5
5
5
5
5
5
5
5
5
5
5
5
5
5
5
5
5
5
5
5
5
5
5
5
5
5
5
5
5
5
5
5
5
5
5
5
5
5
5
5
5
5
5
5
5
5
5
5
5
5
5
5
5
5
5
5
5
5
5
5
5
5
5
5
5
5
5
5
5
5
5
5
5
5
5
5
5
5
5
5
5
5
5
5
5
5
5
5
5
5
5
5
5
5
5
5
5
5
5
5
5
5
5
5
5
5
5
5
5
5
5
5
5
5
5
5
5
5
5
5
5
5
5
5
5
5
5
5
5
5
5
5
5
5
5
5
5
5
5
5
5
5
5
5
5
5
5
5
5
5
5
5
5
5
5
5
5
5
5
5
5
5
5
5
5
5
5
5
5
5
5
5
5
5
5
5
5
5
5
5
5
5
5
5
5
5
5
5
5
5
5
5
5
5
5
5
5
5
5
5
5
5
5
5
5
5
5
5
5
5
5
5
5
5
5
5
5
5
5
5
5
5
5
5
5
5
5
5
5
5
5
5
5
5
5
5
5
5
5
5
5
5
5
5
5
5
5
5
5
5
5
5
5
5
5
5
5
5
5
5
5
5
5
5
5
5
5
5
5
5
5
5
5
5
5
5
5
5
5
5
5
5
5
5
5
5
5
5
5
5
5
5
5
5
5
5
5
5
5
5
5
5
5
5
5
5
5
5
5
5
5
5
5
5
5
5
5
5
5
5
5
5
5
5
5
5
5
5
5
5
5
5
5
5
5
5
5
5
5
5
5
5
5
5
5
5
5
5
5
5
5
5
5
5
5
5
5
5
5
5
5
5
5
5
5
5
5
5
5
5
5
5
5
5
5
5
5
5
5
5
5
5
5
5
5
5
5
5
5
5
5
5
5
5
5
5
5
5
5
5
5
5
5
5
5
5
5
5
5
5
5
5
5
5
5
5
5
5
5
5
5
5
5
5
5
5
5
5
5
5
5
5
5
5
5
5
5
5
5
5
5
5
5
5
5
5
5
5
5
5
5
5
5
5
5
5
5
5
5
5
5
5
5
5
5
5
5
5
5
5
5
5
5
5
5
5
5
5
5
5
5
5
5
5
5
5
5
5
5
5
5
5
5
5
5
5
5
5
5
5
5
5
5
5
5
5
5
5
5
5
5
5
5
5
5
5
5
5
5
5
5
5
5
5
5
5
5
5
5
5
5
5
5
5
5
5
5
5
5
5
5
5
5
5
5
5
5
5
5
5
5
5
5
5
5
5
5
5
5
5
5
5
5
5
5
5
5
5
5
5
5
5
5
5
5
5
5
5
5
5
5
5
5
5
5
5
5
5
5
5
5
5
5
5
5
5
5
5
5
5
5
5
5
5
5
5
5
5
5
5
5
5
5
5
5
5
5
5
5
5
5
5
5
5
5
5
5
5
5
5
5
5
5
5
5
5
5
5
5
5
5
5
5
5
5
5
5
5
5
5
5
5
5
5
5
5
5
5
5
5
5
5
5
5
5
5
5
5
5
5
5
5
5
5
5
5
5
5
5
5
5
5
5
5
5
5
5
5
5
5
5
5
5
5
5
5
5
5
5
5
5
5
5
5
5
5
5
5
5
5
5
5
5
5
5
5
5
5
5
5
5
5
5
5
5
5
5
5
5
5
5
5
5
5
5
5
5
5
5
5
5
5
5
5
5
5
5
5
5
5
5
5
5
5
5
5
5
5
5
5
5
5
5
5
5
5
5
5
5
5
5
5
5
5
5
5
5
5
5
5
5
5
5
5
5
5
5
5
5
5
5
5
5
5
5
5
5
5
5
5
5
5
5
5
5
5
5
5
5
5
5
5
5
5
5
5
5
5
5
5
5
5
5
5
5
5
5
5
5
5
5
5
5
5
5
5
5
5
5
5
5
5
5
5
5
5
5
5
5
5
5
5
5
5
5
5
5
5
5
5
5
5
5
5
5
5
5
5
5
5
5
5
5
5
5
5
5
5
5
5
5
5
5
5
5
5
5
5
5
5
5
5
5
5
5
5
5
5
5
5
5
5
5
5
5
5
5
5
5
5
5
5
5
5
5
5
5
5
5
5
5
5
5
5
5
5
5
5
5
5
5
5
5
5
5
5
5
5
5
5
5
5
5
5
5
5
5
5
5
5
5
5
5
5
5
5
5
5
5
5
5
5
5
5
5
5
5
5
5
5
5
5
5
5
5
5
5
5
5
5
5
5
5
5
5
5
5
5
5
5
5
5
5
5
5
5
5
5
5
5
5
5
5
5
5
5
5
5
5
5
5
5
5
5
5
5
5
5
5
5
5
5
5
5
5
5
5
5
5
5
5
5
5
5
5
5
5
5
5
5
5
5
5
5
5
5
5
5
5
5
5
5
5
5
5
5
5
5
5
5
5
5
5
5
5
5
5
5
5
5
5
5
5
5
5
5
5
5
5
5
5
5
5
5
5
5
5
5
5
5
5
5
5
5
5
5
5
5
5
5
5
5
5
5
5
5
5
5
5
5
5
5
5
5
5
5
5
5
5
5
5
5
5
5
5
5
5
5
5
5
5
5
5
5
5
5
5
5
5
5
5
5
5
5
5
5
5
5
5
5
5
5
5
5
5
5
5
5
5
5
5
5
5
5
5
5
5
5
5
5
5
5
5
5
5
5
5
5
5
5
5
5
5
5
5
5
5
5
5
5
5
5
5
5
5
5
5
5
5
5
5
5
5
5
5
5
5
5
5
5
5
5
5
5
5
5
5
5
5
5
5
5
5
5
5
5
5
5
5
5
5
5
5
5
5
5
5
5
5
5
5
5
5
5
5
5
5
5
5
5
5
5
5
5
5
5
5
5
5
5
5
5
5
5
5
5
5
5
5
5
5
5
5
5
5
5
5
5
5
5
5
5
5
5
5
5
5
5
5
5
5
5
5
5
5
5
5
5
5
5
5
5
5
5
5
5
5
5
5
5
5
5
5
5
5
5
5
5
5
5
5
5
5
5
5
5
5
5
5
5
5
5
5
5
5
5
5
5
5
5
5
5
5
5
5
5
5
5
5
5
5
5
5
5
5
5
5
5
5
5
5
5
5
5
5
5
5
5
5
5
5
5
5
5
5
5
5
5
5
5
5
5
5
5
5
5
5
5
5
5
5
5
5
5
5
5
5
5
5
5
5
5
5
5
5
5
5
5
5
5
5
5
5
5
5
5
5
5
5
5
5
5
5
5
5
5
5
5
5
5
5
5
5
5
5
5
5
5
5
5
5
5
5
5
5
5
5
5
5
5
5
5
5
5
5
5
5
5
5
5
5
5
5
5
5
5
5
5
5
5
5
5
5
5
5
5
5
5
5
5
5
5
5
5
5
5
5
5
5
5
5
5
5
5
5
5
5
5
5
5
5
5
5
5
5
5
5
5
5
5
5
5
5
5
5
5
5
5
5
5
5
5
5
5
5
5
5
5
5
5
5
5
5
5
5
5
5
5
5
5
5
5
5
5
5
5
5
5
5
5
5
5
5
5
5
5
5
5
5
5
5
5
5
5
5
5
5
5
5
5
5
5
5
5
5
5
5
5
5
5
5
5
5
5
5
5
5
5
5
5
5
5
5
5
5
5
5
5
5
5
5
5
5
5
5
5
5
5
5
5
5
5
5
5
5
5
5
5
5
5
5
5
5
5
5
5
5
5
5
5
5
5
5
5
5
5
5
5
5
5
5
5
5
5
5
5
5
5
5
5
5
5
5
5
5
5
5
5
5
5
5
5
5
5
5
5
5
5
5
5
5
5
5
5
5
5
5
5
5
5
5
5
5
5
5
5
5
5
5
5
5
5
5
5
5
5
5
5
5
5
5
5
5
5
5
5
5
5
5
5
5
5
5
5
5
5
5
5
5
5
5
5
5
5
5
5
5
5
5
5
5
5
5
5
5
5
5
5
5
5
5
5
5
5
5
5
5
5
5
5
5
5
5
5
5
5
5
5
5
5
5
5
5
5
5
5
5
5
5
5
5
5
5
5
5
5
5
5
5
5
5
5
5
5
5
5
5
5
5
5
5
5
5
5
5
5
5
5
5
5
5
5
5
5
5
5
5
5
5
5
5
5
5
5
5
5
5
5
5
5
5
5
5
5
5
5
5
5
5
5
5
5
5
5
5
5
5
5
5
5
5
5
5
5
5
5
5
5
5
5
5
5
5
5
5
5
5
5
5
5
5
5
5
5
5
5
5
5
5
5
5
5
5
5
5
5
5
5
5
5
5
5
5
5
5
5
5
5
5
5
5
5
5
5
5
5
5
5
5
5
5
5
5
5
5
5
5
5
5
5
5
5
5
5
5
5
5
5
5
5
5
5
5
5
5
5
5
5
5
5
5
5
5
5
5
5
5
5
5
5
5
5
5
5
5
5
5
5
5
5
5
5
5
5
5
5
5
5
5
5
5
5
5
5
5
5
5
5
5
5
5
5
5
5
5
5
5
5
5
5
5
5
5
5
5
5
5
5
5
5
5
5
5
5
5
5
5
5
5
5
5
5
5
5
5
5
5
5
5
5
5
5
5
5
5
5
5
5
5
5
5
5
5
5
5
5
5
5
5
5
5
5
5
5
5
5
5
5
5
5
5
5
5
5
5
5
5
5
5
5
5
5
5
5
5
5
5
5
5
5
5
5
5
5
5
5
5
5
5
5
5
5
5
5
5
5
5
5
5
5
5
5
5
5
5
5
5
5
5
5
5
5
5
5
5
5
5
5
5
5
5
5
5
5
5
5
5
5
5
5
5
5
5
5
5
5
5
5
5
5
5
5
5
5
5
5
5
5
5
5
5
5
5
5
5
5
5
5
5
5
5
5
5
5
5
5
5
5
5
5
5
5
5
5
5
5
5
5
5
5
5
5
5
5
5
5
5
5
5
5
5
5
5
5
5
5
5
5
5
5
5
5
5
5
5
5
5
5
5
5
5
5
5
5
5
5
5
5
5
5
5
5
5
5
5
5
5
5
5
5
5
5
5
5
5
5
5
5
5
5
5
5
5
5
5
5
5
5
5
5
5
5
5
5
5
5
5
5
5
5
5
5
5
5
5
5
5
5
5
5
5
5
5
5
5
5
5
5
5
5
5
5
5
5
5
5
5
5
5
5
5
5
5
5
5
5
5
5
5
5
5
5
5
5
5
5
5
5
5
5
5
5
5
5
5
5
5
5
5
5
5
5
5
5
5
5
5
5
5
5
5
5
5
5
5
5
5
5
5
5
5
5
5
5
5
5
5
5
5
5
5
5
5
5
5
5
5
5
5
5
5
5
5
5
5
5
5
5
5
5
5
5
5
5
5
5
5
5
5
5
5
5
5
5
5
5
5
5
5
5
5
5
5
5
5
5
5
5
5
5
5
5
5
5
5
5
5
5
5
5
5
5
5
5
5
5
5
5
5
5
5
5
5
5
5
5
5
5
5
5
5
5
5
5
5
5
5
5
5
5
5
5
5
5
5
5
5
5
5
5
5
5
5
5
5
5
5
5
5
5
5
5
5
5
5
5
5
5
5
5
5
5
5
5
5
5
5
5
5
5
5
5
5
5
5
5
5
5
5
5
5
5
5
5
5
5
5
5
5
5
5
5
5
5
5
5
5
5
5
5
5
5
5
5
5
5
5
5
5
5
5
5
5
5
5
5
5
5
5
5
5
5
5
5
5
5
5
5
5
5
5
5
5
5
5
5
5
5
5
5
5
5
5
5
5
5
5
5
5
5
5
5
5
5
5
5
5
5
5
5
5
5
5
5
5
5
5
5
5
5
5
5
5
5
5
5
5
5
5
5
5
5
5
5
5
5
5
5
5
5
5
5
5
5
5
5
5
5
5
5
5
5
5
5
5
5
5
5
5
5
5
5
5
5
5
5
5
5
5
5
5
5
5
5
5
5
5
5
5
5
5
5
5
5
5
5
5
5
5
5
5
5
5
5
5
5
5
5
5
5
5
5
5
5
5
5
5
5
5
5
5
5
5
5
5
5
5
5
5
5
5
5
5
5
5
5
5
5
5
5
5
5
5
5
5
5
5
5
5
5
5
5
5
5
5
5
5
5
5
5
5
5
5
5
5
5
5
5
5
5
5
5
5
5
5
5
5
5
5
5
5
5
5
5
5
5
5
5
5
5
5
5
5
5
5
5
5
5
5
5
5
5
5
5
5
5
5
5
5
5
5
5
5
5
5
5
5
5
5
5
5
5
5
5
5
5
5
5
5
5
5
5
5
5
5
5
5
5
5
5
5
5
5
5
5
5
5
5
5
5
5
5
5
5
5
5
5
5
5
5
5
5
5
5
5
5
5
5
5
5
5
5
5
5
5
5
5
5
5
5
5
5
5
5
5
5
5
5
5
5
5
5
5
5
5
5
5
5
5
5
5
5
5
5
5
5
5
5
5
5
5
5
5
5
5
5
5
5
5
5
5
5
5
5
5
5
5
5
5
5
5
5
5
5
5
5
5
5
5
5
5
5
5
5
5
5
5
5
5
5
5
5
5
5
5
5
5
5
5
5
5
5
5
5
5
5
5
5
5
5
5
5
5
5
5
5
5
5
5
5
5
5
5
5
5
5
5
5
5
5
5
5
5
5
5
5
5
5
5
5
5
5
5
5
5
5
5
5
5
5
5
5
5
5
5
5
5
5
5
5
5
5
5
5
5
5
5
5
5
5
5
5
5
5
5
5
5
5
5
5
5
5
5
5
5
5
5
5
5
5
5
5
5
5
5
5
5
5
5
5
5
5
5
5
5
5
5
5
5
5
5
5
5
5
5
5
5
5
5
5
5
5
5
5
5
5
5
5
5
5
5
5
5
5
5
5
5
5
5
5
5
5
5
5
5
5
5
5
5
5
5
5
5
5
5
5
5
5
5
5
5
5
5
5
5
5
5
5
5
5
5
5
5
5
5
5
5
5
5
5
5
5
5
5
5
5
5
5
5
5
5
5
5
5
5
5
5
5
5
5
5
5
5
5
5
5
5
5
5
5
5
5
5
5
5
5
5
5
5
5
5
5
5
5
5
5
5
5
5
5
5
5
5
5
5
5
5
5
5
5
5
5
5
5
5
5
5
5
5
5
5
5
5
5
5
5
5
5
5
5
5
5
5
5
5
5
5
5
5
5
5
5
5
5
5
5
5
5
5
5
5
5
5
5
5
5
5
5
5
5
5
5
5
5
5
5
5
5
5
5
5
5
5
5
5
5
5
5
5
5
5
5
5
5
5
5
5
5
5
5
5
5
5
5
5
5
5
5
5
5
5
5
5
5
5
5
5
5
5
5
5
5
5
5
5
5
5
5
5
5
5
5
5
5
5
5
5
5
5
5
5
5
5
5
5
5
5
5
5
5
5
5
5
5
5
5
5
5
5
5
5
5
5
5
5
5
5
5
5
5
5
5
5
5
5
5
5
5
5
5
5
5
5
5
5
5
5
5
5
5
5
5
5
5
5
5
5
5
5
5
5
5
5
5
5
5
5
5
5
5
5
5
5
5
5
5
5
5
5
5
5
5
5
5
5
5
5
5
5
5
5
5
5
5
5
5
5
5
5
5
5
5
5
5
5
5
5
5
5
5
5
5
5
5
5
5
5
5
5
5
5
5
5
5
5
5
5
5
5
5
5
5
5
5
5
5
5
5
5
5
5
5
5
5
5
5
5
5
5
5
5
5
5
5
5
5
5
5
5
5
5
5
5
5
5
5
5
5
5
5
5
5
5
5
5
5
5
5
5
5
5
5
5
5
5
5
5
5
5
5
5
5
5
5
5
5
5
5
5
5
5
5
5
5
5
5
5
5
5
5
5
5
5
5
5
5
5
5
5
5
5
5
5
5
5
5
5
5
5
5
5
5
5
5
5
5
5
5
5
5
5
5
5
5
5
5
5
5
5
5
5
5
5
5
5
5
5
5
5
5
5
5
5
5
5
5
5
5
5
5
5
5
5
5
5
5
5
5
5
5
5
5
5
5
5
5
5
5
5
5
5
5
5
5
5
5
5
5
5
5
5
5
5
5
5
5
5
5
5
5
5
5
5
5
5
5
5
5
5
5
5
5
5
5
5
5
5
5
5
5
5
5
5
5
5
5
5
5
5
5
5
5
5
5
5
5
5
5
5
5
5
5
5
5
5
5
5
5
5
5
5
5
5
5
5
5
5
5
5
5
5
5
5
5
5
5
5
5
5
5
5
5
5
5
5
5
5
5
5
5
5
5
5
5
5
5
5
5
5
5
5
5
5
5
5
5
5
5
5
5
5
5
5
5
5
5
5
5
5
5
5
5
5
5
5
5
5
5
5
5
5
5
5
5
5
5
5
5
5
5
5
5
5
5
5
5
5
5
5
5
5
5
5
5
5
5
5
5
5
5
5
5
5
5
5
5
5
5
5
5
5
5
5
5
5
5
5
5
5
5
5
5
5
5
5
5
5
5
5
5
5
5
5
5
5
5
5
5
5
5
5
5
5
5
5
5
5
5
5
5
5
5
5
5
5
5
5
5
5
5
5
5
5
5
5
5
5
5
5
5
5
5
5
5
5
5
5
5
5
5
5
5
5
5
5
5
5
5
5
5
5
5
5
5
5
5
5
5
5
5
5
5
5
5
5
5
5
5
5
5
5
5
5
5
5
5
5
5
5
5
5
5
5
5
5
5
5
5
5
5
5
5
5
5
5
5
5
5
5
5
5
5
5
5
5
5
5
5
5
5
5
5
5
5
5
5
5
5
5
5
5
5
5
5
5
5
5
5
5
5
5
5
5
5
5
5
5
5
5
5
5
5
5
5
5
5
5
5
5
5
5
5
5
5
5
5
5
5
5
5
5
5
5
5
5
5
5
5
5
5
5
5
5
5
5
5
5
5
5
5
5
5
5
5
5
5
5
5
5
5
5
5
5
5
5
5
5
5
5
5
5
5
5
5
5
5
5
5
5
5
5
5
5
5
5
5
5
5
5
5
5
5
5
5
5
5
5
5
5
5
5
5
5
5
5
5
5
5
5
5
5
5
5
5
5
5
5
5
5
5
5
5
5
5
5
5
5
5
5
5
5
5
5
5
5
5
5
5
5
5
5
5
5
5
5
5
5
5
5
5
5
5
5
5
5
5
5
5
5
5
5
5
5
5
5
5
5
5
5
5
5
5
5
5
5
5
5
5
5
5
5
5
5
5
5
5
5
5
5
5
5
5
5
5
5
5
5
5
5
5
5
5
5
5
5
5
5
5
5
5
5
5
5
5
5
5
5
5
5
5
5
5
5
5
5
5
5
5
5
5
5
5
5
5
5
5
5
5
5
5
5
5
5
5
5
5
5
5
5
5
5
5
5
5
5
5
5
5
5
5
5
5
5
5
5
5
5
5
5
5
5
5
5
5
5
5
5
5
5
5
5
5
5
5
5
5
5
5
5
5
5
5
5
5
5
5
5
5
5
5
5
5
5
5
5
5
5
5
5
5
5
5
5
5
5
5
5
5
5
5
5
5
5
5
5
5
5
5
5
5
5
5
5
5
5
5
5
5
5
5
5
5
5
5
5
5
5
5
5
5
5
5
5
5
5
5
5
5
5
5
5
5
5
5
5
5
5
5
5
5
5
5
5
5
5
5
5
5
5
5
5
5
5
5
5
5
5
5
5
5
5
5
5
5
5
5
5
5
5
5
5
